Column1,Column2,Column3,Column4,Column5,Column6,Column7,Column8,Column9,Column10,Column11,Column13,Column14,Column15,Column16,Column17,Column19,Column20,Column21,Column22,Column23,Column25,Column26,Column27,Column28,Column29,Column31,Column32,Column35
1,FY2,IT,5,24002170210035,B1,KANCHVA YASHRAJSINH ASHOKSINH,RMP,21.5,21.5,23.0,24.50,91,18.0,23.5,22.5,24.50,89,24.0,23.0,23.0,23.00,93,19.5,24.5,20.5,23.75,89,ENG
2,FY1,CE,8,24002170110071,D1,KAKANI NIHARKUMAR KISHORBHAI,NRM,23.5,20.5,23.5,24.00,92,21.5,25.0,23.0,25.00,95,17.5,22.0,24.0,19.50,83,18.5,18.5,21.5,22.50,81,GUJ
2,FY1,CE,59,24002170110154,D2,RAHUL LUMBHANI,HDS,23.0,17.5,15.5,22.75,79,17.0,22.0,24.0,25.00,88,24.5,23.5,23.0,19.75,91,20.5,22.0,24.0,23.25,90,ENG
4,FY1,CE,9,24002170110144,D1,PATEL MITESH GHANSHYAMBHAI,NRS,25.0,23.0,23.0,25.00,96,15.5,24.0,22.0,20.50,82,22.5,24.5,24.5,21.25,93,20.5,20.0,20.5,21.75,83,ENG
5,FY4,CSE,60,24002171210181,A3,SHUBHRA JYOTI BRAHMA,VSA,22.0,19.0,22.0,24.25,88,12.0,21.0,24.5,22.00,80,19.0,20.0,24.0,21.75,85,22.0,20.0,25.0,22.25,90,ENG
6,FY2,IT,58,24002170210037,B2,KAPADIYA ADIT HARESH,PBS,19.5,18.5,17.5,23.25,79,25.0,24.0,25.0,23.00,97,22.5,22.5,23.0,18.00,86,18.5,24.5,24.0,19.50,87,ENG
7,FY1,CE,52,24002170110137,D2,PATEL SRUSTI DEEPAK,NRM,23.0,18.0,14.5,23.75,80,15.5,23.5,23.5,23.25,86,20.5,21.5,22.0,19.75,84,21.0,24.0,21.0,21.75,88,ENG
8,FY4,CSE,229,24002171210046,A8,DORIYA BHAVYA GAUTAMBHAI,AMS,21.5,23.0,23.0,20.75,89,17.5,20.5,23.0,24.00,85,22.5,20.0,22.5,14.75,80,21.5,18.5,23.5,20.00,84,GUJ
8,FY4,CSE,13,24002171210148,A1,RAJPURA MIDHATFATEMA MOHMEDMOJAHID,AMS,18.5,14.0,19.5,23.50,76,22.0,19.0,21.5,23.50,86,22.5,22.0,24.0,20.75,90,23.0,18.0,25.0,21.75,88,GUJ
10,FY5,CSE_AI,8,24002171710013,C1,LATHIYA MANTHAN RAJESHBHAI,KDL,23.0,20.5,14.5,23.75,82,19.0,24.0,23.0,24.50,91,23.5,19.0,23.0,19.25,85,21.5,24.0,22.0,22.00,90,GUJ
11,FY4,CSE,69,24002171210013,A3,BHATT YASHWI KALPESHKUMAR,PKS,19.5,16.0,20.0,22.25,78,16.0,15.0,24.5,23.00,79,23.0,24.5,24.0,22.00,94,22.5,21.5,22.0,22.75,89,ENG
12,FY2,IT,219,24002170210119,B7,SHUKLA DHRUV PRAGNESHKUMAR,CVM,23.0,17.5,20.0,22.25,83,19.5,18.0,24.5,24.50,87,25.0,15.5,22.0,16.50,79,21.0,24.0,24.0,18.00,87,ENG
13,FY4,CSE,103,24002171210102,A4,PANCHAL PREET RAVINDRA,IRS,19.5,14.0,19.0,20.50,73,17.0,24.5,24.0,22.50,88,21.5,23.5,24.0,22.50,92,18.5,16.5,22.5,18.75,77,ENG
14,FY1,CE,12,24002170110101,D1,PANCHAL DHARMIL SHAILESHKUMAR,ARY,22.0,21.0,21.0,20.75,85,10.0,16.0,20.0,22.50,69,20.0,24.0,24.0,20.00,88,23.5,21.5,24.0,24.00,93,GUJ
14,FY4,CSE,5,24002171210081,A1,LABANA YUVRAJ PRAKASH,JRC,18.5,18.0,21.0,23.75,82,19.5,22.0,25.0,24.00,91,19.0,20.0,24.0,21.50,85,17.0,19.0,21.0,21.75,79,ENG
16,FY1,CE,30,24002170110073,D1,KANTH AAYUSH RAJIV,NRM,20.5,19.0,22.0,24.50,86,18.0,22.0,23.0,22.00,85,22.0,19.0,20.0,19.00,80,20.0,23.5,18.0,24.00,86,ENG
17,FY4,CSE,34,24002171210159,A2,SADHNANI JATIN PRAKASH,VRS,20.0,14.0,22.5,23.50,80,16.0,13.5,22.0,24.00,76,21.0,21.0,21.0,18.75,82,21.0,18.0,25.0,19.75,84,ENG
17,FY4,CS&IT,102,24002171410027,A4,PATEL MAHEK JAYKARKUMAR,JAZ,23.5,10.5,17.5,20.75,73,17.0,19.0,21.0,22.50,80,24.0,23.5,23.0,20.00,91,18.5,18.5,20.5,18.00,76,ENG
19,FY4,CSE,123,24002171210085,A5,MAITHIL VIPULBHAI KORAT,IRS,22.0,21.5,20.0,23.00,87,16.0,22.5,25.0,25.00,89,18.0,19.0,25.0,18.25,81,18.0,19.0,21.5,20.00,79,ENG
20,FY1,CE,119,24002170110118,D4,PATEL JIMIT DINESHBHAI,NRS,23.0,16.5,19.0,22.75,82,12.5,20.0,24.0,21.50,78,15.0,21.0,21.0,18.25,76,20.5,21.0,20.5,22.75,85,ENG
21,FY4,CSE,43,24002171210082,A2,LAD DIYA PANKAJKUMAR,KGB,20.5,14.5,17.0,20.25,73,17.0,19.0,25.0,22.25,84,17.5,23.5,24.5,20.50,86,21.0,18.0,23.5,22.00,85,ENG
22,FY1,CE,85,24002170110067,D3,JIYA PIYUSHKUMAR GOVANI,NRM,20.0,11.5,19.0,22.50,73,18.0,18.0,21.5,18.50,76,20.5,20.0,21.0,18.25,80,24.0,21.0,22.0,21.75,89,ENG
22,FY2,IT,77,24002170210118,B3,SHUKLA AYUSHI,RMP,19.5,19.0,18.0,22.50,79,17.0,15.0,20.5,24.00,77,23.0,19.5,22.0,16.25,81,23.0,23.0,18.0,18.50,83,ENG
22,FY5,CST,228,24002171310172,C8,UPADHYAY PREXA RUPEN,KCS,20.0,20.0,14.5,20.50,75,14.0,21.0,23.0,23.50,82,21.0,22.5,21.0,16.00,81,20.5,23.0,21.5,18.50,84,ENG
25,FY4,CSE,162,24002171210001,A6,AKSHITA GUPTA,JAZ,18.0,17.5,15.5,22.75,74,15.0,18.5,24,22.75,81,13.5,17,21.5,19.25,72,20.5,20.5,25,23.75,90,ENG
25,FY5,CST,17,24002171310089,C1,PANCHAL SHIVANI DISHANTBHAI,HAM,21.0,17.5,15.0,23.00,77,14.0,13.5,17.5,20.25,66,20.0,22.0,21.5,19.50,83,20.0,22.0,22.0,22.75,87,GUJ
27,FY4,MA&CP,108,24002171610015,A4,RAJ PUJITSINH INDRAJITSINH,VSA,22.5,15.5,18.5,20.25,77,20.5,22.0,23.0,17.25,83,24.0,19.5,21.0,18.50,83,19.5,16.0,13.5,20.25,70,ENG
28,FY4,CSE,66,24002171210173,A3,SHAH CHARMI KAUSHAL,JAZ,17.5,13.5,13.5,23.25,68,15.0,20.0,18.5,25.00,79,22.0,19.0,24.0,18.50,84,23.0,19.0,25.0,20.50,88,ENG
28,FY4,CSE,14,24002171210206,A1,VYAS RIDDHI KAUSHAL,ARP,18.0,9.5,15.0,20.00,63,21.0,18.5,24.5,23.50,88,22.5,21.0,20.5,19.75,84,18.0,18.0,22.0,21.75,80,ENG
28,FY4,MA&CP,107,24002171610004,A4,DAVE KRISHNA GAURANGKUMAR,VHP,22.0,11.0,15.0,18.25,67,17.0,24.0,23.0,19.50,84,22.5,21.0,20.0,21.00,85,24.0,18.0,22.5,15.75,81,ENG
31,FY2,IT,116,24002170210103,B4,SATYAM GAUTAMKUMAR PATEL,MHM,20.5,22.5,20.5,22.25,86,12.5,16.5,23.0,19.50,72,16.0,21.0,24.0,16.50,78,21.0,24.0,16.5,20.00,82,ENG
31,FY2,AIDS,3,24002170510017,B1,KADIYA AYUSH HIRENKUMAR,DAM,17.5,13.5,18.0,20.75,70,20.0,18.0,24.5,22.50,85,19.5,20.5,23.0,19.75,83,19.5,22.5,20.0,21.25,84,GUJ
33,FY4,CSE,24,24002171210086,A1,MALI AYUSH HIRENKUMAR,VSA,16.0,9.0,15.5,19.50,60,13.0,21.5,23.0,21.50,79,22.0,20.0,24.0,20.50,87,21.5,18.5,25.0,23.75,89,GUJ
34,FY1,CE,131,24002170110174,D5,SINGH AYUSHKUMAR SANTOSH,PJD,16.0,16.5,14.0,20.75,68,13.0,17.0,20.0,24.00,74,19.5,18.0,21.5,20.25,80,23.5,21.0,22.0,21.50,88,ENG
34,FY2,IT,88,24002170210109,B3,SHAH MISHA VAIBHAV,CVM,17.5,17.0,17.0,20.75,73,15.0,16.0,18.5,18.50,68,22.5,22.5,21.5,19.50,86,23.0,22.0,21.5,20.00,87,ENG
34,FY4,CSE,58,24002171210031,A2,CHUDIWALA SARINAH MO,VRS,20.0,13.0,13.0,20.50,67,13.0,16.0,21.0,21.50,72,19.0,20.0,21.5,18.25,79,22.0,17.5,24.5,23.25,88,ENG
37,FY4,CSE,3,24002171210110,A1,PATEL KRISH KALPESHBHAI,DAS,24.5,22.0,20.5,22.00,89,16.0,22.0,25.0,21.00,84,20.0,17.5,19.0,17.50,74,21.5,20.0,19.0,20.25,81,GUJ
38,FY2,IT,118,24002170210113,B4,SHAH DIYA KAUSHALKUMAR,DAM,20.0,16.0,20.0,20.75,77,16.5,18.0,23.0,21.25,79,19.0,20.0,24.0,18.25,82,16.5,20.0,22.0,20.75,80,ENG
38,FY4,CSE,77,24002171210166,A3,SALONI BHARAT PATEL,JRC,18.5,14.0,15.5,21.75,70,17.0,15.0,20.0,23.00,75,21.0,23.0,23.0,18.50,86,19.0,19.0,22.5,20.75,82,ENG
38,FY5,CSE_AI,34,24002171710019,C2,PATEL DHRUV JAYESHKUMAR,KDL,20.0,15.0,16.0,20.00,71,17.5,22.5,24.0,19.50,84,22.5,18.5,13.5,16.50,71,22.0,22.0,21.5,21.75,88,ENG
41,FY4,CSE,46,24002171210200,A2,VARDE DHRUVAL VIKRAM,VRS,22.0,22.0,23.0,23.00,90,15.0,21.5,23.0,23.00,83,15.5,16.0,16.0,16.75,65,18.0,17.0,23.0,15.25,74,ENG
41,FY5,CSE_CYBER,119,24002171910021,C4,UJAL SMRUTI MAHESHBHAI,DBP,15.5,9.0,18.0,15.25,58,10.5,17.0,20.0,23.00,71,21.0,20.5,23.0,17.75,83,24.5,24.0,22.5,24.75,96,ENG
43,FY1,CE,149,24002170110052,D5,HARANI DHRUV JITESH,JPM,20.5,18.0,24.0,20.75,84,14.5,22.0,23.0,23.00,83,20.0,14.0,20.5,16.25,71,23.0,21.0,20.0,22.25,87,ENG
43,FY1,CE,54,24002170110062,D2,JAIN SUHANI PANKAJKUMAR,PJD,22.5,15.0,16.0,21.75,76,17.5,22.0,18.5,18.75,77,19.0,21.0,23.5,17.50,81,20.0,19.5,18.0,21.25,79,ENG
43,FY4,CSE,121,24002171210077,A5,KHUSHI MULCHANDANI,AMS,18.5,21.0,22.5,23.50,86,17.5,20.5,25.0,22.75,86,19.0,18.0,23.0,16.75,77,13.0,18.5,20.5,18.00,70,ENG
43,FY4,CSE,79,24002171210106,A3,PARIKH JATAN ASHISHBHAI,KGB,18.5,16.5,20.0,20.75,76,18.0,20.0,22.0,23.00,83,20.5,17.5,19.0,19.00,76,18.0,15.0,21.0,21.00,75,ENG
43,FY4,CSE,145,24002171210127,A5,PATEL PRATHA RANJITBHAI,AMS,18.0,11.0,13.5,22.00,65,11.5,10.0,23.0,23.50,68,22.0,23.0,22.5,16.25,84,21.5,21.0,24.0,18.75,86,ENG
43,FY4,CSE,44,24002171210152,A2,RAOL YUVRAJSINH PRADYUMANSINH,KPP,21.0,15.0,18.0,21.00,75,15.0,21.0,20.0,21.50,78,22.5,21.5,19.0,18.00,81,19.5,18.0,23.5,15.75,77,ENG
43,FY5,CSE_AI,19,24002171710007,C1,ISHITA BIPINKUMAR MISHRA,IAM,19.0,17.0,13.0,21.75,71,15.0,15.5,23.5,20.75,75,18.5,17.5,18.0,18.00,72,22.0,20.0,25.0,22.00,89,ENG
50,FY1,CE,35,24002170110076,D2,KHAMAR YAJASH SHARVILKUMAR,ASA,16.5,15.5,17.0,20.00,69,13.5,21.0,19.5,22.00,76,23.0,22.5,23.0,21.25,90,16.5,19.0,21.0,19.75,77,ENG
50,FY1,CE,144,24002170110122,D5,PATEL VRAJ MANESHKUMAR,ARY,20.5,21.5,19.0,19.50,81,10.5,18.0,15.0,19.50,63,22.0,21.0,20.0,19.25,83,19.0,22.0,23.5,18.00,83,ENG
52,FY2,AIDS,43,24002170510013,B2,DHRUV SOM,CVM,18.0,19.5,16.5,23.25,78,18.0,11.0,17.5,19.25,66,19.0,19.0,19.0,19.50,77,23.0,19.5,20.0,19.00,82,ENG
52,FY4,CSE,54,24002171210035,A2,DARJI SHLESH NALINKUMAR,JAZ,18.5,11.5,17.0,20.75,68,10.5,17.0,22.0,25.00,75,20.0,20.0,23.5,17.75,82,18.0,18.5,25.0,20.75,83,GUJ
54,FY1,CE,18,24002170110060,D1,JAIN PRANAY ANILKUMAR,MDP,21.0,22.0,18.5,23.00,85,18.0,18.0,22.5,21.75,81,21.0,19.0,22.0,18.75,81,20.0,16.0,18.5,22.25,77,GUJ
55,FY4,CSE,51,24002171210156,A2,RUDANI SAVAN RAJESHKUMAR,DAS,19.0,22.0,22.5,22.75,87,14.0,21.0,23.0,19.50,78,21.5,16.0,24.0,18.75,81,15.0,17.0,20.0,13.00,65,GUJ
56,FY4,CS&IT,17,24002171410009,A1,DAKSH GADHIYA,JRC,19.5,15.0,19.5,18.25,73,15.0,15.5,22.0,23.00,76,17.5,21.0,21.0,18.25,78,17.0,18.0,21.5,18.75,76,ENG
56,FY5,CST,7,24002171310167,C1,TANK RIYA DIPAKBHAI,KCS,19.0,15.5,15.5,18.75,69,13.0,17.0,24.5,20.75,76,22.5,19.0,19.0,16.00,77,22.0,22.5,23.5,23.00,91,GUJ
58,FY2,AIDS,130,24002170510011,B5,DHOLA DENISH GORDHANBHAI,PBS,23.5,20.5,16.5,21.25,82,17.0,21.5,21.5,18.50,79,18.5,20.0,20.5,14.50,74,19.0,19.5,18.0,16.50,73,GUJ
58,FY4,CSE,67,24002171210037,A3,DESAI RAJ GHANSHYAM,KGB,24.0,20.5,21.5,21.75,88,16.0,23.5,23.0,22.75,86,17.5,20.0,16.5,15.00,69,18.0,13.0,16.5,19.50,67,ENG
58,FY4,CSE,6,24002171210171,A1,SHAH MANTHAN KETANKUMAR,JAZ,18.0,13.0,14.0,17.00,62,15.0,15.5,21.5,21.25,74,19.5,21.0,23.0,18.00,82,21.0,17.0,21.0,20.25,80,GUJ
61,FY1,AIML,68,24002170410040,D3,RANGWALA TAHER MURTAZA,ASA,16.5,21.0,20.5,22.00,80,14.5,17.0,18.5,17.75,68,16.0,20.0,19.0,14.25,70,16.5,22.0,23.0,17.75,80,ENG
61,FY1,CE,174,24002170110058,D6,JADEJA SATYAJEETSINH BHAGIRATHSINH,NRS,17.5,17.0,19.0,22.25,76,18.0,20.0,21.0,18.50,78,15.5,19.5,20.0,12.50,68,18.0,21.0,20.5,19.75,80,ENG
61,FY5,CST,27,24002171310145,C1,SHAH DHAIRYA AMIT,AIG,19.5,15.0,20.0,21.75,77,16.0,19.0,20.5,22.75,79,17.5,19.5,19.0,20.00,76,17.0,23.0,21.5,22.00,84,ENG
61,FY5,CST,58,24002171310158,C2,SHLOK PATEL,IAM,19.5,20.0,17.5,23.75,81,18.0,20.0,23.0,21.00,82,16.5,18.0,14.5,15.00,64,21.5,20.0,21.5,19.50,83,ENG
65,FY4,CSE,68,24002171210036,A3,DAVE NISHTHA VIMALKUMAR,KPP,18.5,14.0,18.5,22.50,74,13.5,16.5,23.0,24.00,77,15.5,20.0,19.5,17.00,72,16.5,21.0,22.5,20.50,81,ENG
66,FY1,AIML,270,24002170410024,D9,MANVA MOHAMMEDSUBHAN IMRANBHAI,JPM,14.0,16.0,19.0,20.00,69,12.5,14.0,23.5,23.00,73,22.0,23.0,22.0,18.25,86,14.5,23.0,20.5,22.25,81,GUJ
66,FY1,CE,55,24002170110183,D2,TAILOR YAX JITENDRA,SVC,16.5,12.5,15.0,20.75,65,16.0,15.0,24.0,23.50,79,23.5,23.0,22.0,18.00,87,21.5,16.5,24.0,20.50,83,ENG
66,FY1,CE,17,24002170110203,D1,VOHRA MOHAMMEDNIHAL MOHAMMEDARIF,JPM,17.5,12.5,14.0,21.50,66,19.5,20.0,23.0,20.25,83,20.5,20.0,21.5,19.25,82,21.5,19.5,20.0,18.50,80,ENG
66,FY4,CSE,139,24002171210175,A5,SHAH ASHKA SACHIN,KGB,20.0,16.5,15.0,21.75,74,12.0,18.0,20.5,20.00,71,20.5,22.0,22.5,19.25,85,20.0,19.0,22.5,18.50,80,ENG
70,FY1,CE,34,24002170110053,D2,HAWAWALA FARHEEN MOIN,ARY,18.5,16.0,16.5,22.25,74,14.5,15.0,18.0,24.00,72,24.0,22.5,24.0,20.00,91,19.0,19.0,24.5,19.50,82,ENG
70,FY1,CE,176,24002170110103,D6,PANCHAL KRISH YOGESHBHAI,SVC,19.5,17.0,23.5,23.00,83,7.0,21.0,22.5,22.50,73,20.0,21.5,18.5,18.00,78,22.0,20.5,22.5,18.75,84,ENG
72,FY2,IT,122,24002170210066,B4,PARTHIV KOTHARI,RMP,15.0,18.5,20.0,21.00,75,13.0,21.0,21.0,22.25,78,15.5,16.5,21.0,14.00,67,16.0,18.0,24.0,20.00,78,ENG
72,FY2,IT,14,24002170210106,B1,SHAH TANISH HEMAL,RMP,19.0,12.0,16.0,19.25,67,14.0,9.0,22.5,20.25,66,23.0,14.0,21.0,15.50,74,22.0,23.0,24.0,20.50,90,GUJ
72,FY2,RAI,49,24002170610008,B2,PATEL DHRUV MITESHBHAI,PBS,19.0,10.0,14.0,19.50,63,18.5,21.0,23.0,20.75,84,21.0,22.0,23.0,16.75,83,21.0,19.5,24.0,17.25,82,ENG
72,FY5,CSE_AI,44,24002171710015,C2,MEWATI ARSLAANKHAN SAMEERKHAN,KCS,16.5,10.5,11.5,16.75,56,18.0,19.0,16.0,20.50,74,20.0,15.5,23.0,19.50,78,22.5,20.5,20.0,21.50,85,ENG
76,FY1,CE,60,24002170110189,D2,TRIVEDI YASHVI SHYAMAL,HSP,14.5,11.5,16.0,20.25,63,15.0,17.0,18.5,19.50,70,24.0,17.5,20.0,17.50,79,21.5,21.0,22.0,22.75,88,ENG
76,FY4,CSE,84,24002171210174,A3,SHAH PRATHAM SAMIRBHAI,VSA,13.5,7.0,15.5,20.50,57,12.0,13.0,24.5,20.25,70,23.0,18.5,24.0,20.25,86,18.5,19.0,25.0,19.50,82,ENG
76,FY4,CS&IT,318,23002171410047,A11,PRAJAPATI VINOD GIRDHARI,VRS,22.5,17.5,19.5,23.50,83,AB,20.0,21.0,21.50,63,20.0,16.0,21.5,20.75,79,16.5,19.0,22.0,19.00,77,0.00
79,FY1,CE,84,24002170110194,D3,VAGHELA HARSHRAJSINH BHARATSINH,MDP,19.0,13.5,16.0,18.75,68,15.5,20.5,24.5,21.50,82,19.0,16.0,20.5,17.50,73,20.5,19.0,15.5,15.25,71,ENG
79,FY5,CST,69,24002171310045,C3,ISHA AGARWAL GANESH,HAM,20.0,19.5,17.0,19.75,77,15.0,18.5,23.0,21.75,79,21.5,20.5,18.5,21.50,82,20.5,15.5,23.0,18.50,78,ENG
79,FY5,CST,234,24002171310074,C8,MALAY CHHATBAR,VVP,21.0,15.0,16.0,22.00,74,11.0,17.5,18.0,21.00,68,15.0,20.5,17.5,20.50,74,16.0,19.0,23.0,20.00,78,ENG
82,FY1,CE,31,24002170110105,D1,PANCHAL KAVYA KETANBHAI,NRS,18.5,10.0,16.5,20.25,66,9.0,17.0,24.5,22.50,73,16.5,18.0,21.0,14.25,70,16.0,22.5,21.5,18.25,79,GUJ
82,FY4,CSE,23,24002171210111,A1,PATEL DIYA MANOJKUMAR,VHP,17.5,14.0,16.5,20.25,69,11.0,20.0,21.5,19.00,72,20.5,22.0,20.5,19.25,83,18.5,16.0,20.5,23.00,78,GUJ
84,FY4,CSE,33,24002171210189,A2,THAKER SHIVANG HIMANSHU,PKS,19.0,14.0,16.5,21.25,71,20.0,16.0,22.0,18.00,76,17.0,22.5,19.0,14.50,73,16.0,15.0,22.5,18.50,72,ENG
84,FY4,CS&IT,116,24002171410050,A4,SOLANKI ARYA SANDIPBHAI,KPP,22.0,19.5,15.0,21.75,79,13.0,19.0,20.0,23.50,76,20.0,21.0,19.0,16.25,77,16.5,19.5,20.0,17.50,74,ENG
84,FY4,CEA,169,24002171510023,A6,PATEL NISHI JATINKUMAR,AMS,12.5,10.0,12.0,18.00,53,9.0,13.0,25.0,25.00,72,23.5,20.5,21.0,20.75,86,20.5,18.5,22.5,23.75,86,ENG
84,FY5,CSE_DS,2,24002171810032,C1,VADDORIYA CHARMI JITENDRABHAI,DBP,18.5,17.0,18.5,19.50,74,15.0,22.0,21.5,22.75,82,21.5,19.5,21.0,18.75,81,20.5,16.5,19.5,21.00,78,GUJ
88,FY4,CSE,18,24002171210070,A1,KANSARA MEET KRUNAL,JAZ,18.0,11.5,17.0,21.50,68,17.5,18.0,24.0,14.25,74,22.0,22.0,20.5,19.25,84,19.5,18.0,12.5,18.50,69,ENG
88,FY4,MA&CP,12,24002171610001,A1,BHUVA RISHITA VIPULKUMAR,VSA,14.0,8.0,14.5,17.25,54,16.0,20.0,24.0,22.25,83,22.0,19.5,19.0,20.00,81,22.0,18.0,21.5,20.75,83,GUJ
88,FY5,CSE_AI,1,24002171710025,C1,RABARI MEHULKUMAR GOKULBHAI,AIG,16.0,10.5,14.0,17.25,58,15.0,9.5,19.0,18.25,62,24.0,19.0,19.0,19.75,82,23.5,22.5,22.0,21.00,89,GUJ
91,FY1,CE,26,24002170110133,D1,PATEL VRAJ BHIKHABHAI,HDS,17.5,11.5,15.5,20.25,65,14.0,16.0,21.5,21.00,73,19.0,18.5,19.0,20.00,77,17.5,23.0,19.5,18.75,79,GUJ
91,FY4,CSE,151,24002171210176,A6,SHAH BHAVYA AJAYKUMAR,KGB,17.0,9.0,14.5,20.50,61,19.0,16.0,21.5,24.00,81,18.5,20.0,22.5,19.25,81,21.0,15.0,24.0,21.25,82,ENG
91,FY4,MA&CP,47,24002171610013,A2,PATEL KASHYAPKUMAR ARVINDBHAI,VHP,17.0,22.5,19.0,21.00,80,18.5,24.5,25.0,23.75,92,18.5,17.0,19.5,21.50,77,14.0,11.5,19.0,16.75,62,GUJ
94,FY1,CE,41,24002170110146,D2,PATHAN SARHANKHAN FIROZKHAN,NRM,19.5,18.5,16.5,16.75,72,20.5,14.0,17.0,24.00,76,18.0,20.0,17.0,17.75,73,20.0,21.0,20.5,16.25,78,ENG
94,FY4,CSE,119,24002171210122,A5,PATEL ROHAN RASHESHBHAI,VHP,18.0,13.5,20.5,20.25,73,12.0,17.0,18.0,21.50,69,23.5,17.0,20.0,13.00,74,19.5,16.0,24.0,17.25,77,ENG
96,FY2,AIDS,40,24002170510026,B2,MENDAPARA TIRTH RAJESHKUMAR,PBS,16.5,12.0,9.0,16.50,54,14.0,22.0,24.0,20.00,80,17.0,18.5,22.0,19.00,77,23.5,21.0,21.5,19.75,86,GUJ
96,FY5,CST,23,24002171310075,C1,MANGUKIYA RUDRA KARAMSHIBHAI,NPB,22.5,19.5,15.5,20.00,78,9.0,19.0,21.0,17.50,67,20.0,15.0,13.5,18.75,68,18.0,16.0,24.0,19.00,77,GUJ
98,FY2,AIDS,2,24002170510015,B1,HIRANI YASHVI JIGESHKUMAR,ANR,19.5,13.0,14.5,20.00,67,15.0,15.0,22.0,20.50,73,22.0,24.0,18.0,17.25,82,22.5,20.0,23.5,19.50,86,ENG
98,FY4,CSE,75,24002171210034,A3,DAKSH M TRIVEDI,DAS,15.5,14.0,13.0,18.50,61,14.5,15.0,22.0,19.50,71,15.5,21.5,23.5,15.00,76,19.5,17.5,24.5,19.50,81,ENG
100,FY1,CE,179,24002170110077,D6,KHANJADA FAIZAN UMIDKHAN,DPP,19.0,14.0,14.5,18.75,67,13.0,14.0,16.0,17.00,60,18.0,18.5,23.0,15.00,75,20.5,18.0,21.0,21.75,82,ENG
100,FY2,IT,10,24002170210005,B1,BODAR DISHA AMITBHAI,CVM,13.5,20.0,15.5,21.50,71,13.0,20.0,23.0,22.00,78,18.0,15.0,21.0,17.25,72,11.5,20.5,19.5,21.00,73,GUJ
100,FY4,CSE,137,24002171210208,A5,YASH VIJAY KSHATRIYA,JRC,21.0,22.0,21.0,22.00,86,19.0,18.0,17.5,22.50,77,19.0,16.0,14.0,13.50,63,20.5,15.0,19.0,14.75,70,ENG
103,FY1,AIML,93,24002170410033,D4,PATEL ARYAN BAKULESHBHAI,HSP,19.5,18.0,19.5,22.00,79,11.0,18.0,12.5,18.25,60,18.0,22.5,20.0,13.75,75,18.0,22.5,13.5,19.25,74,ENG
103,FY1,CE,158,24002170110125,D6,PATEL SHLOK UMESH,HDS,15.0,10.5,15.0,16.50,57,14.5,14.0,21.0,20.25,70,20.5,20.5,21.5,17.50,80,23.5,17.0,20.0,22.75,84,ENG
103,FY4,CS&IT,192,24002171410005,A7,BAGARIA TISHA JIGARBHAI,IRS,20.5,11.5,17.0,23.00,72,14.0,16.5,19.0,22.50,72,20.0,24.0,15.5,18.75,79,16.5,20.0,17.0,16.50,70,ENG
106,FY4,CSE,99,24002171210022,A4,CHANDAN HET DIPEN,IRS,20.5,17.5,17.0,20.75,76,14.5,15.0,18.0,20.00,68,21.5,19.5,20.0,19.00,80,20.0,18.0,14.5,20.25,73,ENG
106,FY4,CSE,100,24002171210117,A4,PATEL HIMANSHU ASHVINKUMAR,PDB,21.5,15.0,20.0,21.75,79,12.0,15.0,18.5,23.50,69,16.5,19.5,19.0,17.25,73,16.5,15.0,21.5,19.50,73,GUJ
106,FY4,CSE,81,24002171210163,A3,SAKSHI RAO,IRS,14.5,8.0,19.0,18.75,61,22.0,18.0,18.5,24.00,83,16.0,19.0,21.0,19.25,76,21.0,15.0,24.0,14.75,75,ENG
106,FY5,CSE_AI,74,24002171710012,C3,KUVAR VAIBHAV KISHORBHAI,NSD,17.5,9.0,13.0,20.50,60,14.0,18.0,23.5,17.25,73,20.0,20.5,21.0,15.75,78,17.0,20.0,24.0,22.25,84,ENG
110,FY2,AIDS,30,24002170510028,B1,ODEDRA VIJAY BHARATBHAI,DAM,18.5,16.5,16.0,20.75,72,14.5,13.0,23.5,19.50,71,16.5,18.0,18.0,14.50,67,17.0,17.5,20.0,18.75,74,GUJ
110,FY4,CSE,95,24002171210007,A4,BAGADIA KRISH SACHIN,VHP,22.0,16.5,16.5,19.25,75,10.5,11.0,19.0,23.00,64,18.0,18.0,19.0,16.00,71,18.0,19.0,21.5,22.50,81,ENG
110,FY4,CS&IT,225,24002171410029,A8,PATEL HRISHIK VIPULBHAI,PKS,19.0,13.5,18.5,22.50,74,11.0,12.5,23.0,24.00,71,17.5,14.0,17.5,14.75,64,18.5,16.0,22.5,20.25,78,ENG
113,FY2,IT,59,24002170210094,B2,RAMANUJ VISHWA NIRAVKUMAR,RMP,16.0,7.5,16.0,16.75,57,13.5,9.5,23.5,23.00,70,19.0,20.0,21.5,17.75,79,18.5,24.0,20.5,20.00,83,GUJ
113,FY2,IT,48,24002170210133,B2,WADHWANIYA LUCKY HUSENBHAI,DAM,16.5,10.5,12.5,19.00,59,17.0,18.0,24.0,20.00,79,23.0,18.0,21.0,14.75,77,15.5,20.0,17.5,16.00,69,ENG
113,FY4,CSE,149,24002171210128,A6,PATEL PRANSHU HETALKUMAR,JRC,16.0,13.0,16.5,21.50,67,14.0,18.0,15.0,21.50,69,18.0,18.0,23.0,16.50,76,21.5,14.5,24.5,19.00,80,ENG
116,FY1,CE,23,24002170110021,D1,BHUTKA NIDHI DINESHBHAI,ARY,17.5,11.5,14.0,18.50,62,14.5,15.0,20.0,18.00,68,21.0,19.5,20.5,17.50,79,22.0,21.0,16.5,20.00,80,GUJ
116,FY1,CE,163,24002170110147,D6,PATOLIYA JEMS NILESHBHAI,NRS,18.0,10.5,16.0,21.00,66,8.5,15.0,16.0,21.00,61,16.5,16.0,22.0,16.00,71,18.0,22.5,20.0,20.50,81,GUJ
116,FY4,CSE,88,24002171210052,A4,GOLECHHA TEJAL AJAYKUMAR,PDB,13.0,AB,12.0,20.50,46,12.0,12.0,18.0,23.00,65,21.0,25.0,24.0,20.75,91,23.5,19.5,20.5,13.50,77,ENG
116,FY4,CSE,111,24002171210120,A4,PATEL ZAINALI CHANDRAKANT,DAS,13.0,7.5,17.5,18.00,56,14.5,21.0,24.5,22.50,83,21.0,20.0,22.5,19.75,84,18.0,17.0,20.5,18.00,74,GUJ
116,FY5,CST,287,24002171310120,C7,PATEL AARYAN DHRUVBHAI,AIG,14.0,10.5,10.0,15.75,51,9.0,12.0,19.0,19.75,60,24.0,17.5,22.5,19.75,84,24.0,22.0,22.0,21.00,89,ENG
121,FY1,CE,3,24002170110148,D1,PATOLIYA ANSH AMITBHAI,DPP,23.5,17.0,20.5,23.00,84,11.5,19.5,21.0,18.50,71,20.5,19.5,19.5,15.75,76,20.0,23.0,20.0,16.25,80,GUJ
121,FY2,IT,98,24002170210105,B4,SAVALIYA YUG RONAKKUMAR,MHM,21.5,8.5,18.5,16.75,66,12.0,11.0,15.5,19.75,59,19.5,17.0,24.0,15.00,76,18.5,21.0,23.0,19.50,82,GUJ
121,FY4,CSE,106,24002171210119,A4,PATEL ATRI TULSIDAS,VRS,15.0,8.0,13.5,20.00,57,12.0,19.0,15.0,20.75,67,16.0,18.0,22.0,20.00,76,21.0,17.5,20.0,17.25,76,ENG
121,FY4,CS&IT,177,24002171410028,A7,PATEL JAY RAJNIKANTBHAI,PKS,19.5,17.0,12.0,16.75,66,14.0,20.0,21.0,15.75,71,23.0,18.5,23.0,16.75,82,19.0,19.0,18.5,15.50,72,ENG
121,FY5,CSE_DS,88,24002171810004,C3,BRAHMBHATT YASHVI RAKESH,NPB,14.5,13.5,12.5,15.00,56,11.0,13.0,18.5,20.25,63,15.0,16.0,22.0,18.75,72,24.0,20.5,25.0,22.50,92,ENG
126,FY1,CE,66,24002170110024,D3,BORAD PARTH ARVINDBHAI,SVC,15.0,11.0,15.5,21.00,63,14.5,17.0,24.0,20.50,76,20.0,18.0,19.5,17.75,76,18.5,15.5,18.0,20.75,73,GUJ
126,FY1,CE,40,24002170110085,D2,MANDANI JASH BATUKBHAI,MDP,20.5,13.0,17.5,17.75,69,10.0,14.5,17.0,16.00,58,24.0,19.5,22.5,18.00,84,19.5,17.0,20.5,15.25,73,GUJ
126,FY1,CE,62,24002170110115,D2,PARMAR HARSHKUMAR SANJAYBHAI,MDP,21.0,15.5,16.5,21.25,75,15.0,13.0,17.0,22.50,68,19.0,17.0,16.5,18.75,72,19.0,23.5,19.5,20.00,82,GUJ
126,FY4,CS&IT,165,24002171410048,A6,SHRUTI AMISH PATEL,PKS,21.0,6.5,14.5,18.75,61,11.5,19.0,25.0,22.00,78,16.0,16.0,24.0,15.50,72,19.0,16.5,22.5,21.25,80,ENG
126,FY5,CSE_AI,6,24002171710011,C1,KATARIYA SAHIL HITESHBHAI,IAM,16.0,18.5,18.0,19.75,73,18.0,20.0,18.0,18.25,75,13.5,14.5,16.5,17.25,62,18.0,17.0,14.5,21.00,71,ENG
126,FY5,CSE_CYBER,110,24002171910024,C4,VRAJ DEEPAKKUMAR RANA,IAM,21.0,17.0,19.5,20.25,78,11.5,16.0,17.0,18.25,63,16.5,21.5,16.5,18.00,73,22.0,22.5,23.0,21.25,89,ENG
132,FY4,CSE,27,24002171210020,A1,BORAD UTSAV VIKRAM,DAS,20.5,17.5,14.5,16.75,70,13.5,16.5,24.0,21.75,76,17.0,21.0,22.5,21.00,82,17.0,16.0,15.5,17.50,66,ENG
132,FY4,CSE,82,24002171210115,A3,PATEL HET KETAN,VRS,13.0,7.0,11.0,18.50,50,13.5,14.0,21.5,21.50,71,19.5,18.0,21.0,17.50,76,18.5,20.0,17.5,19.50,76,ENG
132,FY5,CSE_AI,51,24002171710022,C2,PATEL DHAIRYA AMITKUMAR,PVS,17.0,16.5,15.5,18.25,68,12.0,17.0,24.0,22.25,76,20.5,20.0,16.5,21.00,78,14.5,20.0,21.0,18.75,75,ENG
135,FY4,CSE,78,24002171210091,A3,MEHTA PRINCE HEMANTKUMAR,JAZ,21.5,16.0,15.5,22.25,76,13.5,17.0,23.0,24.00,78,18.5,19.0,17.0,18.75,74,14.0,14.0,18.0,10.75,57,ENG
135,FY4,CS&IT,221,24002171410006,A8,BHATIA RUDRA PIYUSHKUMAR,JRC,16.5,12.0,15.5,14.50,59,16.0,15.0,17.5,16.75,66,20.5,19.0,22.0,15.50,77,19.0,18.0,21.5,18.50,77,ENG
137,FY1,AIML,249,24002170410046,D9,SHAH VRAJ ANANTKUMAR,MDP,11.5,7.0,12.5,14.00,45,8.5,17.0,15.0,22.00,63,22.0,23.5,22.5,16.75,85,19.0,21.0,23.0,21.50,85,ENG
137,FY1,CE,73,24002170110075,D3,KESUR SAUMYA SANJAYKUMAR,MDP,17.5,16.0,14.0,21.00,69,13.5,13.0,20.5,20.50,68,17.5,16.5,15.0,17.75,67,22.0,18.5,24.5,21.00,86,GUJ
137,FY1,CE,1,24002170110158,D1,SAIYED ABDULAHAD MOHAMMADMUSTUFAABID,ARY,18.0,15.0,17.0,21.00,71,14.5,22.0,21.5,18.50,77,20.5,22.0,19.5,19.75,82,19.0,21.0,17.5,12.00,70,GUJ
137,FY2,IT,22,24002170210098,B1,RATHOD MIHIR MAHENDRABHAI,PBS,18.5,18.5,18.5,17.75,74,13.0,13.5,23.5,21.00,71,17.5,22.5,17.5,21.50,79,9.0,16.0,18.5,16.00,60,GUJ
137,FY5,CSE_CYBER,3,24002171910009,C1,JOSHI ARYAN RASIKBHAI,DJU,10.0,12.5,14.0,17.75,55,13.5,18.0,23.0,18.00,73,21.5,19.0,22.5,15.75,79,13.5,20.0,21.0,18.75,74,GUJ
142,FY5,CSE_AI,73,24002171710006,C3,HIRANI VRUTIK MANISHBHAI,KDL,22.5,16.5,14.5,21.00,75,8.0,15.5,19.0,20.25,63,19.5,15.5,18.0,18.00,71,22.0,20.0,18.0,18.75,79,ENG
143,FY4,CSE,30,24002171210112,A2,PATEL AARYA RAJNIKANT,JAZ,13.0,8.5,15.0,16.50,53,13.0,15.0,22.5,17.50,68,20.5,19.5,23.0,15.75,79,19.0,18.0,23.5,20.50,81,GUJ
144,FY1,CE,95,24002170110088,D4,MEGHA NISHTHA JIGNESHKUMAR,MDP,18.5,13.0,17.0,19.25,68,14.0,16.0,20.0,24.50,75,20.0,20.5,21.5,17.50,80,15.0,13.0,18.0,17.00,63,GUJ
144,FY2,AIDS,54,24002170510030,B2,PATEL NIVA PIYUSH,VVV,22.0,12.5,11.0,18.25,64,18.0,20.5,16.0,24.00,79,15.5,20.5,20.0,17.00,73,18.0,17.5,12.0,17.50,65,ENG
144,FY4,CSE,199,24002171210064,A7,JANI DHAIRYA JALPESHBHAI,KGB,16.5,12.0,13.5,17.25,60,11.0,9.0,22.0,22.50,65,19.5,19.0,23.0,17.00,79,17.5,18.0,21.5,21.00,78,GUJ
144,FY4,CSE,98,24002171210087,A4,MALVANIA PARISHA VIPULBHAI,ARP,15.0,10.0,13.0,14.25,53,8.5,17.5,17.0,18.25,62,22.0,24.5,18.5,19.50,85,22.5,19.5,17.0,17.75,77,ENG
148,FY5,CST,173,24002171310171,C6,TRIVEDI KRISH KALPESHKUMAR,HAM,10.5,6.0,14.5,20.00,51,10.0,10.0,20.0,20.50,61,21.5,20.5,22.0,16.25,81,21.0,21.5,23.0,19.50,85,ENG
149,FY2,IT,95,24002170210043,B4,KRISHNANSU DINESH KASTA,RMP,17.0,17.0,20.0,22.25,77,12.5,8.5,18.5,20.00,60,16.5,15.0,16.0,18.00,66,16.0,22.5,21.0,18.50,78,ENG
149,FY4,CSE,222,24002171210195,A8,UKA SAMIL ZAKIRHUSEN,JAZ,20.5,15.0,15.0,21.75,73,18.0,19.0,21.5,22.00,81,16.5,16.5,20.5,16.50,70,16.0,13.0,23.5,18.25,71,ENG
149,FY4,CS&IT,201,24002171410016,A7,HARSH MAHORI,PKS,21.0,14.5,19.5,19.50,75,7.0,10.0,21.0,20.00,58,15.0,18.5,23.5,13.25,71,16.0,18.0,21.5,15.25,71,ENG
149,FY4,CS&IT,257,24002171410047,A9,SHREYA AMISH PATEL,IRS,17.0,8.0,18.0,15.50,59,12.5,16.0,22.0,24.00,75,17.0,17.5,22.5,17.00,74,17.5,16.0,22.5,22.50,79,ENG
153,FY1,CE,16,24002170110157,D1,RANPARIYA KAVYA VIPULBHAI,HSP,21.0,14.5,19.0,22.75,78,11.0,19.0,21.0,20.00,71,16.5,20.0,19.5,16.00,72,14.5,18.0,14.0,15.25,62,GUJ
153,FY4,CSE,223,24002171210160,A8,SAINI ARYAN LAXMANBHAI,KGB,18.5,12.0,14.5,17.50,63,13.0,13.0,21.5,17.00,65,17.5,11.0,19.5,17.50,66,18.0,18.0,24.5,19.50,80,ENG
153,FY4,MA&CP,8,24002171610002,A1,BORAD NITYA PRAFULBHAI,KPP,17.0,9.5,11.0,13.75,52,15.0,15.5,25.0,18.25,74,17.0,16.5,20.0,18.50,72,24.0,20.0,21.0,22.00,87,GUJ
156,FY1,AIML,94,24002170410030,D4,PANDYA SAKSHI KALPESHBHAI,JPM,16.5,18.5,19.0,21.75,76,12.0,11.5,21.0,20.50,65,19.5,17.0,23.0,10.25,70,20.0,20.0,19.0,21.25,81,GUJ
156,FY1,CE,268,24002170110063,D9,JATIN SETH,HDS,17.5,9.5,13.0,21.00,61,11.5,11.0,15.0,24.00,62,19.5,17.5,19.0,14.50,71,18.0,21.0,16.0,18.75,74,ENG
156,FY1,CE,53,24002170110138,D2,PATEL NEEL BIPINKUMAR,NRS,11.0,10.0,12.5,18.75,53,10.0,14.0,18.0,23.25,66,18.0,23.5,20.5,19.50,82,18.5,18.0,13.5,21.25,72,ENG
156,FY4,CSE,127,24002171210032,A5,DABHI PRUTHVIKUMAR CHETANKUMAR,KGB,17.0,10.5,12.0,17.25,57,10.5,18.0,19.0,20.25,68,20.5,23.5,18.5,15.50,78,21.5,20.5,21.0,15.25,79,ENG
156,FY4,CSE,38,24002171210095,A2,MEVADA PADM SURESHKUMAR,ARP,15.5,12.0,17.5,21.50,67,17.0,17.0,23.0,22.00,79,19.0,19.0,16.0,11.75,66,15.0,17.5,18.5,10.25,62,GUJ
161,FY2,IT,6,24002170210002,B1,BAGADIYA MEET SURESHBHAI,BPD,12.5,7.0,11.0,15.00,46,15.0,19.5,24.0,22.50,81,18.0,20.0,23.5,19.25,81,13.5,17.0,18.5,19.00,68,GUJ
161,FY2,IT,126,24002170210093,B5,PRAJAPATI SAUMYA AKHILESH,VVV,18.5,23.5,21.5,21.00,85,14.0,5.5,21.0,22.25,63,17.5,17.5,13.5,17.25,66,15.5,21.5,18.5,18.50,74,ENG
161,FY4,CSE,117,24002171210005,A5,ANSARI FAIZANALAM FIROJALAM,PKS,17.0,9.5,13.0,18.25,58,13.5,18.0,23.0,21.75,77,19.0,19.0,20.0,19.00,77,19.5,18.5,22.0,15.50,76,ENG
161,FY4,CSE,161,24002171210129,A6,PATEL JAIV,JRC,19.0,15.0,21.0,21.00,76,16.0,19.5,21.5,14.50,72,13.5,15.5,21.5,14.50,65,18.0,17.0,22.0,14.50,72,ENG
165,FY1,CE,259,24002170110005,D9,AHIR MAHIPAL LALJIBHAI,JPM,15.5,12.5,12.5,16.50,57,6.5,8.0,21.5,17.25,54,19.5,18.0,22.0,14.00,74,15.0,23.5,20.5,21.50,81,ENG
165,FY1,CE,150,24002170110026,D5,CHAUHAN JAINIL NILESHBHAI,MDP,19.5,10.5,23.0,21.25,75,15.5,20.0,13.0,23.50,72,18.0,17.5,20.0,19.00,75,17.5,17.0,16.0,18.50,69,ENG
165,FY1,CE,57,24002170110051,D2,GUDALIYA RUTVIK JAYANTILAL,ASA,15.0,13.5,16.0,23.50,68,13.0,12.5,15.0,18.00,59,19.5,19.0,20.5,17.00,76,16.5,17.0,18.0,17.25,69,GUJ
165,FY2,IT,85,24002170210104,B3,SAVALIYA SHEETBHAI KISHORBHAI,PBS,17.5,13.0,15.5,15.00,61,12.5,17.0,17.5,19.50,67,20.5,16.0,18.0,15.25,70,17.0,21.0,18.0,18.50,75,GUJ
169,FY1,CE,15,24002170110124,D1,PATEL ARYA VIPULKUMAR,HDS,15.0,13.0,13.0,18.50,60,15.5,20.0,21.0,20.50,77,18.0,22.5,18.5,17.25,77,19.0,19.5,19.0,16.75,75,ENG
169,FY2,IT,87,24002170210127,B3,THAKAR KAVY SANDEEPKUMAR,BPD,21.5,21.0,20.0,21.50,84,13.0,18.0,15.0,20.00,66,14.5,16.5,20.5,14.50,66,18.0,20.0,18.0,13.25,70,GUJ
169,FY4,CS&IT,234,24002171410053,A9,SURTI MOHAMMED AHMAD,JAZ,16.0,9.5,18.5,20.25,65,16.0,14.5,20.0,17.50,68,16.0,19.5,19.0,14.25,69,21.5,16.5,20.0,15.25,74,ENG
172,FY1,CE,64,24002170110080,D3,KIRI SUJALKUMAR URVISHKUMAR,NRS,13.0,10.0,15.0,21.00,59,15.0,19.0,21.0,20.00,75,16.0,17.5,19.5,13.50,67,17.0,16.0,21.5,16.25,71,GUJ
172,FY2,IT,147,24002170210114,B5,SHAH PRIYANSH VRUTIKBHAI,DAM,18.5,9.0,15.5,12.75,56,14.5,8.0,16.5,20.50,60,16.5,17.0,24.0,15.75,74,21.0,22.0,24.5,15.00,83,ENG
172,FY2,CSD,129,24002170310014,B5,PASNANI JAINY VIPUL,DAM,19.5,10.0,14.5,17.00,61,AB,15.0,23.0,23.50,62,18.0,23.0,22.5,18.50,82,16.5,18.0,20.0,17.00,72,ENG
172,FY4,CSE,80,24002171210094,A3,MEMON ZAID SOHILBHAI,KPP,17.0,11.0,18.0,19.50,66,10.0,17.5,21.0,21.00,70,16.0,19.5,21.5,15.75,73,12.0,15.5,18.0,16.00,62,GUJ
172,FY4,CSE,10,24002171210164,A1,SALEMA SAMIMOHAMMAD SARFARAJALI,VRS,19.0,7.0,11.5,18.50,56,19.0,21.0,19.0,17.00,76,19.0,19.5,20.0,18.00,77,20.5,17.0,21.0,13.00,72,ENG
172,FY4,CS&IT,55,24002171410019,A2,KHARSANI TRUSHA HITESHBHAI,KGB,14.0,13.0,13.5,17.25,58,10.0,18.0,20.0,22.50,71,13.0,17.0,16.5,16.00,63,17.0,18.0,21.5,16.75,74,GUJ
172,FY4,CS&IT,239,24002171410030,A9,PATEL VED PANKAJBHAI,VHP,16.5,20.5,17.5,22.25,77,16.0,17.0,22.0,23.50,79,9.0,19.0,14.5,16.50,59,15.5,17.0,20.5,13.25,67,GUJ
172,FY4,CEA,320,24002171510028,A11,SHAH JENISHA SAURINKUMAR,IRS,16.0,12.0,17.5,21.25,67,8.5,17.0,12.0,17.75,56,20.0,17.0,20.0,17.00,74,22.0,17.5,20.5,15.75,76,ENG
180,FY2,IT,60,24002170210053,B2,MEHTA MANAV PRASHANTKUMAR,BPD,20.5,16.0,13.0,19.50,69,19.0,20.5,17.0,23.50,80,15.0,17.5,19.0,13.50,65,13.5,19.0,15.5,14.50,63,ENG
180,FY2,IT,13,24002170210070,B1,PATEL TIRTH SHAILESHBHAI,PBS,22.0,13.0,16.5,20.00,72,9.0,17.5,20.0,21.50,68,18.0,15.5,18.5,15.75,68,15.5,20.0,17.0,14.25,67,GUJ
180,FY4,CSE,57,24002171210015,A2,BHAVSAR RUDRA DEVANGKUMAR,PKS,18.0,9.5,10.0,12.25,50,13.0,10.0,19.0,18.75,61,15.0,20.5,19.5,14.25,70,19.5,18.0,23.0,22.00,83,ENG
180,FY5,CST,175,24002171310131,C6,RANA KEVIN ALKESHBHAI,IAM,13.0,6.5,11.5,19.00,50,13.0,13.0,20.5,19.00,66,11.5,17.5,21.0,16.25,67,24.0,21.0,22.0,21.75,89,ENG
180,FY5,CSE_DS,56,24002171810014,C2,KATARIYA YASHKUMAR RAJESHKUMAR,HAM,14.5,7.5,16.5,16.25,55,13.0,16.5,21.5,19.25,71,18.0,20.0,22.0,15.25,76,22.0,19.0,19.0,19.00,79,ENG
185,FY1,AIML,148,24002170410042,D5,SARDHARA NEERKUMAR PARESHBHAI,HSP,18.5,11.0,15.0,17.25,62,11.0,17.0,18.0,21.75,68,16.5,16.5,21.5,16.75,72,18.0,21.5,16.0,18.00,74,GUJ
185,FY1,CE,86,24002170110079,D3,KHATWALA NEEL JAYESH,NRS,14.5,14.5,16.5,20.25,66,13.5,7.0,17.5,21.00,59,18.0,17.0,18.5,15.75,70,17.5,17.0,22.0,21.00,78,ENG
185,FY1,CE,160,24002170110126,D6,PATEL MANN SANDIPKUMAR,JPM,21.0,17.5,19.0,23.00,81,14.5,19.0,21.5,20.50,76,13.0,18.5,17.0,17.25,66,13.5,17.0,17.5,18.75,67,GUJ
185,FY2,IT,82,24002170210122,B3,SURATI HONEY HIRENKUMAR,MHM,15.0,12.0,15.0,16.00,58,12.5,13.0,23.5,22.50,72,17.5,18.5,25.0,15.75,77,18.5,18.0,16.5,18.75,72,ENG
185,FY2,AIDS,160,24002170510009,B6,DARJI VISHWAM NIRAV,CVM,17.5,7.5,9.0,14.25,49,9.0,14.0,15.5,18.25,57,23.0,19.5,23.0,18.50,84,18.5,18.5,21.0,20.00,78,ENG
185,FY4,CSE,140,24002171210075,A5,KHOKHAR PRINCE JAGDISHBHAI,IRS,19.5,11.0,13.0,21.25,65,12.0,15.5,21.0,19.00,68,15.5,19.5,15.0,15.00,65,17.0,15.5,20.5,18.00,71,GUJ
185,FY4,CSE,85,24002171210151,A3,RANA AYUSH JITENDRAKUMAR,AMS,12.5,7.5,13.5,16.75,51,10.0,16.0,24.5,20.50,71,19.0,18.0,24.0,16.25,78,17.5,16.0,23.0,18.25,75,ENG
185,FY5,CST,159,24002171310034,C6,DUDHAT PRINCE MANSUKHBHAI,DJU,18.5,9.0,17.0,19.75,65,14.5,13.0,14.0,19.00,61,16.0,19.0,15.5,15.75,67,18.5,21.0,16.5,18.50,75,GUJ
193,FY4,CS&IT,237,24002171410011,A9,FINAVIYA JEELKUMAR JANAKBHAI,PKS,14.5,12.0,13.0,21.00,61,12.0,16.0,20.5,24.00,73,15.0,15.5,17.0,18.50,66,16.0,16.0,22.0,16.00,70,GUJ
193,FY5,CSE_DS,38,24002171810007,C2,DHOLARIYA ROMIL DINESHBHAI,PVS,15.5,9.5,14.5,12.00,52,12.5,16.5,18.0,18.00,65,19.5,18.0,23.0,16.00,77,20.5,19.5,17.0,19.25,77,GUJ
195,FY2,IT,51,24002170210058,B2,MOHANANI YASH GHANSHYAMBHAI,BPD,19.5,14.0,11.0,19.25,64,16.0,13.0,19.0,22.75,71,23.0,18.0,19.5,14.25,75,19.5,20.5,17.0,16.50,74,ENG
195,FY2,CSD,168,24002170310003,B6,BALOOCH AAKIFAHMEDKHAN ZAKIRAHMEDKHAN,BPD,21.5,20.5,19.0,18.00,79,8.5,13.5,17.0,18.25,58,17.5,14.5,20.5,17.00,70,17.5,22.5,16.0,15.00,71,GUJ
195,FY5,CSE_AI,33,24002171710018,C2,PATEL RUTVIK VIPULBHAI,KCS,20.5,17.5,15.0,20.25,74,13.5,19.0,18.0,21.75,73,16.0,14.0,16.5,18.75,66,22.0,15.5,15.5,16.75,70,GUJ
198,FY1,AIML,173,24002170410016,D6,KHIRA AYAZ SALIMBHAI,NRM,19.0,14.0,18.0,21.25,73,16.0,13.0,22.5,21.00,73,13.0,18.0,18.5,13.50,63,14.5,18.5,15.5,17.00,66,GUJ
198,FY1,CE,118,24002170110184,D4,TALAVIYA CHINTAN HITESHKUMAR,NRM,21.5,12.5,15.5,22.00,72,14.5,13.0,17.0,18.00,63,22.0,16.0,20.5,16.00,75,17.0,21.0,22.0,12.25,73,GUJ
198,FY1,CE,43,24002170110195,D2,VAIBHAV WAGHELA,PJD,17.0,13.0,14.0,19.00,63,18.0,13.5,19.0,22.75,74,22.0,15.5,11.5,15.00,64,18.0,19.5,20.0,16.00,74,ENG
198,FY2,IT,96,24002170210012,B4,CHOVATIYA RIYABEN JANAKBHAI,BPD,12.0,12.0,12.0,13.25,50,12.0,18.5,23.0,16.50,70,21.0,19.0,24.0,15.00,79,19.0,18.0,19.5,19.00,76,GUJ
198,FY4,CSE,32,24002171210065,A2,JETANI JENCY RAJUBHAI,KPP,18.5,11.5,15.5,15.25,61,15.0,17.5,22.0,24.00,79,19.0,12.0,22.0,19.75,73,14.5,10.0,15.5,16.00,56,GUJ
198,FY4,CSE,138,24002171210089,A5,MANSURI AHAMADRAZA YUNUSBHAI,JAZ,12.5,13.5,19.0,19.50,65,8.0,20.0,22.0,22.00,72,18.5,18.0,13.5,11.75,62,16.5,14.0,20.0,16.50,67,GUJ
198,FY5,CST,48,24002171310132,C2,RANPARIYA KRUTI AMITKUMAR,NSD,13.0,11.5,12.0,16.25,53,14.5,12.0,20.0,21.00,68,18.0,17.5,16.5,14.75,67,21.5,18.0,24.0,15.00,79,ENG
198,FY5,CST,213,24002171310140,C7,SACHANIYA KAVYKUMAR DIPAKBHAI,NSD,14.5,10.0,16.0,18.25,59,12.0,17.5,20.5,21.00,71,18.5,15.0,20.5,11.75,66,19.0,22.0,22.5,20.25,84,ENG
198,FY5,CSE_AI,30,24002171710004,C1,GAJERA PARTHVI RAJESHBHAI,HAM,13.5,5.0,11.5,16.50,47,11.0,11.5,19.0,24.00,66,16.5,15.0,21.0,18.75,72,21.0,19.5,24.0,20.50,85,GUJ
207,FY1,CE,98,24002170110199,D4,VANRA DHRUVKUMAR BALVANTBHAI,PJD,15.5,16.0,19.5,21.00,72,14.5,19.0,20.0,18.50,72,13.5,14.5,20.0,16.75,65,16.5,16.0,19.5,14.25,67,GUJ
207,FY2,IT,7,24002170210067,B1,PATEL RUTVIK SATISHKUMAR,CVM,22.0,11.5,12.5,17.75,64,12.0,17.5,22.0,20.50,72,17.0,20.5,20.0,16.25,74,12.5,17.5,15.0,18.25,64,GUJ
207,FY2,AIDS,23,24002170510004,B1,BHARTY MARIYA ABDUL RAFEY,RMP,17.0,13.0,11.5,23.00,65,19.5,20.0,24.0,22.00,86,21.0,17.0,22.5,14.75,76,9.0,20.5,19.0,13.00,62,ENG
207,FY4,CS&IT,124,24002171410021,A5,MANGUKIYA HARSHAL SURESHBHAI,PDB,22.5,12.0,14.5,20.25,70,13.0,15.0,24.0,19.50,72,21.0,17.5,19.0,16.75,75,15.5,18.0,14.0,15.50,63,GUJ
211,FY4,CSE,134,24002171210125,A5,PATEL YATRIK NITINBHAI,ARP,18.0,10.0,14.5,17.75,61,11.0,14.0,19.5,23.25,68,15.0,19.0,19.0,16.25,70,15.5,16.0,22.0,16.00,70,ENG
211,FY4,CSE,150,24002171210155,A6,RAVAL HARSH SAMIR,JAZ,14.0,10.0,14.5,17.00,56,12.0,13.0,19.5,21.50,66,13.5,18.5,20.5,17.25,70,22.0,16.0,23.0,14.75,76,ENG
211,FY5,CST,218,24002171310126,C8,PRIYANSHI HEMANSHU DALAL,NPB,12.5,9.0,13.5,14.25,50,7.0,14.5,15.5,19.50,57,20.5,13.5,17.5,17.00,69,22.5,24.0,20.0,19.75,87,ENG
211,FY5,CSE_DS,92,24002171810027,C3,SHAIKH MEHRINBANU MOHAMMED NAJMUDDIN,AIG,13.5,17.0,16.5,22.50,70,15.0,16.0,14.0,21.00,66,16.5,21.0,19.5,17.25,75,17.0,16.5,25.0,20.50,79,GUJ
215,FY1,CE,67,24002170110200,D3,VANSH BHADVANIYA,ARY,15.0,9.0,7.0,21.00,52,12.5,12.5,20.0,16.50,62,16.5,14.5,18.5,18.50,68,15.5,20.5,20.5,19.75,77,ENG
215,FY2,IT,69,24002170210009,B3,CHAUDHARI KRISHA HEMANTBHAI,BPD,15.0,12.0,11.0,19.75,58,12.5,15.5,25.0,20.25,74,16.0,20.0,22.0,16.25,75,12.0,17.0,19.5,17.25,66,GUJ
215,FY2,AIDS,66,24002170510047,B3,ZALA KUMARPALSINH MAHENDRASINH,DAM,18.0,8.0,13.5,20.00,60,14.5,17.0,19.5,14.00,65,16.0,15.0,19.0,15.25,66,15.0,17.5,18.0,18.50,69,GUJ
215,FY4,CSE,273,24002171210154,A10,RATHOD MITULKUMAR SATISHKUMAR,PKS,10.5,6.5,17.0,18.75,53,10.0,11.0,17.5,23.00,62,11.5,20.5,18.0,17.00,67,17.5,19.0,25.0,17.25,79,GUJ
215,FY4,MA&CP,232,24002171610009,A8,JAIN JAINEESH KALPESHKUMAR,PDB,22.5,15.5,13.0,16.50,68,19.5,15.5,22.0,17.75,75,16.0,11.0,15.0,12.50,55,14.5,17.0,20.5,17.00,69,ENG
220,FY1,CE,14,24002170110006,D1,AMBALIYA YASHVI BHARATBHAI,DPP,6.0,9.5,14.5,16.00,46,9.0,15.0,19.5,17.00,61,19.0,14.5,22.0,16.25,72,18.0,17.0,19.5,20.00,75,GUJ
220,FY1,CE,104,24002170110116,D4,PARSANA MEET NITINBHAI,HSP,14.0,5.5,15.5,19.00,54,11.5,13.0,17.0,21.00,63,18.5,20.0,18.5,14.50,72,17.5,19.5,20.5,20.00,78,ENG
220,FY2,IT,1,24002170210116,B1,SHIYANI VRAJ BHARATBHAI,RMP,16.0,12.0,13.5,23.00,65,15.0,17.0,17.5,23.00,73,17.0,17.5,20.0,16.50,71,17.0,18.0,11.5,15.00,62,GUJ
220,FY4,CSE,154,24002171210029,A6,CHAUHAN SONIYA DHARMENDRASINH,VRS,12.0,12.0,12.0,16.50,53,11.0,14.0,23.0,22.00,70,18.0,17.0,20.0,16.25,72,19.5,16.0,24.0,15.50,75,ENG
220,FY4,CSE,141,24002171210126,A5,PATEL MAAHI PIYUSH,PKS,15.0,9.5,16.0,17.25,58,13.0,14.0,17.0,20.00,64,22.5,19.0,19.5,14.00,75,16.5,15.0,22.0,16.25,70,ENG
220,FY4,CSE,16,24002171210150,A1,RAMANI PRIYAL JAYESHBHAI,PDB,15.0,11.0,16.0,16.25,59,13.0,19.5,21.5,21.50,76,17.5,16.5,19.0,13.50,67,18.5,10.0,15.0,15.00,59,GUJ
226,FY1,CE,155,24002170110059,D6,JAIN BHAVYA SANJAYBHAI,ARY,17.5,18.0,21.5,18.25,76,17.5,18.0,23.0,22.00,81,19.5,13.0,19.5,17.00,69,17.5,12.0,19.5,13.50,63,ENG
226,FY1,CE,185,24002170110068,D7,JOTANIA VRUND DILESHBHAI,NRS,19.0,12.5,12.0,21.50,65,11.0,15.5,20.0,18.75,66,8.5,17.5,18.5,16.50,61,17.5,19.0,21.0,19.00,77,ENG
226,FY2,IT,97,24002170210034,B4,KANASAGRA ADITYA RAJESHBHAI,CVM,19.5,13.0,13.0,19.50,65,13.0,11.0,14.5,19.50,58,12.5,15.5,20.0,13.25,62,18.0,19.5,18.5,19.50,76,ENG
226,FY4,CS&IT,49,24002171410038,A2,SAIJU DIMPLE SOHANLAL,AMS,20.5,11.0,18.5,16.25,67,10.5,20.0,25.0,16.75,73,15.5,16.0,16.0,17.75,66,13.0,14.5,19.5,19.75,67,Hindi
226,FY5,CST,53,24002171310037,C2,GAJERA ANSH DILIPBHAI,AIG,22.0,21.0,16.5,22.00,82,16.0,9.5,16.0,23.25,65,12.5,10.0,15.0,16.00,54,16.5,11.5,17.5,16.25,62,GUJ
231,FY1,AIML,250,24002170410059,D9,ZENY NILESHBHAI POKIYA,NRM,16.0,6.5,16.0,16.50,55,12.0,16.0,17.0,18.75,64,12.5,17.5,20.5,17.50,68,14.5,24.0,21.5,17.75,78,ENG
231,FY1,CE,197,24002170110039,D7,GADANI TIYA HIRENBHAI,PJD,10.0,6.0,14.0,18.00,48,13.0,11.5,17.0,23.00,65,14.5,20.5,18.0,17.50,71,19.0,18.0,21.5,19.00,78,ENG
231,FY2,IT,140,24002170210054,B5,MEHTA ASHUTOSH GAURANGKUMAR,RMP,12.0,12.5,12.0,13.75,51,14.0,14.0,25.0,23.25,77,21.5,18.0,15.5,18.50,74,17.0,18.0,20.0,20.00,75,ENG
231,FY4,CSE,194,24002171210096,A7,MISTRY HARSH HITESHKUMAR,ARP,15.0,10.0,16.5,21.00,63,9.5,17.5,23.5,19.00,70,12.0,17.0,22.0,14.25,66,14.5,15.0,19.0,15.50,64,ENG
235,FY1,CE,44,24002170110009,D2,ANTALA TIRTH ARVINDBHAI,SVC,12.5,9.5,15.0,15.50,53,12.5,16.0,22.5,19.00,70,19.0,17.5,22.0,17.25,76,19.5,19.5,20.0,17.25,77,GUJ
235,FY1,CE,152,24002170110078,D5,KHATRI MOHMADKAIF ABDULRAZAK,NRS,19.0,19.0,18.0,18.25,75,15.5,20.0,13.5,20.25,70,13.0,17.0,18.5,11.25,60,20.5,21.5,13.5,16.25,72,GUJ
235,FY1,CE,107,24002170110089,D4,MEHTA DHVANI TEJASHKUMAR,NRM,13.0,7.5,16.5,17.50,55,11.5,12.0,18.5,22.75,65,18.0,19.0,21.0,17.75,76,13.5,17.5,21.0,19.75,72,GUJ
235,FY4,CSE,184,24002171210039,A7,DHAIRYA AMITKUMAR DAVE,PDB,15.5,10.5,10.5,13.00,50,13.0,14.0,23.0,22.00,72,14.0,19.0,18.0,18.25,70,19.5,15.0,18.5,16.00,69,ENG
235,FY4,CSE,76,24002171210184,A3,SONI GAURAV HARENDRA,PDB,18.5,11.5,15.0,20.00,65,14.0,10.0,11.0,17.50,53,14.5,15.5,20.5,18.50,69,14.5,16.0,23.0,15.75,70,ENG
235,FY4,CS&IT,236,24002171410007,A9,BHAVSAR DAKSH NARENDRABHAI,KPP,17.0,11.0,16.0,23.25,68,15.0,12.0,17.0,19.00,63,13.0,14.5,18.5,14.25,61,16.5,16.0,14.5,19.50,67,ENG
235,FY5,CST,288,24002171310121,C7,PATEL ANERI DHRUVBHAI,AIG,12.0,10.0,9.5,10.25,42,11.0,16.0,15.0,21.75,64,16.0,11.0,18.0,16.25,62,22.5,22.0,21.5,22.50,89,ENG
235,FY5,CSE_DS,72,24002171810031,C3,SUTARIYA ARMAN RAMESHBHAI,KCS,18.0,10.5,18.5,20.25,68,16.0,15.0,16.5,21.00,69,19.0,15.0,16.5,12.00,63,18.0,18.0,20.0,16.50,73,GUJ
243,FY2,AIDS,47,24002170510016,B2,JADAV KRISHNA KIRANKUMAR,ANR,18.5,9.0,14.5,22.50,65,13.5,8.0,22.5,21.00,65,16.5,17.0,11.5,11.75,57,21.0,19.0,16.0,19.25,76,ENG
243,FY4,CSE,164,24002171210023,A6,CHANDEGARA DHARMIK PRAVINBHAI,IRS,13.0,9.5,11.5,14.00,48,7.5,20.0,18.5,20.00,66,20.0,18.0,19.0,18.00,75,14.5,17.0,19.5,18.75,70,GUJ
243,FY4,CSE,2,24002171210048,A1,GADHIYA PRIYANSHI ASHVINBHAI,ARP,10.5,5.0,10.5,13.25,40,5.5,18.5,23.0,20.00,67,19.0,19.0,22.5,20.50,81,16.5,20.5,18.0,22.00,77,GUJ
243,FY4,CSE,118,24002171210196,A5,VAGHANI SOHAM NILESHBHAI,VRS,18.5,7.5,13.0,17.75,57,22.0,23.0,22.0,24.50,92,18.5,16.0,16.0,19.00,70,14.5,13.0,19.5,13.25,61,GUJ
243,FY4,CEA,48,24002171510002,A2,BUTANI KRISHKUMAR GANPATBHAI,VSA,14.0,5.0,10.5,13.00,43,13.5,12.0,20.0,20.50,66,21.5,18.0,19.0,16.25,75,17.5,18.0,19.0,19.25,74,GUJ
243,FY5,CST,13,24002171310036,C1,GAJERA YASH VIRENDRABHAI,VVP,20.5,11.0,11.5,23.00,66,15.5,19.0,14.0,23.25,72,17.0,16.0,22.5,16.50,72,17.5,14.0,15.5,15.25,63,GUJ
243,FY5,CST,128,24002171310063,C5,KOSHIYA SHREYA BHAVESHBHAI,PAT,14.0,8.5,11.5,14.50,49,10.0,16.5,18.0,18.75,64,15.5,17.5,16.0,15.75,65,20.0,17.0,19.0,17.25,74,ENG
250,FY1,CE,97,24002170110096,D4,MUSABJI JEHAN RIYAJALI,NRS,16.5,15.0,17.5,16.75,66,14.0,16.0,19.5,19.00,69,15.0,17.5,19.0,10.50,62,20.0,11.0,18.0,17.00,66,GUJ
250,FY1,CE,49,24002170110149,D2,PIDHADIYA DIKSHA PANKAJBHAI,HSP,9.5,6.5,13.0,16.50,46,12.5,21.0,21.5,18.00,73,20.0,20.5,19.0,17.00,77,18.0,AB,24.5,18.25,61,GUJ
250,FY1,CE,143,24002170110196,D5,VAJARIYA DHRUVIT KALPESH,SVC,17.0,11.0,11.5,19.00,59,15.0,14.0,19.0,23.00,71,15.0,16.5,18.0,17.00,67,10.5,18.0,21.0,16.25,66,GUJ
250,FY4,CS&IT,19,24002171410023,A1,PANDYA HET YASHESHKUMAR,KGB,16.0,11.5,8.0,15.00,51,14.0,22.0,21.5,15.50,73,22.0,21.5,17.0,17.00,78,17.0,9.5,16.5,13.75,57,GUJ
250,FY5,CST,122,24002171310163,C4,SONI AKHAND VIPULKUMAR,KCS,14.0,9.0,9.0,15.25,48,13.0,13.0,16.5,21.00,64,21.0,14.0,18.0,17.50,71,18.5,18.5,18.5,20.75,77,ENG
255,FY2,IT,197,24002170210021,B7,GADANI DEV JIGNESHBHAI,MHM,15.5,11.5,12.0,14.50,54,14.0,13.0,18.5,23.50,69,17.5,16.5,16.0,14.50,65,15.0,17.5,19.5,18.50,71,ENG
255,FY2,IT,108,24002170210056,B4,MISTRY NIRAV MAHESHBHAI,VVV,14.5,11.5,17.5,18.50,62,13.0,8.5,22.0,20.50,64,14.0,11.5,19.5,14.25,60,16.5,20.5,18.0,18.75,74,GUJ
255,FY4,CSE,220,24002171210055,A8,GOSWAMI NIDHIBEN GOVINDPURI,PDB,17.5,10.5,11.5,15.75,56,14.0,14.0,17.5,19.75,66,15.5,18.0,21.0,17.25,72,14.5,14.5,18.0,18.25,66,GUJ
255,FY4,CSE,195,24002171210133,A7,PATEL PREYANS SANDIPKUMAR,DAS,18.5,15.5,19.5,20.25,74,8.0,11.0,17.0,19.00,55,15.5,22.0,17.0,15.75,71,17.0,17.0,23.0,15.75,73,ENG
259,FY1,CE,165,24002170110065,D6,JAVIYA DIYA VIMALBHAI,SVC,15.5,7.0,14.5,15.00,52,9.5,17.0,20.0,22.50,69,15.0,20.0,19.0,15.75,70,15.5,15.0,20.0,17.50,68,GUJ
259,FY1,CE,237,24002170110094,D8,MUKHI QIRAT MUSTAKAHMAD,JPM,18.5,15.5,16.5,20.00,71,14.0,21.5,24.0,20.00,80,16.5,18.5,21.0,13.00,69,15.5,10.0,17.5,18.25,62,GUJ
259,FY4,CSE,97,24002171210116,A4,PATEL VEDANT KAUSHIKBHAI,AMS,14.0,8.0,16.0,18.00,56,10.0,19.0,15.5,16.75,62,20.5,18.0,17.0,15.00,71,15.5,15.0,16.5,15.50,63,GUJ
259,FY4,CSE,202,24002171210177,A7,SHAH DHRUVI BHAVEN,IRS,18.0,12.5,14.5,18.25,64,12.0,14.0,16.5,15.75,59,19.5,15.5,19.5,16.00,71,22.0,19.5,24.5,21.50,88,ENG
263,FY1,AIML,233,24002170410043,D8,SATA ABHAY BHARAT,ASA,16.5,11.0,14.0,20.25,62,12.0,12.0,12.0,20.75,57,14.5,19.0,17.5,16.00,67,13.0,15.0,17.5,17.50,63,GUJ
263,FY1,CE,91,24002170110185,D3,TARPARA KRISH PARESHBHAI,DPP,19.5,12.5,11.5,18.50,62,13.5,12.0,20.0,18.50,64,18.0,21.0,20.0,17.00,76,16.5,18.5,18.5,13.00,67,ENG
263,FY2,IT,120,24002170210085,B4,PATEL HEEYA RAJESHBHAI,DAM,13.0,7.0,13.5,13.75,48,15.0,12.0,21.5,16.75,66,22.0,21.5,21.0,14.25,79,16.0,20.5,19.0,18.00,74,ENG
263,FY4,CSE,163,24002171210051,A6,GOKLANI KULDEEP JIGNESHKUMAR,KGB,13.5,11.0,17.0,19.25,61,9.0,10.0,19.5,19.50,58,13.0,13.0,17.5,12.50,56,16.0,17.5,22.0,18.50,74,ENG
263,FY4,CSE,105,24002171210118,A4,PATEL HEER RITESH,PKS,15.0,10.5,14.5,15.25,56,12.0,18.0,16.0,16.75,63,22.0,23.5,23.0,17.75,87,17.5,17.0,19.0,17.50,71,ENG
263,FY4,CSE,167,24002171210131,A6,PATEL PARSHWA UMESHBHAI,VHP,23.0,11.0,13.5,19.75,68,12.5,16.5,16.5,22.00,68,19.0,16.0,13.0,11.75,60,14.5,15.0,15.0,15.00,60,GUJ
263,FY4,CSE,9,24002171210146,A1,RABARA RUTU SANJAYBHAI,PKS,13.5,7.0,15.5,14.75,51,13.0,17.0,16.0,17.50,64,16.0,20.0,18.5,15.50,70,17.0,15.0,22.0,16.00,70,GUJ
263,FY4,CSE,61,24002171210193,A3,THANTH SANJAYBHAI HIMMATBHAI,AMS,18.5,15.0,19.5,21.50,75,14.0,17.0,23.0,20.50,75,16.0,15.5,16.5,15.25,64,14.0,13.0,14.5,14.75,57,GUJ
263,FY4,CEA,217,24002171510024,A8,PATEL NEEL NIMESHKUMAR,AMS,16.0,10.5,14.5,14.25,56,9.5,18.0,23.0,23.00,74,16.5,13.0,21.5,15.25,67,14.0,17.5,21.0,17.75,71,ENG
263,FY5,CST,140,24002171310014,C5,BUCH MANIN JWALANTBHAI,NPB,13.5,6.5,12.5,13.00,46,9.5,14.0,21.0,16.00,61,17.5,17.5,19.0,17.50,72,19.0,13.0,20.0,19.75,72,GUJ
263,FY5,CSE_CYBER,118,24002171910005,C4,DAVE KHUSHI SATISHBHAI,AIG,18.5,6.0,18.5,19.75,63,8.0,17.0,13.5,23.50,62,10.5,16.0,15.0,17.00,59,19.5,20.0,19.5,18.50,78,GUJ
274,FY1,CE,47,24002170110086,D2,MANKU RAJDEEPSINGH RAGHUVIRSINGH,DPP,13.0,9.0,7.5,18.75,49,13.0,16.0,18.5,20.75,69,19.5,19.5,18.0,16.50,74,19.0,15.5,24.0,21.75,81,GUJ
274,FY1,CE,177,24002170110127,D6,PATEL HEMIL VINODKUMAR,ARY,16.0,9.0,13.5,21.00,60,6.0,9.0,19.0,15.25,50,16.5,16.5,19.0,17.25,70,16.5,19.5,21.0,18.75,76,GUJ
274,FY2,CSD,167,24002170310010,B6,LABBAI MOHAMED ABDULLA JAFAR SADIK,RMP,11.0,9.0,9.0,19.50,49,16.0,8.5,21.0,16.50,62,18.0,15.5,18.0,16.00,68,23.5,17.5,19.0,17.75,78,ENG
274,FY4,CSE,158,24002171210191,A6,Thakkar Dhruvi Nehulkumar,ARP,14.0,11.0,18.0,19.25,63,15.0,23.0,16.0,22.00,76,16.5,19.0,16.0,15.75,68,17.0,14.0,17.0,12.75,61,ENG
274,FY4,CSE,89,24002171210204,A4,VIRANI KRISHA NILESHBHAI,JRC,20.0,9.0,16.5,22.50,68,13.0,17.0,19.5,21.00,71,15.5,16.0,21.0,15.00,68,14.0,18.0,18.0,17.00,67,GUJ
274,FY4,CS&IT,36,24002171410045,A2,SHARMA TANNU MUKESHBHAI,VSA,13.5,5.0,15.0,14.00,48,15.0,16.5,24.0,17.50,73,16.5,20.0,24.0,12.50,73,18.5,10.5,24.0,16.25,70,GUJ
280,FY1,CE,24,24002170110003,D1,AGHARIYA MAHAMMADHUSAIN ASHIKHUSEN,ASA,12.0,8.0,14.0,19.50,54,12.0,11.0,20.5,18.00,62,16.0,15.5,23.0,19.00,74,17.0,13.5,17.5,18.25,67,ENG
280,FY4,CSE,291,24002171210002,A11,ALISH KAMLESHBHAI DALSANIA,DAS,18.5,12.0,10.5,16.75,58,13.0,16.0,23.0,21.00,73,10.5,15.0,16.0,14.25,56,16.0,15.0,20.5,15.50,67,ENG
280,FY4,CSE,191,24002171210026,A7,CHAUDHARY KAUSHAL RAKESHBHAI,VHP,14.5,15.5,13.0,13.25,57,12.5,21.0,21.0,22.50,77,15.0,15.5,16.5,13.25,61,15.5,10.5,16.5,10.75,54,GUJ
280,FY4,CS&IT,247,24002171410024,A9,PATEL VRAJ PINKALBHAI,KGB,11.5,7.5,7.5,14.75,42,11.0,11.5,23.0,18.50,64,21.0,20.0,22.5,16.75,81,14.0,17.5,12.5,16.50,61,ENG
280,FY5,CST,102,24002171310174,C4,VAGHELA PRATHAM SARJUBHAI,PAT,23.5,19.0,15.5,24.00,82,13.5,13.5,6.0,16.25,50,20.5,14.0,12.0,15.25,62,20.5,22.0,12.5,20.50,76,ENG
285,FY1,AIML,209,24002170410058,D7,YUVRAJ VERMA,SVC,12.0,9.5,11.0,21.75,55,8.5,12.0,17.0,21.25,59,15.5,8.5,21.0,19.00,64,16.0,16.0,21.0,19.50,73,ENG
285,FY4,CSE,96,24002171210108,A4,PARMAR JAYVEERSINH GHANSHYAMSINH,VSA,11.5,4.5,16.5,18.75,52,12.5,18.0,19.5,10.00,60,19.5,17.0,20.0,16.25,73,17.5,17.0,18.0,15.00,68,GUJ
285,FY4,CSE,130,24002171210198,A5,VAGHELA YOGRAJSINH KIRITSINH,VRS,16.5,10.5,11.0,16.25,55,12.0,12.0,19.5,21.25,65,15.0,15.0,20.5,12.00,63,19.0,12.0,21.5,16.00,69,GUJ
285,FY4,CS&IT,196,24002171410004,A7,AYATI DHANANJAY MISTRY,IRS,15.5,8.5,17.5,17.75,60,13.0,10.5,16.0,21.25,61,13.0,21.5,15.0,15.50,65,18.0,13.0,16.0,17.25,65,ENG
285,FY4,CS&IT,193,24002171410041,A7,SHAH ARYA SHETULKUMAR,AMS,13.0,10.0,13.5,17.25,54,14.0,18.5,25.0,17.75,76,12.5,17.0,24.5,17.25,72,14.5,14.5,19.5,17.50,66,ENG
285,FY5,CST,120,24002171310139,C4,RUTVI VASOYA,DJU,13.5,9.0,16.0,19.00,58,13.0,19.0,23.5,23.00,79,14.5,16.0,18.0,12.25,61,15.0,17.0,16.5,15.75,65,ENG
285,FY5,CST,217,24002171310143,C8,SAVALIYA DWARKESH SANJAY,NSD,17.0,9.5,11.0,15.50,53,10.0,10.5,13.5,22.00,56,13.0,14.0,16.5,13.50,57,16.0,21.0,24.0,24.00,85,GUJ
285,FY5,CSE_DS,12,24002171810033,C1,VEKARIYA ANSH KISHORBHAI,PVS,11.0,11.5,14.0,21.75,59,10.5,16.0,17.5,18.75,63,22.0,14.0,16.0,14.25,67,11.5,20.0,20.5,17.25,70,GUJ
293,FY1,CE,126,24002170110054,D5,HENIL RAIYANI,HSP,16.0,11.0,10.5,20.00,58,15.0,18.0,19.0,23.50,76,17.0,12.5,19.5,15.75,65,15.0,16.5,19.0,20.50,71,ENG
293,FY1,CE,87,24002170110084,D3,MANAV RAKHOLIYA,PJD,14.0,13.5,17.0,20.25,65,14.0,9.5,12.0,21.00,57,15.5,15.5,18.5,14.75,65,21.0,17.0,20.0,18.25,77,ENG
293,FY1,CE,56,24002170110139,D2,PATEL DEV PRAGNESHBHAI,ARY,17.0,9.0,10.5,17.00,54,10.5,12.0,18.0,16.50,57,16.0,21.0,21.0,15.00,73,20.0,13.0,22.0,15.75,71,ENG
293,FY2,IT,78,24002170210055,B3,MEWADA HET VIREN,BPD,13.0,8.5,14.0,15.25,51,14.0,12.0,18.0,16.25,61,15.5,12.0,18.5,16.25,63,19.5,18.0,17.0,13.00,68,ENG
293,FY5,CSE_AI,42,24002171710026,C2,SHAH SHREY RAJUBHAI,DJU,8.0,4.5,12.5,13.50,39,9.0,11.0,23.5,21.75,66,15.5,18.5,18.0,18.00,70,21.5,21.0,24.0,17.00,84,GUJ
293,FY5,CSE_DS,9,24002171810015,C1,LATHIYA DHRUVIN SURESHBHAI,NSD,15.0,10.0,14.5,19.00,59,16.0,15.0,21.0,20.50,73,19.5,19.0,19.0,16.75,75,14.0,17.5,14.0,15.00,61,GUJ
299,FY1,AIML,159,24002170410034,D6,PATEL PRATHAM KALPESHBHAI,HSP,13.0,9.0,15.0,14.75,52,13.0,13.0,16.0,19.50,62,15.0,19.0,22.0,18.25,75,17.5,16.0,19.5,19.75,73,GUJ
299,FY2,IT,123,24002170210086,B4,PATEL DHRUVISH UMESHKUMAR,BPD,16.0,10.0,12.5,15.00,54,6.0,12.5,20.0,20.00,59,17.0,14.5,19.5,17.50,69,15.0,16.0,17.5,18.75,68,GUJ
299,FY5,CSE_AI,147,24002171710010,C5,KABA MANAN HIMMATBHAI,HAM,14.5,10.5,13.0,17.00,55,16.0,19.0,18.0,22.25,76,18.0,15.0,18.0,14.75,66,12.5,17.5,15.5,17.00,63,GUJ
302,FY1,CE,4,24002170110047,D1,GORSIYA SALONI HARSHADBHAI,HDS,14.0,11.5,13.0,18.25,57,12.5,15.5,21.5,15.00,65,22.0,16.0,20.0,13.50,72,10.5,17.5,20.0,17.00,65,GUJ
302,FY1,CE,25,24002170110171,D1,SHETH YUG MITULKUMAR,DPP,10.5,8.0,9.0,17.25,45,14.0,9.0,19.0,18.50,61,16.5,20.0,14.5,15.75,67,19.0,17.5,17.0,18.75,73,ENG
302,FY2,IT,75,24002170210007,B3,BUDDHDEV PINAL PRAGNESH,DAM,13.5,9.0,12.5,17.75,53,13.0,15.0,19.0,19.75,67,18.0,19.0,20.0,17.25,75,16.5,12.0,17.5,15.75,62,ENG
302,FY2,IT,128,24002170210099,B5,RATHOD KRISH VIJAYKUMAR,ANR,20.0,13.0,15.5,16.75,66,13.5,6.5,23.5,20.50,64,13.5,14.0,17.0,17.75,63,15.0,16.0,18.0,17.50,67,ENG
302,FY4,CSE,37,24002171210016,A2,BHIKADIYA HET MUKESHBHAI,AMS,14.0,7.5,15.5,16.75,54,10.0,21.5,24.0,18.00,74,20.0,16.0,19.0,18.50,74,11.5,12.0,17.5,14.75,56,GUJ
302,FY4,CSE,148,24002171210068,A6,KAKADIYA PRATHAM MANSUKHBHAI,PDB,9.5,10.5,13.5,20.50,54,9.0,19.0,24.0,20.50,73,18.5,18.0,18.0,16.25,71,14.0,12.5,19.0,16.50,62,GUJ
302,FY5,CST,172,24002171310138,C6,RUPARELIA SANJNA GAURAV,DJU,12.0,9.5,9.0,12.75,44,16.5,13.5,17.0,14.75,62,18.5,17.0,18.0,18.25,72,18.0,19.0,17.0,18.00,72,ENG
309,FY2,IT,185,24002170210052,B6,MEHAK ARORA,RMP,15.0,10.5,12.5,15.25,54,10.0,7.0,20.0,18.25,56,14.0,17.5,20.0,13.75,66,20.0,22.0,24.0,17.50,84,ENG
309,FY2,RAI,67,24002170610014,B3,VIRADIYA JASH KISHORBHAI,PBS,16.5,7.5,11.5,19.50,55,16.0,13.0,19.0,24.00,72,18.0,19.5,22.5,16.00,76,13.0,17.0,18.0,12.50,61,GUJ
309,FY4,CSE,219,24002171210136,A8,PATEL JAY DHAVALKUMAR,DAS,16.5,9.0,12.5,15.50,54,12.0,14.0,17.5,20.00,64,21.0,15.5,11.0,16.00,64,17.5,20.0,22.0,15.50,75,ENG
312,FY1,CE,121,24002170110019,D4,BHINGRADIYA LAKSH LALITBHAI,SVC,11.0,6.0,12.5,20.00,50,15.5,13.0,13.5,16.00,58,21.0,19.5,17.0,18.00,76,15.5,19.5,18.0,17.75,71,GUJ
312,FY1,CE,71,24002170110106,D3,PANCHAL JAYMIN PRAVINBHAI,HSP,16.0,13.5,15.0,19.75,65,13.5,15.0,21.0,17.75,68,16.0,16.0,20.0,17.25,70,15.0,15.5,18.0,16.75,66,GUJ
312,FY2,IT,56,24002170210036,B2,KANSAGARA MANASVI RAJESHBHAI,ANR,17.5,13.0,14.5,16.00,61,16.0,16.0,15.0,19.50,67,7.0,16.0,13.0,13.00,49,12.5,21.5,20.0,16.00,70,ENG
312,FY2,IT,11,24002170210069,B1,PATEL MAHI CHANDRAKANT,ANR,14.5,12.0,20.5,22.25,70,11.0,11.0,18.5,22.50,63,20.5,10.0,18.0,17.00,66,14.0,22.0,19.5,18.00,74,GUJ
312,FY2,IT,73,24002170210091,B3,PRAJAPATI RIDHAM NAILESHBHAI,CVM,15.5,7.5,14.0,17.00,54,9.5,10.5,19.0,21.75,61,13.0,20.0,17.5,12.75,64,15.0,15.0,17.0,18.75,66,GUJ
312,FY2,AIDS,164,24002170510045,B6,VIROLIYA TANVI MAHENDRABHAI,ANR,13.5,6.5,11.0,15.75,47,15.5,18.0,15.0,20.50,69,14.0,7.5,16.0,18.00,56,18.0,21.0,18.0,17.25,75,GUJ
312,FY4,CSE,296,24002171210093,A11,MEHTA YATHARTH HEMANG,KPP,16.5,8.0,16.5,15.25,57,17.5,12.0,16.0,15.00,61,5.0,21.5,14.5,17.75,59,19.0,14.0,20.0,16.00,69,ENG
319,FY1,AIML,265,24002170410039,D9,PRAJAPATI DHRUMIN PRAKASHKUMAR,ARY,11.5,9.5,13.0,14.00,48,9.5,13.0,16.0,20.00,59,12.0,17.5,16.5,17.50,64,16.5,21.0,12.5,18.25,69,ENG
319,FY1,CE,74,24002170110165,D3,SENJALIYA MEET SHARADBHAI,NRM,14.0,15.0,14.5,23.00,67,15.5,13.0,21.0,21.50,71,12.0,11.5,18.0,14.75,57,16.5,18.5,14.5,18.00,68,GUJ
319,FY1,CE,154,24002170110175,D6,SOLANKI JEET VIJAYBHAI,SVC,13.0,11.5,10.5,18.25,54,5.5,17.0,16.5,21.00,60,14.0,19.0,23.0,16.75,73,11.5,12.0,20.5,16.75,61,GUJ
319,FY2,IT,117,24002170210112,B4,SHAH DIYA ROHITBHAI,VVV,16.0,11.5,12.5,13.25,54,10.5,12.0,20.0,19.75,63,21.0,15.5,22.0,16.50,75,17.5,21.0,18.5,15.00,72,ENG
319,FY4,CSE,92,24002171210069,A4,KALATHIYA DHRUV DHANSUKHBHAI,KPP,17.0,13.0,9.0,15.50,55,16.5,19.5,23.0,21.50,81,17.5,15.0,16.0,17.75,67,12.5,11.0,19.0,16.25,59,GUJ
319,FY5,CST,212,24002171310124,C7,PORE KRISHA CHETANBHAI,HAM,15.5,9.5,12.5,16.75,55,15.0,6.5,14.5,19.00,55,19.5,14.5,14.5,12.50,61,21.5,21.0,20.5,17.50,81,ENG
325,FY1,CE,11,24002170110152,D1,PRAJAPATI SUJAL BHARATBHAI,SVC,13.5,11.5,10.5,13.25,49,16.5,19.0,25.0,18.00,79,18.5,14.0,21.5,19.00,73,13.0,14.5,16.0,15.25,59,GUJ
325,FY2,IT,194,24002170210115,B7,SHAH KALASH NIKHILBHAI,RMP,14.0,11.0,12.0,19.25,57,13.0,8.5,18.5,20.00,60,20.0,16.0,19.0,13.25,69,18.0,20.0,18.5,16.50,73,ENG
325,FY4,CSE,126,24002171210059,A5,HIRPARA HEER HARESHBHAI,JAZ,14.5,5.0,14.0,15.50,49,13.0,10.5,22.0,17.00,63,16.5,14.0,15.5,14.25,61,16.0,17.0,20.5,17.50,71,GUJ
325,FY4,CSE,87,24002171210197,A3,VAGHELA PARTH VRAJLAL,DAS,13.5,10.0,10.5,20.75,55,18.0,11.0,20.5,18.00,68,20.0,17.5,17.5,16.25,72,19.5,15.5,14.0,13.00,62,GUJ
325,FY5,CST,223,24002171310157,C8,SHETH KRIYABEN DARSHANKUMAR,DBP,17.0,9.5,14.0,14.75,56,11.0,15.5,14.0,20.25,61,17.0,14.0,14.0,17.25,63,21.0,21.0,22.0,15.25,80,ENG
325,FY5,CSE_DS,85,24002171810017,C3,MEWADA HET KETANKUMAR,KCS,12.5,12.0,13.5,20.25,59,14.0,16.5,20.5,18.00,69,18.5,9.5,18.0,15.00,61,15.0,20.0,18.0,13.00,66,GUJ
325,FY5,CSE_CYBER,84,24002171910007,C3,GAJJAR VANSH MEHULKUMAR,IAM,18.0,12.0,20.0,18.25,69,12.0,18.0,14.0,18.25,63,16.5,20.5,21.5,15.00,74,17.0,14.5,18.5,14.00,64,GUJ
332,FY2,AIDS,29,24002170510046,B1,YUG RAKESH NANAVATI,ANR,21.0,7.5,9.5,13.75,52,15.0,16.0,16.0,11.00,58,18.0,16.5,17.0,17.00,69,19.0,20.0,19.5,13.00,72,ENG
332,FY4,CSE,122,24002171210063,A5,JANHVI JAYANT CHAUHAN,ARP,18.0,9.0,13.0,19.25,60,8.0,15.0,16.0,21.75,61,18.5,19.0,21.0,11.50,70,15.0,13.5,20.5,16.50,66,ENG
332,FY4,CSE,63,24002171210084,A3,LODHIYA ADITYA DIVYESHKUMAR,DAS,18.5,14.5,19.5,20.75,74,12.5,17.0,18.0,18.50,66,15.5,16.0,18.0,11.25,61,15.0,14.5,9.0,17.00,56,GUJ
332,FY4,CSE,1,24002171210149,A1,RAKHOLIYA TRUNAL BHARATBHAI,AMS,11.5,8.5,15.5,12.50,48,19.0,18.0,21.5,19.50,78,17.0,18.0,18.5,11.75,66,13.5,12.0,19.0,13.50,58,GUJ
332,FY4,CS&IT,256,24002171410002,A9,AMBALIYASANA FAIZALI MOHMMADANISH,PDB,14.5,7.5,14.0,16.50,53,16.0,8.0,16.5,21.00,62,14.5,16.5,18.5,16.75,67,10.0,13.5,19.5,17.75,61,ENG
332,FY4,CS&IT,235,24002171410043,A9,SHAH MEGH BRIJALKUMAR,KGB,16.5,11.0,18.0,17.75,64,7.0,13.5,17.0,24.00,62,16.0,11.5,19.5,15.25,63,13.0,13.0,16.5,13.00,56,ENG
332,FY5,CST,114,24002171310068,C4,LABDHI SHAH,NPB,15.0,8.5,11.0,15.50,50,7.0,15.5,25.0,13.25,61,12.0,19.5,17.0,15.50,64,20.0,15.5,17.0,16.00,69,ENG
332,FY5,CSE_CYBER,141,24002171910006,C5,GAJAN PARTH JITENDRABHAI,PAT,16.5,8.0,13.5,16.50,55,8.0,19.0,18.0,20.50,66,16.0,13.5,16.5,15.00,61,14.0,17.0,17.5,18.25,67,GUJ
340,FY1,AIML,220,24002170410037,D8,PATEL MEETKUMAR CHIRAGKUMAR,SVC,16.5,9.0,15.0,16.75,58,12.5,13.0,9.0,11.25,46,19.0,15.5,19.5,13.75,68,17.0,20.0,17.5,16.00,71,ENG
340,FY1,AIML,63,24002170410038,D3,PIYUSHKUMAR THUMMAR,NRM,11.5,17.5,21.0,22.50,73,15.0,6.5,15.0,18.25,55,19.0,14.0,15.0,15.25,64,16.0,19.5,16.0,14.75,67,ENG
340,FY2,IT,102,24002170210018,B4,DOBARIA HARSH KISHORBHAI,DAM,11.5,10.5,10.0,15.00,47,10.0,6.0,17.0,19.50,53,20.0,19.5,18.5,17.50,76,16.5,22.0,22.5,15.50,77,ENG
340,FY2,IT,52,24002170210078,B2,PATEL PREKSHABEN RASHIKBHAI,CVM,15.0,10.0,12.0,21.75,59,17.0,16.0,18.0,19.25,71,15.5,16.0,20.0,16.75,69,19.0,23.0,13.0,16.00,71,GUJ
340,FY4,CSE,280,24002171210158,A10,RUDRA CHIRAG SHAH,PDB,19.5,11.5,12.5,12.75,57,10.0,9.5,17.5,18.00,55,20.0,14.5,15.0,17.75,68,21.0,14.0,17.0,15.75,68,ENG
340,FY5,CSE_CYBER,106,24002171910020,C4,TIWARI HARSHIT,DBP,14.0,10.0,17.0,17.00,58,6.5,14.0,10.0,16.75,48,11.5,16.5,19.0,12.25,60,20.5,22.0,17.5,20.50,81,ENG
346,FY1,AIML,211,24002170410002,D7,AUM BHAVIN OZA,ASA,15.0,17.0,19.0,20.75,72,14.5,14.5,16.5,16.00,62,10.5,15.0,9.0,9.00,44,17.0,16.0,15.5,16.50,65,ENG
346,FY2,IT,105,24002170210110,B4,SHAH DEVARSH PRAMIT,BPD,16.5,12.0,16.5,20.00,65,8.5,5.5,18.0,22.50,55,10.0,15.0,17.5,15.75,59,17.0,19.0,16.0,20.75,73,ENG
346,FY2,AIDS,141,24002170510044,B5,VAGHELA JEET MAHESHBHAI,BPD,18.5,16.0,13.5,23.50,72,13.0,10.0,15.5,21.50,60,11.0,17.5,19.0,14.75,63,15.0,15.5,18.5,16.25,66,GUJ
346,FY4,MA&CP,83,24002171610005,A3,DHOLAKIYA PRIYAL HEMANTBHAI,IRS,9.5,8.0,11.0,17.00,46,12.5,11.0,21.0,24.50,69,12.5,17.5,21.0,17.75,69,16.0,11.0,15.5,15.00,58,GUJ
346,FY5,CST,94,24002171310064,C4,KOSHTI MAHEK SACHINBHAI,DJU,13.0,5.5,9.0,11.50,39,12.5,14.5,22.0,17.50,67,19.0,18.0,16.0,14.25,68,17.5,17.5,19.5,17.75,73,ENG
351,FY4,CSE,306,24002171210061,A11,JAIN RAHIL DHIRAJKUMAR,JAZ,13.5,12.0,15.5,21.00,62,9.0,17.0,14.0,17.75,58,15.5,11.0,19.5,15.75,62,17.5,16.5,17.0,13.25,65,ENG
351,FY5,CST,148,24002171310069,C5,LAKHATARIYA RAHUL NAGINBHAI,HAM,11.5,8.5,9.5,17.50,47,12.5,17.0,22.0,22.00,74,19.5,16.0,13.5,16.00,65,18.5,14.0,19.5,16.25,69,GUJ
351,FY5,CST,59,24002171310146,C2,SHAH VISHWA RONAK,KCS,22.0,9.0,14.5,16.75,63,21.5,21.5,12.0,21.50,77,16.0,12.0,15.5,17.00,61,17.5,14.0,AB,16.25,48,ENG
354,FY1,CE,157,24002170110004,D6,AHIR VEDANT MEHULBHAI,DPP,10.5,5.0,12.5,11.50,40,8.0,9.5,21.5,18.00,57,18.0,17.5,20.0,16.50,72,16.5,14.5,16.5,18.00,66,GUJ
354,FY1,CE,140,24002170110164,D5,SAVANI YASHVI HITESHBHAI,NRM,17.0,14.5,13.0,18.25,63,9.0,13.0,15.5,23.75,62,17.0,21.5,19.0,14.00,72,14.0,13.5,18.5,13.00,59,ENG
354,FY2,IT,173,24002170210010,B6,CHAUHAN DHRUV RAJESHKUMAR,ANR,13.0,6.5,12.0,11.50,43,12.0,14.5,17.0,24.50,68,18.0,18.0,15.0,9.75,61,16.5,19.5,18.5,16.00,71,GUJ
354,FY4,CSE,263,24002171210017,A10,BHOJANI NISARG SHAILESHBHAI,VHP,11.0,8.0,15.5,15.75,51,9.0,16.0,20.0,22.00,67,19.0,16.0,17.5,16.75,70,18.0,11.5,18.0,15.75,64,ENG
354,FY4,CSE,113,24002171210121,A4,PATEL NISARG MANOJKUMAR,JRC,15.5,8.0,14.5,16.75,55,14.0,9.0,19.0,21.50,64,16.5,17.0,17.0,14.00,65,17.0,16.0,20.0,17.75,71,GUJ
354,FY4,MA&CP,41,24002171610008,A2,GONDALIYA SMIT GHANSHYAMBHAI,JRC,10.5,8.5,11.5,15.75,47,16.0,15.0,21.0,17.50,70,15.0,14.0,22.0,15.25,67,18.5,12.5,19.5,13.25,64,GUJ
354,FY4,MA&CP,238,24002171610014,A9,PATEL PRANCHI DEVANSHUKUMAR,VRS,10.0,11.5,13.0,15.75,51,12.0,12.5,22.0,19.25,66,15.5,15.0,18.0,17.00,66,18.0,14.0,18.0,19.00,69,ENG
354,FY5,CST,205,24002171310151,C7,SHAH PARV RAKESHBHAI,NPB,9.5,8.0,11.5,11.75,41,8.0,10.0,15.0,23.25,57,15.0,13.0,16.0,15.25,60,22.0,18.0,22.0,18.00,80,ENG
354,FY5,CSE_DS,24,24002171810016,C1,LENCHIYA DHRUVANSHU MINESH,PAT,10.5,11.0,11.0,18.00,51,10.0,6.5,19.0,20.25,56,21.0,16.0,21.0,14.75,73,18.0,21.5,17.0,16.00,73,ENG
363,FY1,CE,139,24002170110191,D5,VAGHANI SWAYAM KAUSHIKBHAI,MDP,18.5,15.5,13.0,18.00,65,14.0,14.0,12.5,19.25,60,14.5,15.0,19.0,14.00,63,16.5,16.0,15.5,16.75,65,GUJ
363,FY2,IT,104,24002170210083,B4,PATEL HET PRAKASHCHANDRA,RMP,17.5,6.0,12.5,14.50,51,11.5,13.0,18.0,18.75,62,24.0,15.0,16.5,13.50,69,16.5,16.0,14.5,17.50,65,GUJ
363,FY4,CSE,22,24002171210083,A1,LADANI BHAVYA HITESHBHAI,VRS,13.0,10.5,19.0,12.75,56,14.0,21.5,24.0,23.50,83,17.0,15.5,17.0,12.25,62,17.5,10.0,14.0,11.25,53,GUJ
363,FY5,CSE_AI,64,24002171710009,C3,JANI VISHV RAMKRUSHNBHAI,PVS,9.5,3.5,11.0,15.00,39,15.0,15.5,19.0,15.75,66,22.5,16.5,20.0,18.75,78,17.0,19.5,20.0,18.25,75,GUJ
367,FY1,CE,196,24002170110023,D7,BHUVA KRISH JAYESHBHAI,NRS,13.5,7.0,12.0,17.00,50,12.5,14.0,16.5,22.00,65,20.5,16.0,21.5,15.75,74,15.5,13.0,18.5,18.75,66,GUJ
367,FY1,CE,164,24002170110161,D6,SAVALIYA KRISH BIPINBHAI,PJD,15.5,13.5,16.5,20.50,66,16.0,19.0,18.0,16.00,69,15.5,15.0,9.0,15.50,55,14.0,12.0,14.0,14.75,55,GUJ
367,FY2,AIDS,159,24002170510001,B6,AAGAM DILIPBHAI SHAH,BPD,17.5,10.0,10.5,17.25,56,9.0,8.0,12.5,21.50,51,15.0,19.5,AB,15.50,50,17.0,19.0,19.0,18.25,74,ENG
367,FY4,CSE,190,24002171210025,A7,CHAPADIA VRUTI HARSHADBHAI,VRS,9.5,9.5,11.5,10.50,41,7.5,11.0,22.0,23.00,64,19.0,18.5,20.0,16.50,74,14.0,13.0,15.5,17.25,60,GUJ
367,FY5,CST,146,24002171310070,C5,LAVANA MAHARSHI SATISHKUMAR,DJU,18.0,7.5,10.5,19.25,56,8.0,9.0,20.0,15.75,53,14.5,16.5,12.5,13.50,57,18.5,16.0,20.0,16.25,71,ENG
372,FY1,AIML,181,24002170410020,D6,MALL MOHITKUMAR ARVINDKUMAR,HSP,12.0,9.5,12.0,17.00,51,13.0,9.0,20.0,18.75,61,16.0,18.0,18.5,12.75,66,15.0,20.0,12.0,14.75,62,ENG
372,FY1,AIML,232,24002170410023,D8,MANSURI RUSHAN ZUBERBHAI,ARY,10.5,8.5,14.0,13.00,46,12.0,12.0,21.0,19.50,65,21.0,20.5,20.5,19.25,82,19.5,17.0,19.5,15.50,72,ENG
372,FY1,CE,116,24002170110056,D4,JADAV ARJUN DILUBHAI,JPM,15.0,12.5,17.0,17.25,62,12.5,10.5,11.5,20.50,55,15.0,15.5,18.0,15.75,65,13.0,13.0,18.5,16.25,61,GUJ
372,FY1,CE,206,24002170110061,D7,JAIN MEET ABHISHEK,NRM,9.0,5.5,12.0,15.25,42,9.0,8.5,20.0,19.50,57,13.0,14.0,20.5,14.25,62,20.0,10.5,21.0,17.50,69,ENG
372,FY1,CE,39,24002170110109,D2,PANSARA SANKET PRAVINBHAI,JPM,12.0,8.0,13.0,17.75,51,15.5,15.5,24.0,14.50,70,15.5,17.5,18.5,13.25,65,9.0,18.0,16.5,15.50,59,GUJ
372,FY2,IT,171,24002170210064,B6,PARMAR RONIT NARENDRABHAI,VVV,16.0,11.5,12.0,15.25,55,12.0,13.0,17.0,20.25,63,13.5,12.5,15.0,10.50,52,17.5,18.5,19.0,18.00,73,GUJ
372,FY4,CSE,186,24002171210011,A7,BHANDARI MEET SANJAY,JAZ,18.5,9.0,15.0,16.50,59,9.5,11.5,14.0,16.75,52,15.5,16.0,14.0,15.00,61,15.5,17.0,14.5,16.50,64,ENG
372,FY5,CSE_AI,20,24002171710033,C1,ZARA AMITBHAI PANJVANI,KCS,11.5,6.0,12.0,16.75,47,7.0,6.5,14.0,18.00,46,14.0,17.5,19.0,15.25,66,22.0,20.0,23.0,18.00,83,ENG
380,FY1,AIML,111,24002170410018,D4,MAKWANA DHARMIK KAMLESHBHAI,ARY,15.5,9.5,13.5,15.00,54,9.5,14.0,13.0,20.75,58,14.5,21.5,19.0,14.00,69,16.0,16.5,20.0,15.25,68,ENG
380,FY1,AIML,218,24002170410028,D8,PANCHAL HARSHIL VIRALKUMAR,NRS,12.5,12.0,13.5,15.25,54,12.5,7.0,11.5,20.75,52,14.5,15.5,16.5,9.50,56,15.0,21.0,20.0,13.50,70,ENG
380,FY1,CE,105,24002170110030,D4,CHAVDA OM PRAKASHKUMAR,JPM,11.5,6.5,12.0,20.75,51,10.0,13.0,9.5,14.75,48,16.5,14.5,17.5,15.75,65,18.5,14.0,18.5,23.50,75,GUJ
380,FY1,CE,6,24002170110036,D1,DOBARIYA AKASH PRAFULLBHAI,JPM,9.5,7.5,10.0,17.25,45,11.0,13.5,24.5,17.00,66,18.0,13.5,21.0,18.25,71,17.0,14.5,15.0,19.25,66,GUJ
380,FY5,CST,18,24002171310092,C1,PATEL YASHKUMAR GHANSHYAMBHAI,DJU,15.5,11.0,13.5,17.75,58,10.5,12.5,18.5,22.25,64,15.5,14.5,16.5,18.25,65,16.5,14.5,20.5,17.75,70,GUJ
385,FY1,CE,48,24002170110001,D2,ADROJA ANGEL ATULBHAI,HDS,8.5,8.0,12.5,16.75,46,9.5,8.0,18.0,18.00,54,22.5,14.5,20.5,17.00,75,17.0,17.0,17.5,20.75,73,GUJ
385,FY1,CE,76,24002170110048,D3,GOSWAMI YASHBHARTHI CHANDRESHBHARTHI,PJD,12.5,8.5,15.5,19.25,56,12.0,10.5,20.5,18.75,62,18.5,16.0,19.5,16.50,71,17.5,13.0,20.0,18.00,69,GUJ
385,FY1,CE,72,24002170110141,D3,PATEL SMIT KINJALBHAI,JPM,16.5,15.5,14.0,14.75,61,14.5,9.0,17.0,9.75,51,19.5,21.0,16.0,12.00,69,21.5,16.0,20.0,11.00,69,ENG
385,FY1,CE,61,24002170110169,D2,SHAH DHAIRYA MANISHBHAI,JPM,15.0,14.0,12.5,18.50,60,14.0,9.5,17.0,23.00,64,19.5,18.0,18.5,17.50,74,11.0,20.5,16.0,16.00,64,ENG
385,FY2,AIDS,162,24002170510031,B6,PATEL MAHI SAMIR,VVV,12.0,6.0,11.0,15.50,45,12.0,13.0,17.5,18.25,61,9.0,16.5,19.0,15.50,60,16.5,17.0,24.5,17.25,76,ENG
385,FY4,CSE,11,24002171210028,A1,CHAUHAN ARPIT NARESHJI,VHP,12.5,5.0,10.0,11.25,39,13.0,20.5,20.0,15.50,69,14.5,16.0,21.0,17.00,69,15.5,16.5,16.5,15.50,64,GUJ
385,FY4,CS&IT,244,24002171410015,A9,HAIWALA AHMAD JAVED,PDB,20.0,14.0,21.0,21.00,76,11.0,12.0,18.5,11.00,53,9.5,12.5,16.0,14.25,53,11.5,13.5,16.0,15.25,57,ENG
385,FY4,CS&IT,242,24002171410052,A9,SONI VIVEK SHYAMSUNDAR,ARP,14.5,16.5,14.5,21.75,68,13.5,10.5,19.0,12.50,56,11.5,17.0,10.0,14.75,54,11.5,17.5,19.0,21.25,70,ENG
385,FY5,CST,209,24002171310134,C7,RATHOD YASHRAJSINH DILIPSINH,AIG,13.0,12.0,12.0,9.75,47,10.5,5.0,12.5,19.00,47,15.5,16.5,13.0,9.00,54,19.0,23.0,22.5,21.75,87,GUJ
394,FY1,CE,230,24002170110069,D8,KADIA MAHI DHRUV,PJD,16.0,7.5,14.0,15.75,54,12.0,16.0,17.0,18.25,64,17.0,16.0,18.5,12.50,64,18.0,14.5,19.5,17.25,70,ENG
394,FY2,IT,76,24002170210082,B3,PATEL YASH BHARATBHAI,PBS,21.0,11.5,14.0,17.25,64,15.0,9.5,16.5,17.50,59,14.0,15.0,19.0,17.25,66,12.5,10.0,20.5,19.75,63,GUJ
394,FY5,CST,276,24002171310025,C9,DESAI PRIYAM PARTHIV,DJU,16.5,14.0,14.5,20.50,66,9.0,10.0,9.0,18.50,47,8.5,12.0,13.5,17.50,52,20.0,16.0,18.5,20.25,75,ENG
394,FY5,CST,194,24002171310030,C7,DIVYOM CHAPANERA,PVS,18.5,13.0,11.5,15.75,59,11.5,16.5,16.0,20.25,65,16.0,14.0,13.5,15.50,59,12.0,12.0,17.0,9.75,51,ENG
394,FY5,CSE_AI,46,24002171710028,C2,SHAIKH SAWALIHABANU MOHAMMEDIMRAN,KCS,11.0,9.0,13.0,14.50,48,5.0,8.0,14.0,19.75,47,12.5,15.0,19.0,16.75,64,19.0,23.5,21.0,19.75,84,GUJ
399,FY1,AIML,137,24002170410001,D5,ANAGHAN PAL KANUBHAI,HSP,12.0,6.5,12.5,15.00,46,13.0,13.0,11.5,24.25,62,11.0,15.0,19.5,11.25,57,16.0,18.0,18.0,16.50,69,GUJ
399,FY1,CE,20,24002170110015,D1,BHANDERI HENISH HARESHBHAI,NRS,12.0,8.0,12.5,14.25,47,13.0,13.0,19.5,21.00,67,14.5,17.0,18.0,13.00,63,13.0,20.0,20.5,14.00,68,GUJ
399,FY1,CE,115,24002170110022,D4,BHUVA JAY VIPULBHAI,HSP,15.5,9.0,13.5,14.00,52,10.0,10.0,12.5,17.25,50,14.5,12.5,19.0,14.25,61,13.5,16.0,21.0,20.00,71,GUJ
399,FY1,CE,256,24002170110168,D9,SHAH AATMAN HARSH,DPP,18.0,11.0,13.5,19.00,62,15.0,9.0,12.0,19.75,56,12.0,15.0,14.0,12.00,53,14.0,15.5,17.0,18.00,65,ENG
399,FY2,IT,20,24002170210117,B1,SHUKLA SHIVAM OMPRAKASH,ANR,8.0,7.5,13.5,12.50,42,10.0,9.0,21.0,17.50,58,19.0,17.0,21.5,13.50,71,19.5,18.0,11.5,17.75,67,ENG
399,FY4,CS&IT,197,24002171410054,A7,TARPADA JENIL DINESHBHAI,JRC,23.0,18.0,16.0,18.75,76,12.0,13.5,19.0,16.25,61,14.5,15.0,7.5,11.25,49,17.0,16.0,9.5,14.75,58,GUJ
399,FY4,CEA,281,24002171510025,A10,PATEL DIXITKUMAR BHARATKUMAR,JRC,17.0,11.5,12.5,15.00,56,14.0,17.0,24.0,20.25,76,12.5,14.0,12.0,15.25,54,15.5,13.5,20.5,13.75,64,ENG
399,FY5,CSE_DS,138,24002171810013,C5,KARTIK ANEJA,KDL,20.0,19.0,15.5,21.25,76,10.0,10.0,12.0,20.25,53,10.0,14.0,12.0,13.75,50,12.5,14.5,17.0,14.00,58,Hindi
407,FY1,AIML,248,24002170410011,D9,HEER ASHUTOSHKUMAR THAKKAR,JPM,12.0,11.0,10.5,18.25,52,12.5,13.0,11.0,20.00,57,16.0,19.0,15.0,16.50,67,14.5,22.5,17.5,14.75,70,ENG
407,FY1,CE,141,24002170110007,D5,AMBARIYA VIVEK VIPULKUMAR,NRS,13.5,9.5,14.5,16.00,54,9.0,5.0,14.5,14.00,43,18.0,15.5,16.0,14.75,65,18.5,15.0,18.5,18.50,71,ENG
407,FY2,IT,21,24002170210029,B1,JANI BANSAL BHAVESHKUMAR,DAM,20.0,11.5,11.0,15.00,58,14.0,13.5,18.0,19.75,66,19.0,14.0,16.0,16.50,66,17.5,19.5,15.5,13.00,66,GUJ
407,FY4,CSE,182,24002171210090,A7,MASHRU DEVAM JAYESH,ARP,10.5,8.0,11.5,16.75,47,9.0,16.0,16.0,15.50,57,16.0,16.0,15.0,14.75,62,12.0,17.0,18.0,16.50,64,ENG
411,FY1,CE,262,24002170110033,D9,DHORAJIYA PARTH PARESHBHAI,NRS,14.0,4.0,14.5,16.00,49,10.5,11.0,18.0,16.75,57,14.5,15.0,14.5,14.50,59,17.0,17.0,13.5,17.50,65,GUJ
411,FY1,CE,201,24002170110104,D7,PANCHAL VINIT SANJAYBHAI,DPP,9.5,3.0,14.0,22.00,49,13.5,9.0,17.0,24.50,64,13.0,15.0,22.0,17.50,68,10.0,13.0,17.5,19.25,60,GUJ
411,FY1,CE,106,24002170110181,D4,SUTHAR NAKSHATRA HEMANTKUMAR,MDP,16.0,10.5,14.0,17.25,58,14.0,7.0,18.5,21.00,61,9.0,17.5,18.5,13.00,58,14.0,13.5,7.5,17.75,53,GUJ
411,FY2,IT,135,24002170210059,B5,ODEDRA ASHA KANDHAJI,VVV,9.5,10.5,10.5,11.75,43,12.0,12.0,15.0,23.25,63,18.5,17.0,18.0,14.25,68,17.0,19.0,17.5,17.00,71,ENG
411,FY2,IT,35,24002170210107,B2,SHAH AAGAM TEJAS,MHM,15.0,11.5,15.0,15.75,58,13.5,9.0,16.5,21.00,60,15.0,16.5,15.0,18.00,65,15.0,11.0,17.0,11.00,54,ENG
411,FY2,IT,155,24002170210125,B5,TALSANIYA NISARGKUMAR AMITBHAI,ANR,13.0,8.0,6.5,11.50,39,9.5,13.0,20.0,17.50,60,17.0,19.0,20.0,18.00,74,14.5,20.0,15.0,15.25,65,GUJ
411,FY4,CSE,292,24002171210038,A11,DESAI TANAY HRUSHIKESH,PDB,17.0,7.5,13.0,14.50,52,6.5,8.0,19.0,19.25,53,11.5,17.0,15.5,10.75,55,14.5,19.0,16.5,17.00,67,GUJ
411,FY4,CSE,207,24002171210135,A8,PATEL DARSHAN MANOJKUMAR,DAS,9.5,5.5,17.5,18.00,51,12.0,6.0,17.0,20.50,56,10.5,15.0,17.0,13.50,56,19.0,19.0,21.0,14.50,74,GUJ
411,FY4,CSE,155,24002171210167,A6,SANDIP GODHANI,VHP,21.5,12.0,10.0,18.25,62,12.0,12.0,13.5,14.50,52,15.5,14.0,18.5,11.75,60,16.0,14.0,18.5,16.00,65,ENG
411,FY4,CS&IT,243,24002171410014,A9,GURJAR KUMKUM MUKESH,DAS,11.0,9.0,12.0,15.00,47,16.0,12.5,20.0,19.75,69,11.5,13.5,17.5,16.75,60,14.0,10.5,17.5,17.25,60,Hindi
411,FY5,CST,108,24002171310099,C4,PATEL AYUSHI ROSHAN,HAM,16.0,7.0,11.5,17.75,53,10.0,12.5,16.5,16.25,56,13.0,21.0,14.5,13.75,63,17.0,19.5,18.0,11.75,67,ENG
411,FY5,CSE_DS,151,24002171810011,C5,JOSHI NIHAL HEMENDRA,KDL,16.0,11.0,13.0,18.25,59,14.0,15.5,20.0,23.50,73,14.5,8.0,13.0,11.75,48,19.5,17.5,15.0,13.50,66,ENG
423,FY1,AIML,229,24002170410010,D8,HAKIMJI MOHAMMED ANAS MOHAMMED AYAZ,NRS,14.5,9.0,12.5,17.25,54,13.5,13.0,14.5,17.75,59,14.0,15.0,19.0,16.25,65,16.0,17.5,14.5,15.25,64,ENG
423,FY1,CE,102,24002170110045,D4,GOJARIYA MEET VIPULBHAI,DPP,15.0,14.5,13.0,14.00,57,15.0,17.0,15.0,18.75,66,10.5,23.0,20.0,16.25,70,18.0,17.5,19.0,14.50,69,ENG
423,FY1,CE,5,24002170110046,D1,GONDALIYA NAIMISH BHARATBHAI,HSP,16.5,15.5,15.5,18.25,66,9.5,14.5,18.5,13.50,56,19.5,20.5,18.0,13.25,72,14.5,17.0,17.5,14.50,64,GUJ
423,FY1,CE,27,24002170110190,D1,VADADORIYA MANDAXI SATISHKUMAR,HSP,14.5,8.0,13.0,17.50,53,16.5,14.5,21.0,19.50,72,17.0,AB,19.5,15.75,53,16.5,19.5,19.0,12.50,68,GUJ
423,FY4,CSE,42,24002171210185,A2,SORATHIYA GRENSEE MANSUKHBHAI,JAZ,16.0,10.0,13.5,17.50,57,8.0,8.0,17.5,22.00,56,17.5,14.5,13.5,16.50,62,17.0,14.0,22.0,13.75,67,GUJ
423,FY5,CST,254,24002171310162,C9,SOLANKI DHANLAXMI MAHENDRABHAI,KCS,13.0,5.5,13.5,14.25,47,6.0,13.0,20.0,22.50,62,10.0,15.0,19.0,14.75,59,15.0,17.5,18.0,19.50,70,GUJ
423,FY5,CST,242,24002171310168,C8,THAKKAR NUPUR PRASHANTBHAI,KDL,18.0,10.0,9.0,12.25,50,13.0,13.5,14.5,18.75,60,9.0,15.0,14.0,11.00,49,18.5,22.0,20.0,21.00,82,ENG
430,FY1,CE,88,24002170110014,D3,BHALANI PRUSHTI CHETANBHAI,SVC,9.5,9.5,11.0,11.75,42,9.0,7.5,16.0,18.00,51,16.5,15.0,22.0,15.25,69,12.5,15.5,19.5,21.25,69,ENG
430,FY4,CSE,91,24002171210047,A4,FINAVIYA VYOM MAHESHBHAI,IRS,13.5,9.5,8.5,20.50,52,9.5,13.5,21.0,21.00,65,15.0,16.0,19.5,16.00,67,14.5,12.5,12.5,14.00,54,ENG
430,FY5,CST,221,24002171310078,C8,MAVLI UTBAN SAMIR AHMAD,VVP,16.5,6.5,11.5,12.75,48,6.5,11.0,17.0,12.25,47,20.0,20.0,17.0,13.50,71,19.0,17.0,18.0,16.75,71,ENG
430,FY5,CSE_AI,43,24002171710021,C2,PATEL DHRUVAL BIPINBHAI,HAM,10.5,9.5,14.5,11.50,46,9.0,13.5,20.0,22.75,66,10.0,17.5,19.0,13.75,61,13.0,21.5,19.0,21.75,76,GUJ
434,FY4,CSE,209,24002171210006,A8,ARYA KRISH CHANDRAKANT,IRS,16.5,9.0,12.5,14.00,52,12.5,7.0,20.5,9.75,50,15.0,20.5,14.5,12.25,63,17.5,11.0,23.5,17.75,70,ENG
434,FY5,CST,5,24002171310009,C1,BHUT SRUSHTI SHAILESH,AIG,14.5,13.0,12.5,19.00,59,15.5,21.0,19.0,20.50,76,12.0,15.0,17.5,18.50,63,12.5,18.0,17.0,18.25,66,GUJ
434,FY5,CST,16,24002171310039,C1,GHADIA FEMINA ROHITKUMAR,DJU,13.0,8.0,6.5,11.00,39,13.5,14.0,16.0,9.50,53,17.0,18.5,19.0,17.25,72,13.0,15.0,20.0,17.75,66,GUJ
437,FY1,CE,38,24002170110093,D2,MOTKA DARSHAN SURYAKANTBHAI,HSP,11.0,10.5,13.0,16.50,51,7.0,8.0,19.0,19.00,53,18.5,16.0,15.0,14.00,64,15.5,15.0,17.0,16.25,64,GUJ
437,FY2,AIDS,4,24002170510024,B1,MAGTARPARA PRINCE DINESHBHAI,PBS,11.5,7.5,9.5,14.75,44,15.0,17.5,23.5,17.50,74,15.5,6.5,20.0,16.00,58,11.5,17.0,16.0,14.75,60,GUJ
437,FY4,CEA,248,24002171510022,A9,PANDEY ALISHA RAJESH,KPP,9.0,8.0,9.0,15.25,42,13.5,10.0,18.0,11.00,53,15.0,7.0,16.5,15.00,54,14.0,21.0,20.5,16.75,73,ENG
437,FY5,CST,155,24002171310022,C5,DALAL PRIYATI ANKITBHAI,PVS,13.5,7.5,11.5,16.00,49,10.0,13.5,11.0,20.25,55,12.0,15.0,11.5,17.50,56,15.0,15.5,18.0,15.75,65,ENG
441,FY1,CE,146,24002170110113,D5,PARMAR UMANG ASHOKBHAI,DPP,15.5,14.5,9.5,17.50,57,12.5,20.0,16.0,18.75,68,18.0,15.0,13.0,12.50,59,15.0,16.5,14.0,12.75,59,GUJ
441,FY2,IT,146,24002170210032,B5,JIVANI UDAY ASHVINBHAI,ANR,14.5,12.0,11.0,20.00,58,10.0,10.5,17.0,17.50,55,17.0,18.0,19.0,14.00,68,12.0,12.0,17.0,15.50,57,GUJ
441,FY4,CSE,175,24002171210143,A7,PRAJAPATI MAHI PIYUSHBHAI,KGB,13.5,6.5,9.5,14.00,44,12.0,14.0,22.0,23.00,71,19.0,16.5,18.0,17.75,72,15.5,13.5,18.0,14.25,62,GUJ
441,FY4,CSE,39,24002171210172,A2,SHAH DHRUVI BAKUL,DAS,16.5,10.5,9.0,17.75,54,14.0,12.0,17.0,16.00,59,17.5,18.5,19.0,10.50,66,18.0,16.0,20.0,12.00,66,ENG
445,FY1,CE,192,24002170110032,D7,DHAMELIYA DIRVA DEVENDRABHAI,HSP,9.5,7.5,12.0,15.50,45,10.0,9.5,20.5,20.00,60,14.0,22.5,18.0,17.50,72,15.0,12.0,22.5,19.25,69,GUJ
445,FY1,CE,79,24002170110142,D3,PATEL HANI VASANTBHAI,ASA,11.5,11.0,13.5,20.25,57,10.0,4.5,21.0,13.75,50,8.0,17.0,17.0,14.00,56,16.0,17.5,19.0,19.25,72,GUJ
445,FY2,IT,8,24002170210068,B1,PATEL SMIT DINESHBHAI,MHM,15.5,12.0,13.0,18.25,59,15.0,18.0,13.0,22.75,69,13.0,19.5,17.0,14.75,65,9.5,14.0,12.5,14.00,50,GUJ
445,FY4,CS&IT,216,24002171410017,A8,HIRANI VEDANT SUBHASHBHAI,VSA,17.0,11.5,12.5,16.25,58,11.0,10.0,17.0,17.00,55,15.0,11.5,21.5,14.75,63,14.5,16.5,17.0,17.00,65,GUJ
445,FY4,CEA,276,24002171510008,A10,GHEVARIYA MANAVKUMAR GHANSHYAMBHAI,VSA,15.5,7.5,10.0,15.50,49,13.0,12.5,20.0,20.50,66,19.0,9.5,18.0,12.25,59,13.5,14.5,17.5,14.75,61,GUJ
445,FY5,CST,257,24002171310004,C9,ATHARVA MANAN SHAH,NPB,18.0,10.5,19.0,20.00,68,7.0,7.5,9.0,20.50,44,6.5,13.5,12.0,13.50,46,15.5,21.5,17.5,15.25,70,ENG
445,FY5,CST,4,24002171310026,C1,DEVALIYA SOHAN SAVJIBHAI,HAM,13.5,6.0,10.5,12.50,43,16.5,12.0,19.0,17.00,65,19.0,14.5,18.5,15.75,68,16.0,9.5,17.0,11.50,54,ENG
445,FY5,CST,113,24002171310100,C4,PATEL KRISH VIJAYKUMAR,NSD,13.0,13.5,17.0,20.00,64,12.5,15.0,14.0,20.50,62,9.5,14.0,14.0,13.00,51,17.5,17.5,18.5,14.50,68,GUJ
445,FY5,CST,214,24002171310164,C7,SONI KHUSHI VINAY,IAM,18.0,10.0,11.0,14.50,54,13.5,16.5,16.5,16.00,63,17.0,16.0,13.5,14.50,61,15.0,17.0,19.0,13.25,65,ENG
454,FY1,CE,117,24002170110018,D4,BHARODIYA HET SANJAYBHAI,MDP,8.5,6.5,14.5,16.25,46,14.0,6.5,15.0,22.00,58,16.0,16.0,17.0,15.00,64,15.0,14.0,14.5,18.25,62,GUJ
454,FY1,CE,128,24002170110198,D5,VAMJA UTSAV SURESHBHAI,MDP,13.0,10.0,9.0,13.50,46,10.5,9.0,15.0,20.75,56,12.5,17.5,18.0,14.00,62,21.5,16.0,16.5,15.00,69,GUJ
454,FY2,IT,169,24002170210095,B6,RANA PRATIK KANUBHAI,CVM,15.0,7.5,15.0,14.00,52,7.0,9.5,19.0,17.00,53,12.0,11.5,18.5,9.75,52,15.0,21.0,13.0,19.50,69,GUJ
454,FY2,AIDS,72,24002170510022,B3,KUKADIYA VED MUKESHBHAI,VVV,10.5,6.0,14.5,13.50,45,13.0,11.0,15.0,17.00,56,17.5,18.0,17.0,14.75,68,14.5,13.0,13.5,16.50,58,GUJ
454,FY4,CSE,153,24002171210157,A6,RUDANI JAY JITENDRABHAI,PKS,10.0,3.5,11.0,12.50,37,18.0,12.0,22.5,15.50,68,17.0,14.0,17.5,15.00,64,15.0,15.0,16.0,16.25,63,ENG
454,FY4,CS&IT,160,24002171410012,A6,GAJERA MOKSHANG RITESHBHAI,PDB,12.0,6.5,9.0,14.50,42,10.0,6.0,21.5,15.00,53,13.0,18.5,18.0,11.25,61,18.5,17.0,19.5,13.25,69,ENG
454,FY5,BIOTECH,279,24002172110002,C10,BHATT PRANAV PARESHBHAI,IAM,10.0,6.5,11.5,14.00,42,0.0,1.0,6.0,20.00,27,24.0,15.5,22.5,21.50,84,15.0,18.0,13.5,15.00,62,GUJ
461,FY1,CE,123,24002170110072,D5,KANDORIYA JAYDIP ARVINDBHAI,ASA,17.0,9.5,12.5,15.00,54,14.0,13.0,15.0,14.75,57,14.0,13.0,6.0,12.75,46,15.5,16.5,15.0,19.00,66,GUJ
461,FY1,CE,263,24002170110187,D9,THUMMAR SUJAL RAKESHBHAI,PJD,12.0,9.0,11.5,14.50,47,9.0,13.5,17.0,15.50,55,10.5,15.0,19.0,15.75,61,18.0,16.5,22.5,14.75,72,ENG
461,FY2,IT,112,24002170210084,B4,PATEL ANSH VIRENDRAKUMAR,PBS,16.0,7.5,9.5,11.75,45,6.5,3.5,15.5,19.75,46,12.5,18.5,20.0,11.50,63,15.5,21.0,21.0,16.50,74,GUJ
461,FY2,IT,137,24002170210087,B5,PATEL SACHIN KAMLESHKUMAR,ANR,13.5,6.5,12.5,15.00,48,10.5,11.0,15.5,16.25,54,16.5,15.0,19.0,11.75,63,12.5,16.0,17.0,17.00,63,GUJ
461,FY4,CSE,147,24002171210103,A6,PANCHAL NEEL DINESHBHAI,DAS,13.0,9.0,13.0,12.50,48,9.0,19.0,12.5,22.50,63,14.5,11.0,18.5,11.75,56,15.5,14.0,19.5,17.50,67,GUJ
461,FY4,CSE,187,24002171210162,A7,SAKHIYA NANDINI JAYESHBHAI,KGB,11.0,8.5,14.5,19.00,53,14.0,12.0,19.5,24.50,70,8.0,10.5,20.0,18.50,57,13.0,16.0,20.0,12.75,62,GUJ
461,FY4,CEA,178,24002171510021,A7,MODH PRINCE RAKESHKUMAR,VRS,8.5,5.0,11.5,11.00,36,14.0,16.5,23.0,12.50,66,16.0,17.0,19.5,15.25,68,18.0,15.0,15.5,17.75,67,GUJ
461,FY4,CEA,268,24002171510029,A10,SHINGALA DARSHIT NIKUNJBHAI,PDB,16.0,9.0,12.5,13.00,51,13.0,5.5,13.0,21.00,53,17.5,16.5,18.5,11.00,64,16.5,15.0,16.5,13.00,61,ENG
461,FY5,CST,219,24002171310114,C8,PATEL ASTHA KISHANBHAI,PAT,12.5,8.0,13.0,17.75,52,16.0,16.5,14.5,22.50,70,18.0,12.0,10.5,12.25,53,20.5,17.0,22.5,16.00,76,GUJ
461,FY5,CSE_DS,87,24002171810029,C3,SOJITRA DHARA MANISHBHAI,NSD,18.5,8.0,12.0,15.75,55,8.5,20.0,12.5,23.50,65,15.0,17.5,10.0,15.25,58,20.0,14.0,16.5,15.25,66,ENG
471,FY1,CE,46,24002170110049,D2,GOTHI CHINTAN UPENDRABHAI,ASA,10.5,11.5,13.5,12.75,49,12.5,12.0,11.5,17.00,53,10.0,18.5,18.0,16.00,63,15.0,18.5,18.5,12.25,65,GUJ
471,FY1,CE,32,24002170110100,D2,OGANJA YASH SURESHBHAI,PJD,9.5,5.5,15.0,18.25,49,11.5,15.0,19.0,14.50,60,15.5,15.0,20.0,15.50,66,12.5,18.5,16.5,14.25,62,GUJ
471,FY2,IT,65,24002170210047,B3,MAHI SHAILESH THAKKAR,ANR,11.0,8.5,7.5,16.25,44,14.0,13.0,23.0,22.00,72,16.0,20.0,13.5,13.25,63,12.5,19.5,12.5,12.25,57,ENG
471,FY2,IT,17,24002170210071,B1,PATEL BHAVYA ROHITKUMAR,MHM,15.0,9.0,12.5,19.50,56,12.0,11.0,17.5,22.25,63,14.5,16.5,17.5,13.25,62,12.5,16.0,14.0,14.00,57,GUJ
471,FY4,CSE,251,24002171210109,A9,PARMAR MEET MANISHKUMAR,VHP,20.0,11.0,21.0,14.50,67,15.5,13.0,17.5,11.00,57,13.5,18.0,19.0,12.25,63,15.0,16.0,14.0,14.75,60,GUJ
471,FY4,CEA,313,24002171510001,A11,BHATIYA HARSH KALPESHKUMAR,ARP,8.5,9.0,15.0,13.50,46,5.0,11.5,20.0,20.25,57,11.5,9.0,18.5,12.50,52,15.5,15.5,17.5,16.25,65,GUJ
471,FY5,CST,15,24002171310046,C1,JADAV DISHAN RITESHBHAI,DBP,15.0,7.0,11.5,16.00,50,10.0,13.5,20.0,16.50,60,11.5,16.0,13.5,17.25,59,18.0,15.5,15.0,16.75,66,GUJ
471,FY5,CST,158,24002171310082,C6,MOKSHIL SHAH,DBP,12.5,13.5,13.5,14.75,55,9.0,12.0,12.5,10.25,44,16.5,12.5,12.5,11.25,53,21.0,21.5,22.0,17.50,82,ENG
471,FY5,CST,265,24002171310127,C9,PUROHIT MAYUR DINESH,IAM,10.0,7.0,9.0,10.75,37,6.0,5.0,13.0,18.50,43,12.5,14.0,14.5,13.25,55,19.5,22.0,22.5,20.75,85,ENG
471,FY5,CSE_CYBER,160,24002171910008,C6,HET KISHOR VAGHJIYANI,HAM,15.0,7.5,11.5,15.00,49,9.0,14.0,11.5,14.25,49,13.0,14.5,16.0,12.25,56,21.0,22.0,18.5,13.75,76,ENG
481,FY1,AIML,235,24002170410051,D8,THAKKAR AARAV DHARMENDRA,HDS,18.0,12.0,14.0,18.50,63,11.5,21.0,20.0,18.50,71,13.5,12.5,12.5,12.75,52,13.0,8.5,13.0,9.75,45,ENG
481,FY2,IT,138,24002170210128,B5,THAKKAR DIYA NITINKUMAR,DAM,14.5,10.5,10.5,15.25,51,14.0,11.0,17.0,16.75,59,16.0,20.0,16.0,14.25,67,12.5,20.0,13.0,14.25,60,GUJ
481,FY2,IT,46,24002170210129,B2,THESIYA HAPPY NATWARLAL,DAM,12.5,19.5,9.0,17.25,59,14.0,18.0,16.0,14.50,63,18.0,10.0,13.0,10.50,52,16.0,17.0,14.5,12.75,61,GUJ
481,FY2,AIDS,27,24002170510008,B1,CHHODAVADIA FEEL HARSHADBHAI,VVV,16.5,13.0,13.0,18.50,61,13.0,11.0,11.0,16.50,52,17.0,14.0,14.0,14.00,59,12.5,14.5,14.0,13.50,55,GUJ
481,FY2,AIDS,62,24002170510018,B2,KALAL DHRUVIBEN BHARATBHAI,MHM,13.5,11.0,16.5,20.75,62,17.5,14.0,25.0,15.25,72,14.0,13.5,13.5,14.00,55,8.5,12.5,17.5,15.00,54,GUJ
481,FY2,AIDS,150,24002170510033,B5,POSHIYA DARSHIT MANSUKHBHAI,BPD,17.5,9.5,13.0,17.00,57,14.5,21.0,23.5,22.50,82,12.0,17.0,18.0,15.50,63,9.0,7.5,12.0,13.50,42,GUJ
481,FY4,CSE,7,24002171210012,A1,BHARAD LAKSH JITENDRABHAI,KGB,11.5,9.0,12.0,12.50,45,11.5,11.0,21.0,20.00,64,15.5,13.0,21.0,16.75,67,16.0,15.0,17.0,18.50,67,GUJ
481,FY4,CS&IT,233,24002171410033,A9,PUROHIT YUVRAJ DINESHKUMAR,JRC,10.0,6.0,16.0,16.75,49,11.5,9.5,20.0,18.25,60,16.5,17.5,18.0,12.75,65,9.5,17.0,16.0,17.25,60,GUJ
481,FY5,CST,133,24002171310128,C5,RAGHAV GUPTA,DJU,13.0,7.5,18.0,17.00,56,7.0,11.5,14.0,14.75,48,14.0,12.5,9.5,10.00,46,18.0,21.0,15.0,15.50,70,ENG
481,FY5,CSE_AI,57,24002171710003,C2,DHOLARIYA ABHAY GHANSHYAMBHAI,KDL,10.5,5.0,10.5,13.75,40,7.0,15.0,20.0,19.25,62,10.0,11.5,19.0,13.50,54,18.5,17.5,16.5,22.50,75,GUJ
491,FY2,IT,190,24002170210050,B7,MAKWANA MANTRA SANJAYKUMAR,VVV,17.5,11.5,16.5,19.25,65,16.0,9.0,22.0,15.50,63,12.0,17.0,14.0,16.50,60,9.5,16.5,16.0,9.00,51,ENG
491,FY2,CSD,166,24002170310009,B6,KHANPARA MADHVI NILESHKUMAR,PBS,13.5,9.0,10.0,13.25,46,10.5,5.5,16.0,13.25,46,18.0,9.5,20.5,14.00,62,14.5,14.5,17.5,17.25,64,ENG
491,FY4,CS&IT,230,24002171410035,A8,RAVAL JAY HARSHADBHAI,ARP,13.5,10.0,10.5,12.50,47,10.0,8.0,12.0,18.50,49,10.5,14.0,22.5,13.25,61,18.0,16.5,20.5,12.50,68,GUJ
491,FY5,CST,89,24002171310095,C3,PATEL ISHITA BHAVINBHAI,PAT,14.0,8.0,8.0,16.25,47,14.0,7.0,14.5,19.00,55,13.5,15.0,15.0,13.25,57,15.0,14.0,17.0,15.25,62,GUJ
491,FY5,CSE_CYBER,47,24002171910001,C2,AMRUTIYA MAULI ASHVINBHAI,KDL,10.0,11.0,16.0,20.00,57,7.0,20.0,17.5,17.50,62,9.0,9.5,17.5,15.50,52,12.0,17.0,15.5,16.75,62,GUJ
496,FY1,CE,110,24002170110117,D4,PATEL PRIANSHEE ARVINDBHAI,SVC,11.0,7.0,14.5,16.25,49,11.5,11.0,20.0,16.25,59,11.0,14.5,15.0,16.75,58,14.5,19.5,15.5,21.25,71,GUJ
496,FY1,CE,134,24002170110166,D5,SHAH HARSHIL KAMLESHKUMAR,ASA,12.5,10.0,14.0,15.00,52,13.0,11.0,12.0,20.00,56,18.0,14.0,17.0,12.50,62,17.0,15.5,15.0,16.25,64,GUJ
496,FY2,IT,92,24002170210027,B3,GOSWAMI CHELSY PANKAJKUMAR,ANR,14.5,9.0,10.5,11.00,45,11.0,3.5,16.5,19.25,51,13.0,16.5,20.0,13.25,63,14.5,18.0,16.5,17.00,66,ENG
496,FY2,IT,157,24002170210063,B6,PARMAR KAVYA ASHISHKUMAR,PBS,14.5,11.0,13.5,18.50,58,11.0,14.0,21.0,20.50,67,20.0,15.5,17.0,11.00,64,10.0,15.0,14.0,18.00,57,GUJ
496,FY2,IT,28,24002170210074,B1,PATEL HETVI ASHOKBHAI,ANR,12.0,7.0,10.5,13.00,43,9.0,13.0,21.5,20.50,64,18.5,13.0,19.0,17.25,68,13.0,14.0,16.0,18.00,61,GUJ
496,FY2,IT,61,24002170210130,B2,TRIVEDI KARAN SUNILKUMAR,CVM,17.5,10.5,11.5,17.75,58,15.5,17.0,18.0,13.25,64,12.0,16.0,12.5,9.75,51,17.5,19.0,9.5,14.50,61,ENG
496,FY4,CSE,271,24002171210138,A10,PATEL DEV RAJNISHKUMAR,KGB,16.0,10.5,14.0,17.50,58,14.0,13.0,13.5,20.25,61,16.0,17.5,16.5,13.00,63,12.5,11.0,17.0,14.50,55,ENG
496,FY5,CST,222,24002171310115,C8,PATEL KRISH VIPULKUMAR,AIG,8.5,5.0,10.0,15.50,39,10.0,12.0,11.5,21.00,55,14.0,18.5,16.0,15.00,64,14.5,14.0,15.0,16.50,60,ENG
496,FY5,CST,107,24002171310156,C4,SHAIKH MUZAMMIL ABDUL KHALIK,DJU,16.0,14.0,11.5,18.75,61,9.0,22.0,15.0,17.75,64,16.0,10.5,9.5,13.25,50,17.0,13.0,15.0,16.00,61,ENG
505,FY2,IT,103,24002170210131,B4,TWISHA AGRAWAL,PBS,9.5,5.0,9.0,12.00,36,12.0,19.5,11.5,18.00,61,16.0,18.5,15.0,11.00,61,15.0,20.0,13.0,16.25,65,ENG
505,FY4,CSE,274,24002171210165,A10,SALOMI MUNAF KURESHI,VRS,13.5,7.5,14.0,20.75,56,12.0,9.0,16.0,23.50,61,12.5,14.5,19.5,15.50,62,15.0,13.0,15.0,15.00,58,ENG
505,FY4,CSE,176,24002171210207,A7,VYAS MAHARSHI BHARGAV,KPP,15.0,3.0,10.5,14.75,44,14.0,8.0,16.0,13.25,52,19.0,16.0,16.5,11.75,64,17.0,12.0,13.5,15.00,58,GUJ
505,FY4,CS&IT,252,24002171410044,A9,SHAIKH TANVIR MAZHAR,VSA,10.0,7.5,10.5,13.50,42,6.5,7.0,16.0,14.75,45,13.5,17.5,21.0,12.25,65,17.0,15.0,19.5,14.25,66,ENG
505,FY5,CST,199,24002171310060,C7,KAPADIA RAJVEE HIMANSHU,HAM,15.5,9.0,7.0,14.50,46,8.5,12.0,15.0,19.50,55,11.5,14.0,15.0,15.50,56,20.0,16.0,21.0,12.75,70,ENG
505,FY5,CST,129,24002171310062,C5,KOLHE DEVANSH MANISHKUMAR,PVS,12.0,9.5,12.0,14.50,48,13.0,13.0,15.0,14.25,56,8.0,13.0,13.0,16.75,51,16.5,10.5,17.0,16.75,61,ENG
505,FY5,CSE_AI,79,24002171710016,C3,MUNSHI SIBTAINHAIDAR ZAHIRAHMAD,AIG,14.5,5.5,11.0,16.50,48,8.0,9.0,18.0,16.75,52,20.0,9.0,8.0,14.50,52,14.5,19.5,24.0,18.00,76,GUJ
512,FY5,CST,203,24002171310050,C7,JANYA KANSARA,KDL,21.0,19.0,15.5,18.25,74,9.5,12.0,17.0,15.50,54,11.0,13.5,9.5,AB,34,17.0,22.0,18.0,15.00,72,ENG
512,FY5,CST,11,24002171310091,C1,PATEL JAYNIL KAMLESHBHAI,PAT,12.5,6.5,9.5,13.50,42,7.0,18.5,17.0,17.50,60,17.5,15.0,19.0,14.50,66,14.0,13.5,16.0,17.25,61,GUJ
512,FY5,CST,181,24002171310149,C6,SHAH JINANG PRAMIT,PVS,16.0,10.0,13.0,11.00,50,9.0,8.0,10.0,18.50,46,14.5,13.0,13.5,12.75,54,18.0,20.0,21.0,16.75,76,ENG
515,FY1,AIML,214,24002170410007,D8,DANGASHIYA ARYAN JAYESHBHAI,HSP,15.5,11.5,9.0,10.75,47,11.5,16.0,17.0,17.50,62,17.5,19.0,12.0,13.00,62,13.5,10.0,13.5,14.75,52,GUJ
515,FY2,IT,90,24002170210092,B3,PRAJAPATI ABHISHEK RAKESH,VVV,8.5,6.0,14.0,12.25,41,11.0,9.0,15.0,19.50,55,14.0,17.0,19.5,16.00,67,11.5,13.0,12.0,18.00,55,ENG
515,FY2,IT,114,24002170210097,B4,RANK JAIVIK HARESHBHAI,BPD,15.5,11.5,13.5,14.75,56,12.5,7.0,14.0,19.75,54,10.0,16.0,21.5,11.00,59,12.5,12.0,15.0,18.00,58,GUJ
515,FY2,IT,9,24002170210135,B1,ZALODIYA YASH MANOJBHAI,VVV,9.5,9.0,9.0,13.50,41,10.0,10.0,20.0,20.50,61,12.5,15.0,22.0,15.50,65,14.0,19.0,13.5,17.75,65,GUJ
515,FY4,CSE,62,24002171210099,A3,NEEL SHAH,IRS,14.5,9.0,17.5,16.00,57,17.5,10.0,17.0,14.25,59,14.5,18.0,17.5,15.00,65,15.5,14.5,16.5,14.50,61,ENG
515,FY5,CST,177,24002171310003,C6,ANJALI DUBEY,KDL,14.5,8.5,13.5,14.50,51,8.5,11.0,16.0,17.25,53,10.0,16.0,14.5,16.25,57,17.0,16.0,21.5,15.00,70,ENG
515,FY5,CST,137,24002171310088,C5,PADSALA KAUSHAL ASHOKBHAI,KCS,15.0,8.0,10.5,14.00,48,14.0,11.0,19.0,21.00,65,16.5,10.5,13.5,15.25,56,10.5,14.5,21.0,15.25,62,GUJ
515,FY5,CSE_CYBER,183,24002171910017,C6,PATEL PRITHVIBEN TUSHARBHAI,AIG,16.0,14.5,20.5,22.75,74,14.5,17.0,18.0,16.50,66,10.5,18.0,18.0,14.25,61,7.5,16.0,19.0,16.75,60,GUJ
523,FY1,CE,258,24002170110097,D9,NAKUM ANJANSINH HIRENKUMAR,HSP,15.0,5.0,13.0,11.50,45,5.0,10.0,17.5,20.25,53,18.0,19.0,16.0,12.00,65,18.0,19.5,12.5,15.25,66,GUJ
523,FY1,CE,202,24002170110130,D7,PATEL HITKUMAR VINODBHAI,HDS,8.0,8.0,11.0,11.00,38,10.5,10.5,21.0,17.00,59,13.0,17.0,19.0,17.25,67,12.5,15.0,19.0,20.00,67,GUJ
523,FY1,CE,19,24002170110167,D1,SHAH JAIVAL CHIRAGBHAI,NRM,18.0,17.0,18.0,18.50,72,9.0,3.5,14.0,13.25,40,14.0,12.0,14.5,11.75,53,14.0,11.5,12.0,13.75,52,ENG
523,FY2,IT,93,24002170210044,B3,KUMBHANI HARSHIL KAMLESHBHAI,DAM,14.0,6.5,8.0,12.25,41,12.0,9.0,7.0,21.50,50,16.0,16.5,22.0,14.25,69,12.5,16.5,16.5,19.00,65,ENG
523,FY4,CSE,203,24002171210054,A7,GONDALIYA JALAK SANDIPBHAI,VHP,12.0,6.0,8.5,12.50,39,14.0,15.0,22.5,22.00,74,12.0,16.0,16.0,17.00,61,11.0,15.5,17.5,14.00,58,GUJ
523,FY4,MA&CP,231,24002171610007,A8,GAUDANI PRINCE NAINESHBHAI,DAS,13.0,4.0,11.0,17.00,45,9.5,11.0,19.0,14.50,54,14.5,17.5,20.0,12.00,64,17.5,15.5,17.5,16.00,67,GUJ
523,FY5,CST,227,24002171310071,C8,MAKWANA BHAGVATEE RAMESHBHAI,IAM,17.0,5.0,12.0,14.25,49,8.5,14.0,16.0,12.50,51,11.0,12.5,10.5,13.00,47,17.0,17.5,18.0,17.50,70,ENG
530,FY1,CE,132,24002170110050,D5,GOYANI VED JAGDISHBHAI,SVC,17.5,7.0,14.0,17.75,57,14.5,14.0,19.5,13.75,62,15.0,15.0,16.5,14.00,61,13.0,6.0,12.5,17.00,49,GUJ
530,FY2,IT,64,24002170210080,B3,PATEL UTSAV KAMLESHBHAI,RMP,14.0,5.5,11.0,11.75,43,12.0,10.0,18.0,14.25,55,20.5,10.5,19.0,13.75,64,14.5,6.0,17.5,12.00,50,GUJ
530,FY4,CSE,189,24002171210076,A7,KHUNT BANSI PARESHBHAI,PKS,9.0,8.0,13.0,12.50,43,12.5,7.5,21.0,16.25,58,16.0,19.0,20.0,15.00,70,14.0,10.0,20.0,17.50,62,GUJ
530,FY4,CSE,20,24002171210168,A1,SAVALIYA RAVI BHAVESHBHAI,KPP,21.5,14.0,16.0,15.75,68,14.0,16.0,20.5,19.00,70,16.0,10.5,13.0,10.50,50,13.0,7.0,17.0,9.75,47,GUJ
530,FY5,CST,286,24002171310035,C9,GADHIA ANSH SHRIKANT,VVP,17.0,9.0,10.5,13.50,50,9.0,6.0,23.0,19.75,58,13.0,16.0,12.0,10.25,52,19.0,14.0,15.5,13.50,62,ENG
535,FY2,CSD,172,24002170310002,B6,AKOLA DARSHNIKA VINODKUMAR,PBS,10.5,10.0,9.5,11.50,42,6.0,14.0,14.5,18.50,53,13.0,10.5,19.5,15.75,59,20.0,18.5,16.0,16.00,71,ENG
535,FY4,CSE,156,24002171210153,A6,RATHOD DAKSH SUNILBHAI,VSA,19.0,9.5,19.5,19.75,68,11.0,14.0,19.5,14.00,59,12.5,17.5,9.0,12.50,52,18.0,12.0,19.0,9.25,59,ENG
535,FY4,MA&CP,254,24002171610016,A9,RATHOD KSHISH MUKESHBHAI,ARP,13.0,13.5,11.0,15.50,53,15.0,9.0,17.0,17.50,59,14.5,11.0,13.5,10.50,50,10.5,17.0,17.0,13.00,58,Hindi
535,FY5,CST,165,24002171310106,C6,PATEL JEEL KALPESHBHAI,NSD,12.5,7.0,11.0,16.75,48,10.0,6.5,13.0,16.25,46,15.0,15.5,13.5,12.75,57,11.5,22.0,15.0,16.25,65,ENG
539,FY1,AIML,109,24002170410048,D4,SHINGALA TARUN PRAVINKUMAR,PJD,13.0,9.5,16.0,18.00,57,13.5,10.0,16.0,18.25,58,15.0,15.5,15.0,15.00,61,14.0,10.0,15.0,13.50,53,GUJ
539,FY4,CSE,166,24002171210130,A6,PATEL VRUSHTIBEN ALPESHBHAI,VRS,13.0,6.5,13.0,16.00,49,9.0,17.0,21.0,22.50,70,13.5,13.0,17.5,14.50,59,14.0,11.0,16.0,16.50,58,GUJ
539,FY5,CST,230,24002171310090,C8,PARMAR YUVRAJ MITESHBHAI,NSD,14.5,12.5,12.0,16.25,56,10.0,12.0,13.5,14.75,51,14.5,17.0,20.0,13.50,65,11.5,13.0,14.0,17.00,56,ENG
539,FY5,CSE_CYBER,49,24002171910003,C2,CHAUDHARY DISHAN VIPULKUMAR,NPB,16.5,14.0,15.5,13.75,60,9.0,11.0,14.0,10.75,45,19.5,14.5,17.5,7.00,59,18.5,12.5,20.0,16.75,68,GUJ
543,FY1,AIML,238,24002170410003,D8,BHALALA KRISHABEN PARESHBHAI,MDP,13.0,8.0,13.0,13.50,48,18.0,9.0,21.5,15.25,64,18.0,19.0,13.5,13.50,64,9.0,9.5,14.5,13.75,47,GUJ
543,FY1,AIML,207,24002170410044,D7,SATASIYA YAGNIKBHAI RAJESHBHAI,NRS,14.5,7.5,15.5,16.00,54,8.0,11.0,16.0,17.25,53,8.5,16.0,16.0,14.50,55,12.0,16.5,16.0,13.75,59,GUJ
543,FY1,CE,36,24002170110135,D2,PATEL MANSHI ASHWINBHAI,DPP,10.0,5.0,8.0,15.75,39,12.0,15.0,17.0,23.50,68,10.5,14.0,21.0,17.75,64,17.5,11.0,18.5,17.00,64,GUJ
543,FY2,AIDS,83,24002170510020,B3,KOLADIYA VRAJ KISHORBHAI,ANR,12.5,4.5,9.0,12.00,38,6.5,6.5,14.5,19.25,47,11.0,17.5,17.0,13.50,59,19.0,16.5,17.0,15.25,68,GUJ
543,FY5,CST,169,24002171310018,C6,CHAVDA NITESH RATILAL,VVP,13.0,10.0,9.0,11.25,44,8.5,7.0,19.0,20.00,55,16.0,13.5,17.5,17.25,65,15.0,10.0,16.5,15.50,57,GUJ
543,FY5,CST,125,24002171310053,C5,JOY JASVANTKUMAR MODI,KDL,12.5,4.0,12.5,10.25,40,11.5,6.0,23.0,14.75,56,10.0,10.5,13.0,13.75,48,18.5,14.0,23.5,16.25,73,ENG
543,FY5,CST,134,24002171310058,C5,KALDAR BREHAN MZUBER,HAM,12.0,5.5,10.0,11.75,40,7.5,6.0,20.0,16.00,50,16.0,14.5,18.0,14.75,64,17.5,17.0,21.0,15.25,71,ENG
550,FY1,CE,124,24002170110120,D5,PATEL DHYAN VANITKUMAR,DPP,13.0,9.5,14.0,15.75,53,11.0,17.0,18.0,20.25,67,10.0,9.5,16.0,11.00,47,14.0,14.0,16.5,14.00,59,GUJ
550,FY2,AIDS,154,24002170510039,B5,SHAH ATHARVA NAVEENKUMAR,MHM,21.0,12.0,13.5,17.75,65,14.0,18.0,14.0,20.50,67,12.0,14.5,7.5,8.75,43,10.0,15.5,17.0,13.00,56,ENG
550,FY4,CSE,179,24002171210132,A7,PATEL BRINDA RAMESHBHAI,VHP,13.0,7.5,10.5,11.00,42,5.0,3.0,11.0,21.00,40,12.0,17.0,20.0,13.50,63,15.0,16.0,18.0,16.00,65,GUJ
550,FY4,CSE,152,24002171210141,A6,PATHAN FAIYAAZKHAN FIROZKHAN,KPP,10.5,5.0,13.0,15.50,44,11.0,5.5,19.5,19.25,56,16.5,15.0,20.0,10.50,62,19.5,9.0,19.0,14.75,63,GUJ
550,FY4,CS&IT,212,24002171410042,A8,SHAH HARSIDDH KETAN,KPP,10.0,4.0,10.5,14.50,39,13.0,14.0,23.0,11.50,62,14.0,11.5,14.5,12.00,52,11.5,16.5,14.5,17.00,60,ENG
550,FY5,CST,225,24002171310123,C8,PAYLA SOHANI AHMEDBHAI,HAM,8.5,5.0,10.0,13.50,37,9.5,15.0,17.0,17.25,59,13.0,10.5,11.5,14.00,49,16.5,20.0,20.0,20.50,77,GUJ
550,FY5,CST,126,24002171310125,C5,PRAJAPATI JIMESH POPATBHAI,NSD,8.5,9.0,8.0,14.75,41,13.0,22.5,22.0,23.00,81,9.5,15.0,13.5,11.75,50,9.5,14.0,16.5,14.75,55,GUJ
550,FY5,CSE_AI,29,24002171710014,C1,MATARIYA PRINCE KALUBHAI,DJU,16.5,9.0,9.0,15.00,50,11.0,14.0,12.0,21.25,59,18.5,15.0,13.5,14.50,62,15.5,15.0,16.0,14.25,61,GUJ
558,FY4,CSE,90,24002171210097,A4,NAGPARA PARTH RATILAL,JAZ,11.5,11.0,13.0,12.75,49,8.0,17.0,19.5,20.00,65,16.5,14.0,14.5,16.50,62,9.0,15.0,17.0,15.75,57,GUJ
558,FY4,CS&IT,208,24002171410036,A8,ROJESARA MAYANK DIPAKBHAI,PDB,18.5,9.0,11.0,16.50,55,9.0,11.5,17.0,19.25,57,11.5,6.5,18.5,13.25,50,13.0,14.5,15.0,15.25,58,GUJ
558,FY4,CEA,321,24002171510036,A11,VADHIYA KRISH JIGNESH,IRS,15.5,14.0,13.5,15.50,59,11.0,13.0,17.0,14.50,56,15.5,9.0,18.0,9.00,52,13.5,11.5,16.0,12.00,53,GUJ
558,FY5,CSE_AI,26,24002171710017,C1,PATEL DEVANSH BABUBHAI,VVP,10.0,5.5,13.0,12.00,41,7.0,10.5,20.0,14.00,52,14.5,14.0,18.0,12.75,60,18.0,16.0,17.5,17.75,70,ENG
558,FY5,CSE_AI,135,24002171710029,C5,SHARMA PRIYANKA PRADIPKUMAR,DJU,8.5,7.0,13.0,14.50,43,9.0,10.5,12.0,21.25,53,11.5,11.0,16.0,8.50,47,18.5,18.0,12.0,19.50,68,ENG
558,FY5,CSE_CYBER,25,24002171910015,C1,PATEL KARMIT PANTHAKKUMAR,PVS,14.0,7.5,13.5,17.25,53,12.0,18.0,17.0,14.25,62,15.0,12.0,13.0,14.50,55,10.5,15.0,15.0,18.00,59,ENG
564,FY1,CE,166,24002170110176,D6,SOLANKI CHIRAG MUKESHBHAI,ARY,11.0,6.0,11.0,15.25,44,11.0,18.0,16.0,17.50,63,13.0,15.0,15.0,13.00,56,14.0,10.5,19.5,12.25,57,GUJ
564,FY4,CSE,136,24002171210067,A5,JOSHI HENIL SACHINKUMAR,PDB,13.5,9.0,9.0,14.00,46,15.0,14.0,19.0,15.25,64,21.0,12.0,17.0,15.75,66,16.5,16.0,15.0,12.75,61,GUJ
564,FY4,CS&IT,288,24002171410058,A10,VANSH RITESH CHAVDA,IRS,14.0,14.5,20.5,17.75,67,4.0,12.0,10.0,13.50,40,9.5,13.5,16.0,9.75,49,16.5,12.0,14.0,11.00,54,ENG
564,FY5,CSE_DS,31,24002171810030,C1,SUTARIYA KRISH ASHOKKUMAR,IAM,11.5,6.5,15.5,19.50,53,3.0,16.0,17.0,20.50,57,16.5,11.0,16.5,16.50,61,13.0,14.5,14.5,13.50,56,GUJ
568,FY1,CE,187,24002170110031,D7,CHUNDAWAT INDRAKSHI KIRTI PRATAP,SVC,8.0,5.0,14.0,18.00,45,15.5,11.5,11.0,11.75,50,15.0,19.5,9.0,15.75,60,13.0,14.0,20.5,16.50,64,ENG
568,FY2,IT,148,24002170210015,B5,DESAI KHUSH JATINKUMAR,PBS,11.5,10.0,16.0,18.25,56,10.0,13.5,13.0,20.00,57,6.0,15.5,12.0,16.50,50,16.0,12.5,13.0,16.25,58,ENG
568,FY2,IT,39,24002170210076,B2,PATEL PRINCE MANUBHAI,DAM,15.5,13.5,16.5,18.00,64,14.0,14.5,13.5,16.25,59,12.5,13.0,12.0,11.50,49,14.5,13.0,17.0,14.25,59,GUJ
568,FY2,RAI,193,24002170610009,B7,SHAH ROHAN VIMALBHAI,PBS,14.5,7.5,10.5,11.50,44,6.0,10.0,10.0,15.50,42,18.0,10.0,11.0,13.50,53,16.0,22.0,18.0,17.00,73,ENG
568,FY4,CSE,181,24002171210014,A7,BHATT DHYAN HITENKUMAR,AMS,15.5,12.5,13.5,13.75,56,9.5,15.0,19.0,15.50,59,9.0,16.0,15.5,11.25,52,18.5,18.5,17.5,15.75,71,GUJ
568,FY5,CST,258,24002171310117,C9,PATEL RUDRA UPESHKUMAR,PAT,9.5,10.5,12.0,10.50,43,5.0,2.0,13.0,21.25,42,7.5,9.5,15.5,11.00,44,21.0,19.0,18.5,19.25,78,ENG
568,FY5,CSE_DS,86,24002171810023,C3,PATEL KANVI ROHITBHAI,KDL,10.0,5.5,9.5,9.00,34,14.0,15.5,20.0,17.50,67,16.0,14.0,16.0,14.25,61,12.5,12.0,15.0,16.75,57,GUJ
568,FY5,CSE_CYBER,171,24002171910013,C6,MAKWANA DHARMI NARENDRABHAI,DBP,11.5,7.5,13.0,16.00,48,14.0,12.0,16.5,14.25,57,11.5,14.0,11.5,14.00,51,16.5,14.5,14.0,17.75,63,GUJ
576,FY1,CE,267,24002170110182,D9,SUVAGIYA HARSHIL CHATURBHAI,DPP,8.5,9.0,13.5,14.25,46,8.0,7.0,15.5,17.00,48,13.0,14.0,14.5,19.25,61,12.5,19.0,16.0,16.25,64,GUJ
576,FY5,BIOTECH,278,24002172110001,C10,BHATT MEET SHAILESHKUMAR,DJU,7.0,3.0,14.5,14.00,39,3.5,8.0,15.0,20.00,47,20.0,11.5,12.0,13.75,58,14.0,16.0,15.5,13.00,59,GUJ
578,FY1,CE,183,24002170110043,D7,GOHEL SUMIT KANAIYALAL,MDP,16.0,8.0,12.0,14.50,51,14.0,6.5,19.0,19.25,59,17.5,10.5,17.0,16.50,62,12.5,11.0,16.0,15.75,56,GUJ
578,FY1,CE,203,24002170110044,D7,GOHIL MAHIR KIRTIBHAI,HSP,8.5,13.0,17.0,19.75,59,14.0,5.0,16.5,18.25,54,14.0,12.0,14.0,10.25,51,15.5,12.0,19.0,15.75,63,ENG
578,FY1,CE,50,24002170110098,D2,NAKUM KHUSHBU RAMESHBHAI,JPM,9.0,6.0,12.5,15.50,43,13.0,15.0,19.5,17.25,65,14.5,16.0,18.0,11.75,61,11.5,11.5,9.0,14.50,47,GUJ
578,FY2,IT,68,24002170210024,B3,GAUSWAMI DHARMIKGIRI SANJAYGIRI,RMP,12.5,9.0,8.5,10.50,41,14.0,13.0,14.0,18.75,60,14.5,20.0,19.0,13.00,67,14.0,13.0,14.5,12.50,54,GUJ
578,FY2,IT,70,24002170210081,B3,PATEL SHUBHAM MUKESHKUMAR,CVM,10.5,5.0,11.5,11.25,39,14.0,10.0,13.5,19.75,58,14.5,12.0,16.5,10.75,54,14.0,14.0,15.0,13.50,57,GUJ
578,FY5,CST,142,24002171310049,C5,JAIN SOMYA AMITKUMAR,PVS,12.5,7.0,11.0,14.00,45,9.5,4.0,17.0,16.00,47,15.5,16.0,16.0,15.75,64,18.0,12.5,17.5,17.25,66,ENG
584,FY1,AIML,162,24002170410017,D6,KUMBHANI PRIYANSI BHAVESHBHAI,NRM,7.5,6.0,9.0,15.00,38,9.5,10.0,7.5,18.00,45,9.0,13.0,23.5,15.50,61,10.5,19.0,16.5,15.00,61,GUJ
584,FY5,CST,60,24002171310052,C2,JOGANI ZENIL BHAVESHBHAI,KDL,12.0,5.5,10.5,12.25,41,11.5,11.5,14.0,17.75,55,10.5,11.0,14.5,16.25,53,17.0,16.0,22.5,16.75,73,GUJ
584,FY5,CSE_DS,63,24002171810022,C3,PATEL SAHIL NITINBHAI,PAT,16.5,12.0,13.5,16.50,59,12.5,10.5,15.0,20.00,58,13.0,16.5,15.0,15.25,60,5.5,14.0,19.0,9.50,48,GUJ
587,FY2,IT,74,24002170210022,B3,GAJERA SMIT RAJESHBHAI,ANR,13.5,9.5,9.5,12.00,45,13.0,12.5,13.0,19.00,58,18.0,15.0,13.5,16.25,63,12.0,12.0,20.5,15.50,60,GUJ
587,FY4,CSE,110,24002171210179,A4,SHAIKH MOHAMMED AASHIM,ARP,18.5,10.5,17.0,21.25,68,14.0,6.5,12.5,12.75,46,17.0,13.0,13.5,9.25,53,13.0,12.0,15.5,12.75,54,GUJ
587,FY5,CST,166,24002171310032,C6,DOSHI DOLEN SACHIN,NPB,16.0,7.0,12.0,15.25,51,8.0,9.5,16.0,15.50,49,11.0,11.5,16.0,14.50,53,18.0,12.0,16.5,16.25,63,GUJ
587,FY5,CST,68,24002171310159,C3,SHREEYA SAMIR BHATT,DJU,18.0,7.0,9.5,13.50,48,11.5,9.5,10.0,12.25,44,16.5,10.0,13.5,14.75,55,17.0,15.0,17.5,16.75,67,ENG
591,FY1,AIML,225,24002170410057,D8,VORA PRIT DILIPBHAI,HSP,10.5,8.0,13.5,14.25,47,7.5,7.0,18.5,17.00,50,16.5,15.0,17.5,10.25,60,20.0,14.5,16.0,13.50,64,GUJ
591,FY1,CE,156,24002170110123,D6,PATEL PAVAN KAMLESHBHAI,ASA,14.0,13.0,16.5,17.25,61,12.0,15.0,22.0,18.25,68,7.0,15.0,11.0,8.75,42,10.5,15.0,13.0,14.25,53,GUJ
591,FY1,CE,42,24002170110136,D2,PATEL SAHIL RAJESHBHAI,NRS,6.5,9.0,12.5,13.75,42,9.5,22.0,18.0,12.75,63,14.0,14.5,18.0,12.75,60,15.5,18.0,14.0,11.50,59,ENG
591,FY1,CE,168,24002170110156,D6,RAMANI VISHVAM KISHORBHAI,DPP,15.5,13.0,14.0,16.50,59,11.0,13.0,13.0,13.25,51,13.5,17.5,12.0,11.75,55,16.5,14.0,16.0,13.75,61,GUJ
591,FY2,CSD,178,24002170310016,B6,PRINCE DIPESHBHAI PAWAR,CVM,17.0,7.0,12.0,17.50,54,9.5,8.5,15.5,17.00,51,18.5,10.5,15.0,15.75,60,14.0,15.0,15.5,15.25,60,ENG
591,FY4,CSE,93,24002171210169,A4,SAVALIYA RIYA PANKAJBHAI,PKS,14.5,6.5,10.0,15.25,47,7.0,8.5,17.5,19.75,53,17.5,8.0,20.5,14.75,61,17.5,AB,17.0,13.25,48,GUJ
591,FY4,CSE,143,24002171210203,A5,VEKARIYA PRIYANSH VIPULBHAI,VHP,21.0,14.0,17.5,17.50,70,15.0,6.5,11.5,23.00,56,13.5,17.5,14.5,13.00,59,16.0,12.0,15.0,13.00,56,GUJ
591,FY5,CST,71,24002171310093,C3,PATEL KEYANKUMAR JIGNESHBHAI,IAM,6.0,14.0,9.0,13.75,43,10.5,12.0,15.0,16.25,54,10.5,7.0,19.5,14.00,51,13.5,15.0,17.0,16.00,62,GUJ
591,FY5,CST,187,24002171310173,C7,VAGHASIYA KAMAL CHANDRAKANTBHAI,VVP,15.5,6.0,10.0,10.25,42,8.0,6.5,14.0,20.25,49,7.0,10.0,10.5,14.25,42,21.5,16.5,15.0,18.00,71,GUJ
591,FY5,CSE_AI,36,24002171710001,C2,BORADA JIYA YOGESHBHAI,NPB,15.5,7.0,11.5,15.50,50,10.0,12.5,15.0,AB,38,9.5,12.0,15.5,11.25,49,17.5,19.5,15.5,23.00,76,GUJ
591,FY5,CSE_DS,99,24002171810025,C4,SHAH MEET JAYESHBHAI,KDL,14.0,2.5,8.5,11.75,37,11.0,13.0,14.0,20.00,58,14.0,16.0,21.0,12.00,63,17.0,19.0,20.0,16.25,73,ENG
602,FY1,AIML,252,24002170410047,D9,SHAH URVA JIGNESHBHAI,PJD,16.0,9.0,13.0,18.00,56,7.0,12.0,10.0,16.75,46,10.0,16.5,17.5,13.25,58,17.5,18.5,20.0,14.00,70,ENG
602,FY2,IT,139,24002170210026,B5,GHANCHI MAHAMMADZAID MAHAMMADHANIF,PBS,10.5,8.0,11.5,11.25,42,6.0,4.5,17.0,16.75,45,18.5,20.0,15.0,9.25,63,15.5,17.5,21.5,14.25,69,GUJ
602,FY2,IT,53,24002170210079,B2,PATEL MILANKUMAR AMITKUMAR,MHM,11.5,10.0,9.5,12.25,44,12.0,8.0,12.0,20.00,52,14.5,15.5,17.0,11.75,59,7.0,18.0,18.5,16.50,60,ENG
602,FY4,CSE,4,24002171210194,A1,THUMMAR DEVANG KAMLESHBHAI,PDB,18.0,17.5,22.0,19.25,77,13.0,14.0,17.5,14.75,60,15.5,10.0,11.0,6.75,44,11.0,12.5,15.0,13.00,52,GUJ
602,FY4,CEA,302,24002171510034,A11,TANK HETVI NILESHKUMAR,ARP,18.0,14.0,15.5,16.00,64,13.0,15.5,21.0,15.50,65,10.5,16.0,13.5,10.75,51,16.0,17.0,13.5,10.75,58,ENG
602,FY5,CST,189,24002171310065,C7,KOTADIYA PRAGATI RAJESHBHAI,KCS,17.5,7.5,7.5,13.75,47,8.5,16.0,11.0,16.00,52,15.5,14.0,15.0,10.25,55,20.5,14.0,17.5,15.25,68,GUJ
602,FY5,CST,256,24002171310169,C9,THAKKAR DHRUVI NILESH,NSD,8.0,9.0,10.5,13.00,41,8.0,5.5,15.5,19.00,48,13.0,13.0,17.0,12.00,55,13.5,22.0,19.0,15.50,70,ENG
609,FY1,CE,13,24002170110102,D1,PANCHAL DAX VIJAYBHAI,ASA,7.5,4.5,18.0,19.25,50,13.5,11.0,20.0,15.75,61,8.0,13.5,21.0,13.25,56,10.0,11.5,17.5,17.75,57,GUJ
609,FY1,CE,78,24002170110108,D3,PANDYA YASH VIJAYKUMAR,ARY,11.0,7.0,13.0,14.00,45,13.0,17.0,22.0,16.25,69,13.5,15.5,16.5,11.00,57,20.0,16.5,16.0,14.25,67,GUJ
609,FY2,CSD,202,24002170310012,B7,PARMAR PRITESH GUNAVANTBHAI,PBS,13.5,5.0,13.0,17.75,50,7.5,10.5,21.0,21.00,60,15.0,14.0,13.5,11.50,54,14.0,11.0,15.5,16.00,57,GUJ
609,FY2,AIDS,196,24002170510040,B7,SINDHI AMAN KASAMBHAI,CVM,10.0,4.5,10.5,15.50,41,12.5,13.0,15.5,16.00,57,14.5,16.5,20.5,14.50,66,15.5,13.0,17.0,16.75,63,GUJ
609,FY4,CSE,26,24002171210062,A1,JAIVAL ANKITBHAI PATEL,ARP,15.5,9.5,6.5,12.00,44,4.5,10.5,13.0,19.00,47,19.0,16.0,13.0,11.75,60,14.5,15.0,12.0,16.50,58,ENG
609,FY4,CSE,144,24002171210074,A5,KATHIRIYA KHUSHI KISHORBHAI,VSA,10.5,5.5,10.0,12.50,39,8.5,9.0,16.5,18.50,53,15.5,14.5,19.0,13.00,62,16.5,11.5,18.5,13.25,60,GUJ
609,FY4,CS&IT,250,24002171410020,A9,LUKHI OM ARVINDBHAI,VRS,9.0,4.5,5.5,13.25,33,12.0,14.0,12.0,21.00,59,14.0,16.0,17.5,16.25,64,6.0,13.0,14.5,19.50,53,GUJ
609,FY5,CST,196,24002171310136,C7,RAVAL PRATHAM NITINKUMAR,AIG,15.5,12.0,18.0,19.50,65,8.5,16.5,16.5,16.75,59,12.0,12.5,15.0,11.00,51,9.0,17.0,18.0,14.25,59,GUJ
609,FY5,CSE_AI,77,24002171710024,C3,PATEL VRUSHI JAYESHBHAI,PVS,19.0,9.5,12.5,16.00,57,6.0,6.0,13.0,13.00,38,14.5,7.5,17.0,12.00,51,19.0,20.5,22.0,18.00,80,GUJ
609,FY5,BIOTECH,277,24002172110004,C10,PANDYA SIDDHIBEN HARDIKKUMAR,HAM,13.5,3.5,14.0,10.75,42,3.5,7.0,13.0,16.50,40,22.0,14.0,14.0,16.50,67,19.5,18.0,17.5,17.25,73,GUJ
619,FY1,CE,213,24002170110179,D8,SOLANKI JAYDIP GAUTAMBHAI,HDS,6.5,8.0,11.5,15.00,41,14.5,17.0,16.0,15.00,63,12.0,13.0,14.5,13.75,54,13.5,14.0,16.5,15.50,60,GUJ
619,FY4,CSE,267,24002171210137,A10,PATEL DEV ALPESHKUMAR,DAS,9.5,4.0,9.0,10.75,34,13.0,7.5,20.0,15.25,56,15.0,14.0,20.0,8.25,58,13.5,10.0,19.0,15.50,58,GUJ
619,FY4,CSE,249,24002171210145,A9,PRAJAPATI KRISH BHAVESHBHAI,PKS,12.0,8.0,11.5,15.00,47,10.0,19.0,17.0,18.50,65,15.0,17.0,15.0,16.00,63,10.0,10.0,15.0,15.00,50,GUJ
619,FY4,CS&IT,240,24002171410010,A9,DHANANI TIRTH RAMJIBHAI,VSA,9.0,5.5,10.5,13.50,39,8.0,11.0,17.5,19.00,56,13.0,13.5,14.0,15.75,57,10.0,10.0,16.0,14.50,51,GUJ
619,FY5,CSE_DS,95,24002171810028,C4,SIYA MEHTA,HAM,11.5,7.0,11.0,12.75,43,9.0,9.0,11.0,18.00,47,13.0,12.0,16.0,12.25,54,22.0,16.0,16.0,17.50,72,ENG
624,FY1,AIML,227,24002170410029,D8,PANCHAL VISHAKHA JAGDISHBHAI,MDP,10.5,5.5,12.5,13.75,43,9.0,10.0,14.5,20.00,54,15.5,11.0,18.0,15.25,60,13.5,8.0,16.5,17.75,56,GUJ
624,FY1,CE,182,24002170110099,D6,NAVADIYA YAGNIK RAJUBHAI,JPM,9.5,6.5,8.0,13.50,38,8.0,8.0,20.0,18.75,55,18.0,12.5,15.5,8.75,55,16.5,10.0,18.5,13.75,59,GUJ
624,FY4,CSE,132,24002171210040,A5,DHAMELIYA HET NARESHBHAI,VSA,13.5,6.5,7.5,9.00,37,9.0,9.0,16.5,13.00,48,21.0,16.0,15.5,11.25,64,13.0,14.0,15.5,16.25,59,GUJ
627,FY2,IT,33,24002170210031,B2,JILKA PREM NITESHKUMAR,BPD,13.5,11.0,12.0,20.75,58,14.0,8.0,17.5,16.00,56,10.5,12.0,14.0,11.50,48,10.5,18.0,11.5,14.00,54,GUJ
627,FY2,IT,55,24002170210134,B2,ZALA DARSHRAJSINH GHANSHYAMSINH,VVV,14.5,9.0,11.5,17.25,53,10.5,10.0,15.0,19.25,55,11.0,5.5,15.0,8.75,41,7.0,15.0,17.5,15.50,55,GUJ
627,FY4,CSE,101,24002171210010,A4,BHALANI JAYNIL RASIKBHAI,JRC,13.5,9.0,8.0,16.00,47,10.5,8.0,19.0,13.75,52,12.0,11.0,19.0,11.50,54,6.5,15.0,14.5,11.25,48,GUJ
627,FY4,CEA,172,24002171510007,A6,GHEVARIYA DHRUV ARVINDBHAI,IRS,12.0,3.0,16.0,18.00,49,11.0,16.5,18.0,19.75,66,7.0,10.0,15.0,15.00,47,6.0,13.5,12.0,14.50,46,GUJ
627,FY5,CST,14,24002171310010,C1,BHUVA VAIBHAV SHAILESHBHAI,AIG,15.0,8.0,14.5,14.50,52,11.0,15.0,18.0,14.25,59,16.5,10.5,13.0,16.75,57,12.0,13.5,12.5,14.25,53,GUJ
627,FY5,CST,139,24002171310147,C5,SHAH DIYA DHRUVINKUMAR,NSD,12.5,9.5,12.5,11.25,46,8.5,9.0,17.0,20.75,56,11.5,16.5,12.5,10.25,51,17.0,14.0,18.0,13.50,63,ENG
633,FY1,CE,28,24002170110002,D1,AGHARA SMITKUMAR NARENDRABHAI,JPM,14.0,5.5,17.5,17.25,55,12.0,15.0,18.5,17.00,63,12.5,17.5,14.0,14.50,59,14.5,10.0,15.5,11.00,51,GUJ
633,FY1,CE,204,24002170110082,D7,KOYANI YUG KETANBHAI,JPM,12.0,13.5,15.5,20.00,61,7.5,11.0,7.5,16.00,42,13.0,16.0,17.5,10.75,58,13.5,11.5,13.5,9.00,48,GUJ
633,FY1,CE,96,24002170110143,D4,PATEL VED DINESHKUMAR,NRM,12.0,10.5,12.0,18.50,53,10.5,8.5,13.5,18.50,51,14.0,15.5,14.0,13.50,57,15.0,12.5,15.0,16.25,59,GUJ
633,FY1,CE,83,24002170110204,D3,VORA RISHIKUMAR RAMESHBHAI,JPM,9.0,7.5,11.0,19.75,48,8.0,9.0,16.5,15.75,50,5.5,15.0,15.5,14.00,50,18.0,12.5,17.0,11.50,59,GUJ
633,FY4,CSE,224,24002171210092,A8,MEHTA PALASH BHASKARBHAI,KPP,15.0,11.0,9.0,14.00,49,4.5,12.5,15.5,19.50,52,12.0,14.5,12.0,8.75,48,15.5,13.5,12.5,14.00,56,GUJ
633,FY4,CSE,45,24002171210113,A2,PATEL PARTH BHUPESHBHAI,PKS,16.0,9.5,11.5,13.00,50,14.0,14.0,13.5,19.00,61,19.5,5.0,15.0,10.00,50,14.0,12.0,17.5,11.75,56,GUJ
633,FY4,CSE,112,24002171210202,A4,VAVDIYA NISARGI JAGDISHBHAI,PDB,19.0,7.0,12.0,17.00,55,12.0,6.0,14.0,18.50,51,17.0,12.0,20.0,9.75,59,16.5,9.0,10.5,10.00,46,GUJ
633,FY5,CST,136,24002171310038,C5,GAMI MEGHKUMAR RAJESHBHAI,IAM,12.0,9.0,10.5,13.75,46,14.5,15.0,23.0,17.50,70,14.5,11.5,15.0,11.25,53,15.0,11.5,14.0,14.25,55,GUJ
633,FY5,CST,103,24002171310079,C4,MIYANI VASU SUBHASHBHAI,PVS,21.5,10.0,15.0,16.50,63,14.5,8.5,14.0,17.00,54,9.0,13.0,10.0,8.75,41,11.5,12.0,16.5,11.50,52,GUJ
633,FY5,CST,170,24002171310107,C6,PATEL HELLY KAMALBHAI,AIG,9.5,5.5,10.5,15.25,41,5.0,7.5,6.0,12.75,32,13.5,12.5,15.5,18.50,60,15.5,14.0,20.0,16.00,66,ENG
633,FY5,CSE_AI,62,24002171710032,C2,VARTEJI ALIRAZA ARSHAD,NPB,15.5,13.0,11.5,13.25,54,10.0,10.5,11.0,14.75,47,14.5,14.0,17.0,11.25,57,13.0,21.0,10.0,12.50,57,ENG
644,FY1,AIML,210,24002170410036,D7,PATEL DHARM SANJAYBHAI,ARY,12.0,10.0,10.0,14.50,47,11.0,12.5,13.5,11.75,49,10.5,9.0,14.5,11.75,46,10.0,12.0,17.0,13.75,53,GUJ
644,FY1,AIML,167,24002170410056,D6,VITHANI PANTHI SHAILESHBHAI,ASA,16.0,6.0,11.5,13.00,47,8.0,11.0,12.5,12.75,45,10.5,16.0,14.0,14.00,55,15.0,15.0,16.5,16.25,63,GUJ
644,FY1,CE,45,24002170110095,D2,MUNGALPARA YASHBHAI PARESHBHAI,ARY,9.5,9.5,11.5,12.75,44,10.0,13.0,10.5,21.00,55,18.0,10.5,16.5,12.75,58,11.0,13.5,18.5,18.75,62,ENG
644,FY2,IT,149,24002170210062,B5,PARMAR URVISH ASHOKBHAI,RMP,6.5,6.5,14.0,16.75,44,12.0,5.5,21.0,15.50,54,21.0,11.0,18.5,9.25,60,10.5,14.5,12.5,16.00,54,GUJ
644,FY4,CSE,125,24002171210066,A5,JETANI KRISH BHAVESHBHAI,JRC,13.0,9.5,11.0,13.75,48,6.5,12.0,15.0,16.75,51,13.5,7.0,14.5,13.25,49,13.5,11.5,16.0,13.75,55,GUJ
644,FY4,CSE,264,24002171210104,A10,PANCHAL RIYABEN TARUNKUMAR,VSA,11.5,5.0,13.5,13.25,44,14.5,14.0,15.5,18.00,62,15.0,16.0,14.5,15.00,61,13.5,15.0,11.5,12.25,53,GUJ
644,FY5,CST,226,24002171310086,C8,NAYAN BHATU,KDL,7.0,6.0,8.5,11.00,33,4.0,8.0,12.5,14.25,39,8.0,11.5,16.0,13.50,49,17.5,18.0,20.5,17.00,73,ENG
644,FY5,CSE_DS,52,24002171810001,C2,AAYUSHI BHAVESHBHAI MAV,VVP,10.5,6.5,7.0,14.00,38,10.0,9.0,18.5,12.25,50,4.0,12.0,13.0,8.25,38,18.0,18.5,17.5,15.00,69,ENG
652,FY1,AIML,223,24002170410015,D8,KATHIRIYA SWASTIK JITENDRABHAI,DPP,18.0,9.0,9.0,17.50,54,13.5,13.0,15.0,15.50,57,16.5,16.0,13.5,14.00,60,10.0,12.0,10.5,14.00,47,GUJ
652,FY2,CSD,200,24002170310008,B7,JOSHI PALSHREE KAUSHIK,ANR,17.5,8.0,10.5,15.50,52,5.0,10.0,10.5,10.25,36,13.5,15.5,8.5,12.50,50,18.0,16.0,20.5,16.00,71,ENG
652,FY2,AIDS,109,24002170510027,B4,MESARA DEEP VIJAYKUMAR,PBS,9.5,6.0,6.5,9.25,32,9.0,10.0,9.0,12.50,41,14.5,17.0,18.0,13.25,63,15.0,15.0,16.5,15.50,62,ENG
652,FY4,CSE,109,24002171210044,A4,DOBARIYA ZEEL MANISHBHAI,AMS,12.5,7.0,7.5,11.00,38,11.0,18.0,18.0,17.00,64,17.0,12.0,11.0,14.00,54,13.0,12.0,15.0,14.50,55,GUJ
656,FY1,AIML,228,24002170410049,D8,SHUKLA NILAYKUMAR ASHUTOSHBHAI,NRM,14.0,9.5,14.5,18.75,57,8.0,14.0,9.0,13.50,45,14.5,12.5,15.5,6.50,49,13.0,16.5,17.0,12.75,60,ENG
656,FY1,CE,92,24002170110012,D3,BAVARVA KUSH JAGDISHBHAI,HDS,10.5,5.0,11.5,14.00,41,13.5,10.0,16.0,AB,40,13.5,15.0,17.5,17.75,64,11.5,14.0,17.5,16.75,60,GUJ
656,FY1,CE,29,24002170110134,D1,PATEL SMITKUMAR DINESHBHAI,MDP,12.0,11.5,11.0,10.25,45,13.0,13.0,17.5,11.00,55,17.0,9.0,17.0,15.50,59,13.5,14.5,11.0,11.75,51,GUJ
656,FY2,IT,189,24002170210057,B7,MITHAPARA ANKITBHAI BABUBHAI,VVV,10.0,8.5,9.5,7.75,36,6.0,4.0,14.0,19.50,44,15.0,13.5,17.0,11.75,58,12.5,10.0,16.0,17.00,56,GUJ
656,FY2,IT,57,24002170210060,B2,PADSUMBIYA DEVENKUMAR HASHMUKHBHAI,DAM,7.0,6.5,9.0,16.75,40,14.0,9.0,16.0,22.50,62,13.0,8.0,14.5,14.00,50,15.5,10.5,9.5,14.00,50,GUJ
656,FY5,CST,163,24002171310040,C6,GODANI YASHVI NITESHBHAI,KCS,10.0,7.0,10.0,11.00,38,10.0,11.0,12.0,17.75,51,11.0,9.5,15.0,18.50,54,13.0,17.0,18.5,17.25,66,GUJ
656,FY5,CST,245,24002171310122,C8,PATHAN NAIMKHAN ALIKHAN,PAT,14.0,7.5,7.5,11.50,41,5.5,10.5,7.0,15.50,39,11.5,12.5,13.0,9.75,47,21.0,22.0,18.5,14.75,77,ENG
663,FY1,CE,184,24002170110037,D7,DODIYA KALP JIGAR,NRM,16.5,8.5,10.5,15.50,51,9.5,15.0,14.5,11.50,51,11.0,17.5,17.0,12.75,59,10.0,12.0,16.0,11.75,50,GUJ
663,FY4,CSE,114,24002171210192,A4,THAKOR KANAIYA MALKHANSINH,JAZ,11.0,6.5,8.5,10.75,37,13.0,10.0,16.5,12.25,52,20.0,13.5,20.0,11.75,66,12.5,13.0,14.5,12.25,53,GUJ
663,FY5,CST,117,24002171310160,C4,SOLANKI YASHRAJSINH RAJENDRASINH,VVP,10.0,5.5,13.0,11.25,40,8.0,9.5,12.5,18.00,48,7.0,15.0,14.0,10.25,47,17.0,19.0,18.0,13.50,68,GUJ
663,FY5,CSE_DS,22,24002171810020,C1,PATEL DAX ASHOKBHAI,NSD,9.0,5.5,9.0,15.75,40,9.0,11.0,16.0,12.50,49,19.0,17.0,16.0,10.25,63,17.0,12.0,17.0,11.25,58,GUJ
663,FY5,CSE_CYBER,154,24002171910016,C5,PATEL SWARA ANJALIBEN,PAT,18.0,5.0,12.5,15.00,51,8.5,13.0,17.5,17.25,57,6.0,5.5,8.0,12.50,32,15.0,15.0,21.0,15.25,67,GUJ
663,FY5,CSE_CYBER,249,24002171910018,C9,PRAJAPATI MIHIRKUMAR ASHOKKUMAR,DBP,12.5,6.5,12.0,10.50,42,8.5,13.0,7.5,19.50,49,9.5,10.5,15.0,10.25,46,15.0,17.0,17.0,18.75,68,ENG
669,FY1,AIML,241,24002170410019,D8,MAKWANA VISHVAJITSINH VANRAJSINH,PJD,12.5,8.5,11.0,12.25,45,14.0,12.5,19.0,14.75,61,13.5,16.0,13.0,10.25,53,15.0,13.0,10.5,14.00,53,GUJ
669,FY1,AIML,243,24002170410053,D9,VANDAN MAHENDRAKUMAR PATEL,ARY,13.0,9.0,14.5,16.00,53,8.0,14.0,15.0,19.00,56,6.5,14.0,15.0,10.00,46,14.0,15.5,10.0,15.75,56,ENG
669,FY1,CE,208,24002170110178,D7,SOLANKI SUJALBHAI DINESHBHAI,PJD,12.0,5.0,9.5,15.50,42,8.0,12.0,16.5,15.75,53,12.0,18.0,19.0,10.00,59,12.5,12.0,20.0,16.00,61,GUJ
669,FY4,CSE,65,24002171210018,A3,BHUVA SIDDH NIKULBHAI,JRC,12.5,9.0,9.0,15.25,46,12.5,14.5,18.0,20.75,66,14.0,11.0,12.5,14.75,53,14.5,12.5,16.5,13.75,58,GUJ
669,FY5,CST,105,24002171310098,C4,PATEL ARYAN SHIVANG,AIG,15.5,9.0,11.0,11.00,47,5.0,11.5,15.0,15.00,47,16.0,13.0,13.0,9.25,52,17.0,14.5,15.5,13.75,61,ENG
674,FY2,IT,84,24002170210108,B3,SHAH YUGAM VISHAL,DAM,10.0,6.5,9.5,6.50,33,12.0,12.5,13.0,18.75,57,12.0,17.0,13.5,11.50,54,14.0,8.0,14.5,15.50,52,ENG
674,FY2,CSD,214,24002170310007,B7,DIVAN SHIKHA PRAKASHCHANDRA,CVM,10.0,8.0,7.5,10.50,36,12.0,7.0,13.0,15.75,48,12.0,12.5,16.5,12.50,54,12.5,14.0,13.0,17.75,58,ENG
674,FY2,AIDS,158,24002170510041,B6,SOLANKI KRISHNARAJSINH JAYENDRASINH,RMP,11.0,6.5,10.0,15.00,43,4.0,13.0,15.0,14.00,46,13.5,17.0,19.0,13.00,63,13.5,16.0,16.5,14.00,60,GUJ
674,FY4,CSE,305,24002171210139,A11,PATEL RIA SANJAY,JRC,14.0,9.0,11.5,12.75,48,4.0,14.0,10.0,20.00,48,5.5,10.5,14.5,9.50,40,20.0,11.5,18.0,15.50,65,ENG
674,FY5,CST,269,24002171310067,C9,KUMARE JIYA DILESHKUMAR,NSD,15.5,11.0,11.0,17.50,55,5.0,9.0,14.0,14.50,43,10.5,7.0,10.0,12.00,40,19.0,17.5,AB,16.50,53,ENG
679,FY1,CE,226,24002170110010,D8,ASODIYA MIHIR VASANTKUMAR,JPM,10.5,8.0,13.5,13.50,46,10.5,9.5,17.5,17.50,55,15.5,14.5,14.0,11.50,56,16.0,11.5,18.0,14.25,60,GUJ
679,FY1,CE,138,24002170110121,D5,PATEL SHYAM BHARATBHAI,JPM,11.5,9.5,15.5,14.25,51,7.0,16.0,15.0,16.25,55,11.0,12.5,11.0,8.50,43,11.0,11.5,13.5,14.00,50,GUJ
679,FY2,IT,16,24002170210041,B1,KHUNT DHRUVIL ARVINDBHAI,CVM,16.0,11.0,17.0,18.50,63,12.0,8.0,17.5,16.00,54,12.0,14.0,13.0,14.50,54,10.0,13.5,13.5,14.00,51,GUJ
679,FY2,IT,81,24002170210045,B3,KUNJADIYA HERIN CHANDRESHBHAI,VVV,10.5,9.0,9.0,11.50,40,10.0,5.0,11.0,16.50,43,9.0,12.0,16.5,10.50,48,12.5,13.5,16.0,15.75,58,GUJ
679,FY2,IT,99,24002170210121,B4,SURANI AYAN AMIR,VVV,12.0,5.0,13.5,18.50,49,12.5,15.5,16.5,14.25,59,9.5,13.0,15.0,11.75,50,18.5,13.0,13.0,9.75,55,ENG
679,FY4,CSE,174,24002171210041,A6,DHAMELIYA DIPKUMAR NILESHBHAI,JAZ,9.0,5.0,5.0,6.25,26,8.5,11.0,18.0,17.50,55,12.5,17.0,15.5,14.50,60,14.5,10.0,14.5,14.75,54,GUJ
679,FY5,CST,210,24002171310152,C7,SHAH JHANAVI HIREN,DBP,11.5,7.5,10.0,8.50,38,8.0,9.5,15.0,16.75,50,13.5,10.0,11.0,12.00,47,14.0,16.0,16.0,13.75,60,ENG
679,FY5,CST,247,24002171310153,C9,SHAH PARV JIGNESHBHAI,VVP,13.0,5.5,10.0,9.75,39,10.0,13.0,14.5,22.50,60,12.5,12.0,11.0,13.75,50,12.0,14.0,14.5,13.50,54,ENG
687,FY1,CE,99,24002170110038,D4,DUDHAT RAJ KAMLESHBHAI,SVC,14.5,5.5,11.0,14.75,46,0.0,7.0,14.5,19.50,41,12.5,13.0,21.5,11.50,59,14.0,15.0,12.5,16.50,58,GUJ
687,FY1,CE,151,24002170110087,D5,MARU ARYA PANKAJBHAI,NRM,12.5,12.5,12.5,14.00,52,14.0,12.5,18.0,19.00,64,12.5,16.0,16.5,6.75,52,7.5,12.5,12.5,15.75,49,GUJ
687,FY5,CST,176,24002171310001,C6,AMIPARA AVIRAJ MANAHARBHAI,KCS,15.5,6.5,9.5,12.50,44,10.5,7.5,10.0,17.00,45,9.5,15.0,13.0,14.75,53,20.0,16.0,12.0,17.50,66,GUJ
687,FY5,CST,236,24002171310076,C8,MANSURI MOHAMMADAFTAB FIROJBHAI,DBP,7.5,10.0,10.5,11.75,40,10.0,13.5,20.0,15.00,59,11.5,12.0,15.0,13.75,53,14.0,12.5,18.0,13.00,58,GUJ
687,FY5,CST,97,24002171310137,C4,RIZVI MOHAMMAD MEESAM TABREZ,IAM,5.0,7.5,14.5,12.25,40,12.0,18.0,16.0,18.25,65,12.5,16.0,11.5,13.50,54,9.5,14.0,15.0,11.75,51,ENG
687,FY5,CSE_DS,67,24002171810008,C3,FICHADIYA ARYAN MAYURBHAI,DBP,11.0,13.0,10.0,16.00,50,6.0,9.5,16.0,18.00,50,13.5,6.5,15.0,9.25,45,13.0,9.5,15.0,13.50,51,ENG
693,FY2,IT,136,24002170210013,B5,DAFTARY DHYEY MITESHKUMAR,RMP,10.5,7.5,6.0,12.25,37,12.0,8.5,12.5,11.00,44,18.5,15.0,17.0,16.00,67,14.5,17.5,12.5,15.25,60,GUJ
693,FY2,IT,110,24002170210111,B4,SHAH KUSHAL KETANKUMAR,ANR,10.5,4.0,9.0,9.50,33,11.0,4.0,15.5,16.50,47,15.5,9.0,17.5,12.75,55,13.0,21.0,16.0,17.25,68,GUJ
693,FY2,AIDS,170,24002170510034,B6,PRAJWAL NANDISH KUBASAD,MHM,14.5,7.5,11.0,14.00,47,15.0,15.0,11.0,13.00,54,8.5,12.0,16.5,7.75,45,18.5,16.0,16.5,16.50,68,ENG
693,FY4,CSE,157,24002171210003,A6,AMDAVADIYA JATINKUMAR SANJAYBHAI,AMS,11.5,7.5,7.5,9.25,36,9.0,2.0,14.0,20.25,46,16.0,13.0,16.0,13.75,59,12.5,17.0,14.5,15.25,60,GUJ
693,FY4,CSE,104,24002171210019,A4,BHUVA ABHISHEK KISHORBHAI,KPP,10.0,8.0,9.5,12.25,40,7.5,13.5,21.0,17.00,59,12.5,13.5,16.5,13.75,57,5.5,10.5,11.0,14.50,42,GUJ
693,FY4,CS&IT,258,24002171410034,A9,RABARI NISHIT VISHNUBHAI,JAZ,6.5,4.5,12.5,12.00,36,9.5,16.5,19.0,18.50,64,10.5,9.5,8.0,9.25,38,11.0,11.0,18.0,15.75,56,GUJ
693,FY4,CS&IT,283,24002171410051,A10,SONI PARAM NIMESH,KGB,12.0,9.0,8.0,16.00,45,13.0,9.0,13.0,21.00,56,14.5,18.0,11.5,10.50,55,16.0,14.0,14.0,11.00,55,ENG
693,FY5,CST,239,24002171310135,C8,RATHOD DIPAK MERUBHAI,KCS,6.0,7.0,9.0,17.25,40,9.5,8.5,10.5,17.50,46,14.5,14.0,13.0,15.50,57,11.0,20.0,18.5,15.00,65,GUJ
693,FY5,CST,204,24002171310150,C7,SHAH PARSHVA JIGNESH,NSD,15.5,10.0,12.0,14.25,52,4.0,9.5,11.0,18.00,43,6.5,11.5,14.0,10.00,42,16.5,19.0,18.0,16.25,70,ENG
702,FY1,CE,244,24002170110092,D9,MORI SHREYANSH MAHENDRA,ASA,13.0,7.5,14.5,14.00,49,9.0,10.5,12.5,13.25,46,15.5,11.0,15.5,11.25,54,18.0,10.5,15.5,11.50,56,ENG
702,FY2,IT,152,24002170210028,B5,HADIYA DIVYA JITESHBHAI,MHM,14.5,9.0,6.5,10.75,41,11.0,9.5,12.5,8.25,42,14.0,15.0,16.0,10.25,56,8.0,11.5,15.0,15.00,50,ENG
702,FY2,IT,41,24002170210038,B2,KATESHIYA DAKSH RAJESHBHAI,RMP,9.0,8.0,12.5,16.00,46,10.0,11.0,18.0,14.75,54,10.0,8.5,18.5,12.50,50,12.0,14.0,13.5,14.50,54,GUJ
702,FY2,IT,127,24002170210124,B5,TALAVIYA RUTU SURESHBHAI,VVV,8.0,6.0,9.0,11.25,35,9.5,5.5,21.0,17.50,54,14.5,13.0,20.0,10.50,58,12.5,17.0,10.5,13.75,54,GUJ
702,FY4,CS&IT,245,24002171410032,A9,PIPALIYA FENISHA VIPULBHAI,JRC,12.5,7.0,14.5,9.25,44,6.5,10.5,23.0,15.00,55,12.5,16.0,17.0,13.75,60,13.5,9.0,16.5,14.00,53,GUJ
702,FY4,MA&CP,211,24002171610010,A8,KEVADIYA ROMIN PARESHBHAI,KGB,18.0,7.5,5.5,13.00,44,13.0,13.0,20.0,14.75,61,15.0,13.0,16.0,15.50,60,9.5,10.0,12.0,11.25,43,GUJ
702,FY5,CSE_AI,41,24002171710020,C2,PATEL PREY SAURABHKUMAR,DBP,8.0,7.0,9.0,14.50,39,8.0,5.0,12.5,15.25,41,10.0,9.0,13.5,17.25,50,16.0,18.5,18.0,21.25,74,ENG
702,FY5,CSE_DS,231,24002171810018,C8,MISTRY JIYA NIMESH,NPB,18.5,7.5,12.5,15.00,54,8.5,6.5,14.0,17.00,46,13.0,17.0,14.0,12.25,57,14.5,14.5,17.5,11.00,58,ENG
702,FY5,CSE_CYBER,112,24002171910011,C4,KHUJA MOHAMMADALI KASAMALI,KDL,10.5,11.0,8.0,12.75,43,6.0,14.0,11.0,21.50,53,12.0,12.0,14.5,14.50,53,14.5,15.5,15.5,11.75,58,GUJ
711,FY1,CE,178,24002170110070,D6,KAKADIYA PRANT DIPAKBHAI,ASA,18.0,10.5,14.0,17.00,60,12.5,14.0,18.0,10.25,55,5.0,13.0,15.5,9.00,43,15.5,11.0,16.0,14.25,57,GUJ
711,FY4,CSE,255,24002171210080,A9,KRISH GANGWAL,DAS,15.5,8.0,12.5,15.00,51,9.0,3.5,16.5,12.50,42,12.0,15.5,10.0,10.75,49,12.5,15.0,12.5,12.00,52,ENG
711,FY4,CSE,131,24002171210182,A5,SOJITRA KRUNAL JITENDRABHAI,VHP,10.5,6.0,8.0,12.75,38,10.0,11.0,12.5,17.50,51,8.5,11.5,19.5,11.75,52,17.0,17.0,19.5,16.00,70,GUJ
711,FY5,CST,39,24002171310028,C2,DHANANI TAKSHEEL AJITBHAI,VVP,6.5,5.0,10.5,9.75,32,13.5,10.5,20.0,13.25,58,13.5,14.0,12.0,12.25,52,15.0,9.0,16.5,16.50,57,GUJ
711,FY5,CST,104,24002171310056,C4,KAKADIYA MEET NILESHBHAI,VVP,11.5,5.0,10.0,9.75,37,8.5,16.0,15.0,16.25,56,11.0,12.0,11.0,5.50,40,11.0,17.0,15.5,15.00,59,GUJ
711,FY5,CST,233,24002171310129,C8,RAJPUT DHRUVIL SINGH VIRENDRA SINGH,PVS,7.5,3.0,10.5,12.50,34,13.0,10.0,19.0,13.25,56,16.5,12.5,14.0,10.75,54,14.5,22.0,14.5,AB,51,ENG
717,FY1,CE,186,24002170110066,D7,JETPARIYA PRINCE DEVKRUSHNABHAI,PJD,8.0,6.0,9.0,19.00,42,10.0,8.5,14.5,17.50,51,12.5,15.0,16.0,13.75,58,9.5,9.5,18.5,18.25,56,GUJ
717,FY1,CE,212,24002170110170,D7,SHASTRI MITANSH SHRENIK,DPP,9.5,5.5,13.0,12.50,41,12.0,13.0,18.5,14.50,58,14.5,19.5,15.0,14.50,64,13.5,13.5,13.0,12.75,53,ENG
717,FY4,CSE,297,24002171210098,A11,NAVEENA ADVANI,PKS,11.0,9.5,12.5,11.75,45,8.5,10.5,13.5,17.50,50,7.5,13.0,14.5,14.00,49,18.0,12.0,8.5,16.75,56,ENG
717,FY4,CEA,210,24002171510010,A8,ISOTIYA DHRUVISHA ASHVINBHAI,JAZ,10.0,6.0,14.5,14.75,46,12.5,9.5,20.0,18.00,60,3.5,12.0,17.5,11.75,45,6.5,10.0,19.5,15.00,51,GUJ
717,FY4,MA&CP,300,24002171610012,A11,MODI SAUMYA ALPESHKUMAR,VSA,10.0,6.5,10.5,10.50,38,7.0,14.5,18.0,15.00,55,15.5,14.0,18.5,13.50,62,9.5,5.0,16.5,10.75,42,GUJ
717,FY5,CST,263,24002171310005,C9,BAGADA JATIN RAMESHBHAI,DJU,9.0,8.0,11.5,12.25,41,3.0,6.0,18.0,20.00,47,10.0,9.0,12.5,11.00,43,20.0,16.0,20.5,16.50,73,GUJ
717,FY5,CST,80,24002171310051,C3,JIYA THAKKAR,DBP,11.5,10.0,10.0,12.00,44,12.5,19.5,18.0,19.00,69,11.0,10.0,9.0,12.25,43,14.0,5.0,14.5,11.25,45,ENG
724,FY1,CE,188,24002170110192,D7,VAGHASIYA PRINCE DALASUKHBHAI,ARY,7.0,6.5,10.5,14.25,39,10.5,11.0,8.0,19.75,50,3.5,12.5,13.5,14.50,44,15.5,12.5,12.0,13.25,54,GUJ
724,FY5,CST,266,24002171310118,C9,PATEL HARSHUL ILESHBHAI,IAM,10.5,13.5,14.0,11.25,50,2.0,6.0,12.5,16.25,37,10.0,13.0,9.0,8.00,40,19.5,18.0,11.0,11.50,60,ENG
726,FY1,CE,127,24002170110008,D5,ANSARI ZUBIYAH VASIMHUSAIN,JPM,11.0,6.0,14.0,16.50,48,10.5,6.0,18.0,13.75,49,14.0,4.5,9.5,10.00,38,7.0,15.0,15.5,15.25,53,GUJ
726,FY2,AIDS,50,24002170510019,B2,KOHAD KARTIK RAKESHBHAI,RMP,9.0,9.5,9.0,12.50,40,14.5,9.0,24.0,15.00,63,16.0,11.5,23.5,11.25,63,14.5,11.5,9.0,11.25,47,ENG
726,FY4,CSE,180,24002171210078,A7,KIKANI KRISHNA PARESHBHAI,VSA,7.0,7.0,9.5,12.75,37,5.5,5.0,16.0,22.25,49,11.5,13.0,14.0,12.50,51,14.0,9.5,11.0,16.00,51,GUJ
729,FY2,IT,37,24002170210096,B2,RANK AXITA RAMESHBHAI,PBS,7.5,7.5,11.0,11.00,37,11.0,7.5,15.0,17.75,52,12.5,9.0,18.0,15.00,55,8.0,13.0,18.0,14.00,53,GUJ
729,FY2,AIDS,115,24002170510042,B4,TUVAR PRATHAMSINH KIRITSINH,CVM,8.0,3.5,8.0,12.00,32,9.0,5.0,14.5,9.75,39,13.5,14.0,17.0,8.25,53,14.0,9.0,16.5,15.25,55,ENG
729,FY5,CSE_AI,54,24002171710027,C2,SHAH RIYA DARSHANKUMAR,DBP,9.5,6.0,14.0,15.25,45,13.0,10.5,12.0,13.25,49,7.0,12.5,11.0,12.75,44,17.5,20.0,13.5,14.75,66,ENG
732,FY1,CE,193,24002170110064,D7,JAVADE NETRA HEMANTBHAI,JPM,11.0,9.5,11.5,18.00,50,10.5,9.0,13.5,18.50,52,8.0,8.0,18.0,12.75,47,14.0,10.5,15.5,15.50,56,GUJ
732,FY2,IT,44,24002170210061,B2,PANCHAL MEETKUMAR JANAKBHAI,MHM,13.0,8.0,12.0,17.00,50,15.0,8.5,18.0,15.50,57,16.5,16.0,16.0,9.50,58,6.0,16.0,10.5,13.00,46,GUJ
732,FY2,AIDS,163,24002170510025,B6,MANTHAN JAIN,ANR,10.5,7.5,7.0,15.25,41,16.0,12.5,18.0,13.75,61,11.5,6.0,11.5,13.75,43,9.0,11.0,19.0,15.25,55,ENG
732,FY4,CS&IT,142,24002171410040,A5,SHAH SAUMYA NIRAV,IRS,16.0,8.5,14.0,14.50,53,5.0,7.5,17.5,15.00,45,11.5,10.0,16.5,9.50,48,16.0,14.0,16.0,13.00,59,ENG
732,FY5,CST,197,24002171310111,C7,PATEL DHRUMISH TUSHAR,DBP,15.0,7.0,6.0,15.00,43,10.0,5.5,12.5,15.00,43,11.5,16.0,14.0,9.25,51,13.0,13.0,11.5,12.50,50,ENG
732,FY5,CSE_BIO,285,24002172010001,C10,SHAH DIYA SHAILEN,PVS,9.0,4.0,10.0,10.25,34,4.0,4.0,15.5,14.50,38,20.5,14.0,8.5,12.75,56,14.0,12.5,16.5,17.75,61,ENG
738,FY1,AIML,239,24002170410006,D8,BORKAR HEET MUKESHBHAI,NRM,12.5,11.5,10.0,12.00,46,10.0,15.0,11.5,9.25,46,15.5,15.5,13.5,4.50,49,15.5,16.5,14.5,7.50,54,ENG
738,FY2,IT,132,24002170210042,B5,KOT MANAV MIHIRKUMAR,BPD,7.5,11.5,9.5,10.75,40,10.0,5.0,14.0,21.00,50,14.5,10.5,17.0,10.75,53,10.5,13.0,7.5,13.50,45,ENG
738,FY5,CST,70,24002171310055,C3,KACHHADIYA KRISH MAGANBHAI,NPB,16.0,7.0,11.0,8.50,43,15.5,12.5,8.0,14.75,51,8.0,14.0,16.0,13.25,52,18.0,11.5,18.5,14.25,63,GUJ
738,FY5,CST,243,24002171310061,C8,KHOLIYA RAJVI VINODBHAI,NSD,11.5,5.5,10.5,13.00,41,10.0,6.5,14.0,15.50,46,13.0,12.5,18.5,9.75,54,14.5,12.5,14.5,13.75,56,GUJ
742,FY1,CE,191,24002170110202,D7,VIJAPURA KASIMHUSAIN AKABARALI,HDS,14.0,6.0,10.0,15.75,46,8.0,9.0,16.5,19.75,54,11.5,13.5,11.5,12.00,49,15.5,15.5,10.5,12.50,54,ENG
742,FY2,AIDS,195,24002170510002,B7,APARNATHI YAKSHGIRI HIRENGIRI,BPD,16.5,6.0,11.0,18.25,52,11.0,9.0,11.0,14.25,46,13.0,18.0,13.0,11.00,55,8.5,15.0,10.0,15.50,49,GUJ
742,FY4,CEA,275,24002171510026,A10,PATIVALA DHRUVIK HITESHBHAI,VHP,16.0,6.5,8.0,13.00,44,10.5,10.5,16.0,15.75,53,13.5,11.0,7.0,8.00,40,14.5,13.5,17.0,13.00,58,GUJ
742,FY5,CST,132,24002171310066,C5,KRISHNANI SALONI MUKESHBHAI,DBP,11.5,5.5,10.5,11.50,39,10.5,13.0,14.0,17.50,55,3.5,7.5,11.0,12.00,34,15.5,13.5,16.0,14.75,60,ENG
746,FY1,CE,108,24002170110145,D4,PATEL MAHIN MANISHKUMAR,NRS,10.5,7.0,14.5,12.25,45,14.5,8.0,18.0,17.25,58,12.5,15.0,18.0,11.25,57,13.5,10.5,14.5,10.25,49,GUJ
746,FY1,CE,101,24002170110159,D4,SANGANI POOJAN KAMLESHBHAI,ASA,14.0,2.5,6.5,8.00,31,13.0,13.0,5.0,6.00,37,15.5,12.5,16.5,14.25,59,15.0,10.5,14.0,13.00,53,GUJ
746,FY2,IT,25,24002170210073,B1,PATEL PRINCE BHARATBHAI,CVM,7.0,3.0,10.5,14.50,35,11.0,10.5,13.5,14.00,49,15.0,15.5,19.0,11.50,61,14.0,15.5,15.0,17.50,62,GUJ
746,FY4,CSE,168,24002171210088,A6,MANGUKIYA MALAYKUMAR JIGNESHBHAI,VSA,13.0,8.0,11.0,11.25,44,9.5,11.0,11.0,14.50,46,11.5,12.0,18.5,11.00,53,12.5,10.0,15.5,13.50,52,GUJ
746,FY5,CSE_AI,82,24002171710005,C3,GHEEWALA AMMAR HUSENI,HAM,11.0,6.0,14.0,20.50,52,7.0,7.5,22.0,15.75,53,4.5,2.0,21.0,12.50,40,9.5,4.5,14.0,17.50,46,ENG
751,FY1,CE,77,24002170110025,D3,BORAD JENSI PARESHBHAI,SVC,8.5,6.5,11.0,9.75,36,8.0,4.0,14.0,22.00,48,15.0,11.5,15.5,12.75,55,14.5,13.0,15.0,15.00,58,GUJ
751,FY1,CE,231,24002170110205,D8,ZALA YASH ASHVINKUMAR,SVC,8.0,10.0,7.5,11.75,38,10.5,12.5,16.0,10.00,49,18.5,15.0,14.5,10.25,59,11.0,9.0,8.5,13.00,42,GUJ
751,FY4,CSE,270,24002171210033,A10,DABHI PARTH JITENDRAKUMAR,JAZ,13.0,8.5,10.0,12.50,44,9.0,9.5,15.5,18.75,53,12.5,11.5,11.5,12.00,48,11.0,11.0,5.5,12.50,40,GUJ
751,FY5,CST,195,24002171310141,C7,SATAPRA RAHUL MUKESHBHAI,VVP,13.0,7.0,11.5,15.75,48,10.0,9.5,8.5,19.00,47,7.5,13.0,13.5,9.00,43,16.0,16.0,16.5,11.75,61,GUJ
751,FY5,CST,232,24002171310161,C8,SOLANKI MEET PANKAJBHAI,PAT,9.5,3.5,10.5,11.00,35,10.0,14.0,12.5,18.75,56,13.5,18.0,10.5,9.00,51,18.0,14.0,17.5,12.75,63,GUJ
751,FY5,CSE_CYBER,220,24002171910019,C8,SHARMA VEDANT ASHISH,PVS,9.5,4.5,12.5,13.75,41,10.0,10.0,12.5,19.00,52,9.0,7.0,17.0,14.75,48,AB,14.5,15.0,16.50,46,ENG
757,FY1,AIML,33,24002170410032,D2,PATEL RIDHAM NAVNITBHAI,SVC,9.0,3.5,9.0,7.00,29,8.0,11.0,15.5,19.00,54,14.5,15.5,19.5,12.50,62,12.0,17.0,17.5,13.50,60,GUJ
757,FY1,AIML,257,24002170410052,D9,VAGHASIYA DHRUVIN TULSHIBHAI,HDS,8.5,5.5,13.0,11.25,39,10.5,12.0,10.5,17.00,50,13.0,14.5,13.0,9.00,50,10.5,17.0,14.0,12.25,54,ENG
757,FY1,CE,70,24002170110029,D3,CHAUHAN JEETKUMAR RAMESHBHAI,HDS,8.5,7.5,11.5,13.50,41,16.5,11.0,16.0,9.25,53,12.0,11.0,12.0,9.25,45,15.0,8.0,18.5,13.75,56,GUJ
757,FY1,CE,120,24002170110074,D4,KANZARIYA JAYKUMAR HARSHADBHAI,PJD,9.0,7.5,12.5,14.50,44,10.0,12.0,11.0,14.50,48,12.0,13.0,13.5,14.00,53,10.5,10.0,15.0,12.50,48,GUJ
761,FY1,CE,217,24002170110057,D8,JADAV ROSHANIBEN RAMESHBHAI,NRM,11.5,6.5,12.5,12.75,44,6.5,12.0,14.0,15.50,48,10.5,15.0,16.0,10.00,52,12.5,8.0,14.0,15.25,50,GUJ
761,FY2,IT,71,24002170210039,B3,KATHIRIYA PRATHAM SHAILESHKUMAR,MHM,13.5,8.0,9.0,9.50,40,4.0,7.0,17.0,16.75,45,13.0,13.0,13.0,13.50,53,10.5,13.0,11.5,13.50,49,GUJ
761,FY2,CSD,143,24002170310004,B5,BAMBHAROLIYA KRISH CHANDUBHAI,MHM,10.5,7.5,9.0,10.75,38,7.0,13.0,16.0,17.50,54,16.5,12.5,16.0,11.25,57,10.5,14.5,15.0,12.75,53,GUJ
761,FY2,RAI,181,24002170610006,B6,PANCHAL YAKSH VIJAYKUMAR,DAM,13.5,10.0,11.0,16.00,51,10.0,11.0,7.5,15.00,44,8.0,14.0,6.5,9.50,38,13.0,13.0,17.0,16.00,59,GUJ
761,FY4,CSE,129,24002171210079,A5,KOSHIYA HELLY HITESHKUMAR,PKS,10.0,7.5,12.0,10.75,41,8.0,11.0,13.0,18.25,51,10.0,11.0,17.0,11.25,50,14.0,14.0,17.0,12.00,57,GUJ
761,FY4,CEA,272,24002171510031,A10,SOLANKI DEVKUMAR GANESHBHAI,KPP,9.0,6.5,10.5,8.75,35,8.5,2.0,18.0,15.00,44,13.0,15.0,18.0,12.50,59,16.0,13.0,13.5,13.75,57,GUJ
767,FY1,AIML,272,24002170410012,D9,JOLAPARA SHREYA SHEETAL,NRM,10.5,6.0,8.5,16.00,41,10.0,15.0,12.5,15.75,54,17.5,12.5,11.5,8.50,50,14.5,15.0,12.5,14.25,57,ENG
767,FY1,CE,170,24002170110041,D6,GAJJAR RAHUL VIMALBHAI,HSP,13.0,6.5,9.0,12.25,41,11.5,6.5,10.0,15.00,43,12.5,16.0,14.0,7.25,50,12.0,13.5,14.5,11.25,52,ENG
767,FY1,CE,269,24002170110201,D9,VASANI DARSHIT HIMANSHUBHAI,HSP,8.0,4.0,10.0,12.25,35,5.0,6.0,7.5,19.00,38,9.0,11.5,15.5,7.25,44,16.0,10.5,17.5,14.50,59,ENG
767,FY2,CSD,165,24002170310015,B6,PRANAVKUMAR NAYI,DAM,15.0,10.5,11.0,18.50,55,9.5,5.0,9.0,20.50,44,10.0,9.5,20.0,14.00,54,12.5,11.5,13.0,14.00,51,ENG
767,FY4,CSE,214,24002171210144,A8,PRAJAPATI DHRUV DIPAKBHAI,VRS,13.0,8.5,11.5,9.25,43,12.0,6.0,12.0,15.25,46,10.5,10.5,15.5,11.00,48,15.0,13.0,14.5,13.25,56,GUJ
767,FY4,CS&IT,266,24002171410039,A10,SEVAK KUSH HEMANTBHAI,ARP,9.5,6.0,9.5,11.00,36,10.0,5.0,20.0,13.75,49,13.5,13.0,15.0,10.00,52,14.5,13.0,17.0,13.25,58,ENG
767,FY5,CST,91,24002171310096,C3,PATEL RUSHI SIDDHARTHKUMAR,VVP,14.0,12.0,16.5,16.00,59,10.0,4.5,14.0,11.75,41,12.0,13.5,11.0,17.50,54,6.5,14.5,15.0,11.25,48,GUJ
774,FY1,AIML,190,24002170410035,D7,PATEL MAN UMESHKUMAR,DPP,4.0,2.0,14.0,13.25,34,7.0,8.0,13.5,20.50,49,9.0,10.5,17.0,9.50,46,8.0,14.5,16.5,12.25,52,GUJ
774,FY1,CE,194,24002170110128,D7,PATEL LIMSI KAMLESHKUMAR,MDP,6.0,6.5,13.0,12.00,38,8.5,11.0,16.0,16.00,52,7.5,14.0,15.0,13.25,50,9.5,11.5,15.5,13.75,51,GUJ
774,FY2,CSD,203,24002170310018,B7,SHAH KASHVI AMARBHAI,RMP,7.5,4.5,10.0,13.25,36,9.5,3.5,16.0,20.75,50,9.0,14.0,17.0,10.50,51,6.0,12.0,11.0,11.00,40,ENG
774,FY2,AIDS,31,24002170510038,B1,SATANI KRUPABEN SUBHASHBHAI,PBS,9.0,6.5,5.5,12.25,34,9.5,13.0,16.5,16.75,56,6.0,12.0,22.0,12.75,53,9.0,16.5,15.0,14.00,55,GUJ
774,FY4,CSE,40,24002171210008,A2,BHADKOLIYA VAIBHAV KANTIBHAI,PDB,10.5,5.5,6.5,13.50,36,11.5,6.0,14.5,11.00,43,13.0,7.0,14.5,10.75,46,4.5,14.0,18.5,16.25,54,GUJ
774,FY4,CSE,183,24002171210045,A7,DOBARIYA KHUSHI PIYUSHBHAI,DAS,10.5,9.0,4.5,11.00,35,12.5,7.0,17.0,14.50,51,16.5,13.0,17.0,12.50,59,13.0,10.0,12.5,12.25,48,GUJ
774,FY4,CSE,170,24002171210072,A6,KARAVADARA SAMIR AMITBHAI,ARP,15.0,13.5,9.0,17.75,56,12.0,14.0,21.0,14.50,62,12.5,11.0,15.0,8.00,47,6.5,9.5,12.5,11.75,41,GUJ
774,FY4,CSE,159,24002171210187,A6,TELI DHARMIL ASHVINBHAI,DAS,11.0,5.0,9.5,11.00,37,14.0,15.0,13.5,22.00,65,16.5,14.0,13.0,7.75,52,10.0,11.0,11.0,10.25,43,ENG
774,FY4,CEA,304,24002171510030,A11,SODHA HARSHIT HARESHBHAI,PDB,9.0,8.0,15.0,13.75,46,9.5,15.5,17.0,19.50,62,15.5,5.5,9.5,11.50,42,5.0,11.5,14.0,14.00,45,ENG
774,FY5,CST,156,24002171310104,C6,PATEL FRENIL HITESHKUMAR,VVP,6.0,7.5,7.5,13.50,35,10.5,12.5,9.0,16.00,48,8.5,6.5,15.5,9.75,41,11.0,15.0,17.5,10.50,54,GUJ
784,FY1,AIML,221,24002170410026,D8,MENDPARA VED HASMUKHBHAI,ARY,10.5,8.5,12.5,12.75,45,7.0,10.0,13.5,13.75,45,5.5,17.0,12.0,13.25,48,13.0,17.0,10.0,13.50,54,GUJ
784,FY2,AIDS,79,24002170510037,B3,SARVAIYA VISHW HARESHKUMAR,CVM,9.5,7.5,9.5,10.50,37,14.0,17.5,17.5,17.25,67,16.5,14.0,18.0,17.25,66,9.0,6.5,8.5,10.25,35,ENG
784,FY4,CSE,171,24002171210042,A6,DHARASANDIA HET VIJAYBHAI,DAS,10.5,6.5,7.5,9.75,35,14.0,10.5,16.5,17.75,59,12.0,13.0,13.0,8.25,47,17.5,12.0,14.5,12.00,56,GUJ
784,FY4,CSE,59,24002171210056,A3,GOTHI DARSHAN DILIPBHAI,VHP,11.0,9.0,9.5,12.25,42,11.0,9.0,21.0,17.25,59,14.0,10.5,17.5,14.75,57,13.5,9.0,16.5,12.00,51,GUJ
784,FY4,CSE,64,24002171210107,A3,PARMAR SANJANA PRAKASHBHAI,PDB,10.5,5.5,10.5,9.50,36,8.5,15.0,11.5,10.00,45,10.5,18.5,13.0,8.75,51,17.0,15.0,13.5,9.50,55,GUJ
784,FY4,CEA,311,24002171510019,A11,MANSURI MOHAMED ASAD,VHP,9.0,4.0,9.5,9.00,32,11.0,6.5,16.0,18.50,52,9.0,6.0,17.0,11.75,44,14.5,10.0,16.0,13.75,55,ENG
790,FY2,AIDS,151,24002170510005,B5,BHUVA MEK SHIRISHBHAI,CVM,11.5,5.0,9.0,11.75,38,11.0,13.0,14.5,12.50,51,7.5,6.5,17.0,10.50,42,17.5,15.5,12.0,12.75,58,GUJ
790,FY4,CS&IT,253,24002171410025,A9,PATEL AKSHAR NARESHBHAI,AMS,15.0,5.5,14.0,10.50,45,12.0,12.5,18.0,12.75,56,14.5,10.5,16.0,11.25,53,10.5,8.0,15.0,13.00,47,GUJ
792,FY1,CE,89,24002170110160,D3,SARADVA YATRI PRAVINBHAI,ARY,7.5,7.5,6.5,12.50,34,6.0,9.0,19.0,14.75,49,14.0,15.5,16.0,11.00,57,10.5,11.0,15.0,13.75,51,GUJ
792,FY2,IT,121,24002170210100,B4,ROKAD MEET JAGDISHBHAI,PBS,9.5,6.0,12.5,9.00,37,12.5,10.0,17.5,19.00,59,14.0,12.5,17.5,13.25,58,7.0,15.5,11.5,13.00,47,GUJ
792,FY4,CSE,50,24002171210114,A2,PATEL AALISHA NARENDRAKUMAR,IRS,9.0,9.5,13.0,10.75,43,7.5,16.0,19.0,16.00,59,8.0,7.0,10.5,9.25,35,8.5,14.0,9.5,14.25,47,GUJ
792,FY4,CS&IT,308,24002171410026,A11,PATEL HANI SHAKARABHAI,KPP,7.5,6.0,6.0,8.00,28,9.0,14.0,15.0,15.50,54,10.5,14.5,14.0,8.25,48,9.5,13.5,12.0,13.00,48,GUJ
792,FY4,CEA,295,24002171510032,A11,SOLANKI KEVAL KEYURBHAI,KGB,10.0,7.5,8.5,8.50,35,8.5,6.5,18.0,12.75,46,16.5,10.0,15.5,10.75,53,15.5,14.0,16.0,12.00,58,GUJ
792,FY5,CST,121,24002171310101,C4,PATEL DHVANITKUMAR BHAVESHBHAI,HAM,10.5,8.0,9.5,10.25,39,6.0,9.0,11.0,16.25,43,11.0,9.0,12.0,8.00,40,16.0,15.0,17.0,14.25,63,GUJ
792,FY5,BIOTECH,284,24002172110005,C10,PATEL DHARMIKKUMAR NAVINCHANDRA,PAT,6.0,4.5,12.5,7.25,31,2.0,9.0,4.0,17.50,33,16.0,13.0,15.0,12.25,57,18.0,15.5,18.0,15.25,67,GUJ
799,FY1,CE,189,24002170110027,D7,CHAUHAN ANIRUDH RAJESHKUMAR,ASA,10.0,10.0,12.0,16.25,49,9.5,12.0,14.0,14.50,50,12.5,10.0,17.5,16.00,56,12.5,10.0,12.5,14.00,49,GUJ
799,FY2,IT,145,24002170210088,B5,PATEL VRUNDA RAKESHBHAI,CVM,7.5,8.0,11.0,7.75,35,6.0,11.5,20.0,15.25,53,13.5,14.0,19.5,13.50,61,4.0,11.0,16.0,16.00,47,GUJ
799,FY2,AIDS,63,24002170510035,B3,RAJJA YOG ASHOKBHAI,VVV,16.0,7.5,5.5,12.25,42,4.5,8.0,5.5,19.50,38,10.5,5.5,7.5,11.25,35,14.0,14.0,15.5,15.75,60,ENG
799,FY5,CST,202,24002171310112,C7,PATEL PARAM ASHISH,KCS,7.5,6.5,10.5,12.75,38,9.0,9.0,17.0,20.00,55,13.5,13.0,10.0,6.25,43,14.5,15.0,12.0,12.00,54,ENG
799,FY5,CST,264,24002171310155,C9,SHAH KRISH ALPESHKUMAR,HAM,13.0,9.5,11.0,11.00,45,6.0,2.5,3.0,17.50,29,12.0,13.0,10.5,9.00,45,16.0,20.0,16.5,16.25,69,ENG
799,FY5,CST,248,24002171310166,C9,SUTHAR DHAIRYA SNEH,AIG,22.5,7.5,14.5,13.50,58,3.0,4.5,13.5,17.50,39,4.0,6.5,10.0,10.25,31,15.0,20.0,10.0,10.50,56,ENG
799,FY5,CSE_DS,90,24002171810026,C3,SHAIKH MOHAMMED SAFWAN IMRAN HUSEIN,PVS,12.5,6.0,11.0,13.00,43,3.5,3.5,11.0,16.50,35,8.0,10.5,16.0,9.00,44,15.5,18.5,16.0,12.75,63,ENG
806,FY2,IT,94,24002170210003,B4,BHORANIYA YAGNIKKUMAR BHAVESHBHAI,PBS,5.0,4.0,12.5,13.75,36,7.0,11.5,15.0,13.50,47,13.5,13.0,16.0,11.25,54,4.0,13.0,14.0,12.25,44,GUJ
806,FY2,IT,106,24002170210019,B4,DOBARIYA RONAK SANJAYBHAI,CVM,10.5,5.5,10.0,9.75,36,10.0,14.0,18.5,17.50,60,10.5,15.0,15.5,12.50,54,8.5,17.0,14.0,15.00,55,GUJ
806,FY4,CEA,28,24002171510020,A1,MEHTA MAHIPAL BHARATBHAI,PDB,10.5,5.0,3.0,11.75,31,11.5,22.0,22.0,12.75,69,9.0,16.0,14.5,6.50,46,12.5,8.5,16.5,11.75,50,GUJ
806,FY5,CST,179,24002171310148,C6,SHAH DIVY HITESHBHAI,NPB,13.5,10.5,9.0,6.25,40,16.0,15.0,13.0,10.25,55,18.5,8.0,6.0,7.50,40,13.5,14.0,7.5,9.00,44,ENG
806,FY5,CSE_CYBER,78,24002171910010,C3,KACHHADIYA MEET JAYANTILAL,VVP,11.0,5.0,11.0,14.50,42,3.5,9.0,9.5,13.00,35,11.0,12.0,7.0,8.25,39,12.5,14.0,15.5,13.25,56,GUJ
811,FY1,CE,113,24002170110042,D4,GHINAIYA DEVANSHU KISHORBHAI,DPP,8.0,4.0,9.5,12.25,34,12.0,8.0,16.5,7.75,45,12.5,17.0,19.5,14.00,63,12.0,9.0,14.0,12.50,48,GUJ
811,FY2,AIDS,38,24002170510012,B2,DHORAJIYA ISHAN SURESHBHAI,ANR,7.5,6.5,8.0,17.00,39,14.0,9.0,10.0,16.25,50,12.5,5.0,20.0,10.75,49,14.5,15.0,13.5,11.00,54,GUJ
811,FY2,RAI,183,24002170610004,B6,KUMAWAT BHUMIT CHAMPALAL,DAM,18.5,9.0,10.5,12.50,51,3.5,3.5,11.0,12.50,31,13.0,9.5,15.0,11.25,49,11.0,12.5,14.5,13.00,51,ENG
811,FY4,CS&IT,260,24002171410046,A9,SHERASIA AUM HITENDRABHAI,KPP,13.5,8.0,10.0,13.00,45,8.0,9.0,13.0,9.75,40,9.5,16.0,9.0,9.50,44,16.0,10.5,14.5,16.75,58,GUJ
811,FY5,CST,116,24002171310024,C4,DESAI ANUJ RAMESHBHAI,PVS,9.5,4.0,12.5,10.25,37,15.5,8.0,14.0,12.75,51,10.5,10.0,13.5,13.25,48,15.0,14.0,11.5,12.00,53,ENG
811,FY5,CST,76,24002171310094,C3,PATEL SLOK RAJENDRABHAI,PAT,12.5,7.5,7.5,10.25,38,9.0,11.5,15.0,11.25,47,15.0,15.0,11.5,10.50,52,10.0,9.5,18.0,13.75,52,GUJ
811,FY5,CST,178,24002171310108,C6,PATEL PRINCY PARESHKUMAR,NSD,9.0,5.5,11.0,11.00,37,8.0,9.5,16.5,15.50,50,12.0,11.0,14.0,7.75,45,12.0,15.0,13.5,13.00,54,GUJ
811,FY5,CST,237,24002171310130,C8,RAMANI DHRUVIL JAYSUKHBHAI,DJU,9.0,6.5,7.5,12.50,36,9.5,4.0,10.5,8.50,33,13.5,13.5,10.5,10.75,49,13.5,16.0,22.5,11.25,64,ENG
819,FY1,CE,171,24002170110155,D6,RAIYANI KRISH CHETANBHAI,JPM,11.0,7.0,12.5,12.75,44,11.0,7.0,19.5,10.50,48,11.0,10.0,14.5,12.75,49,12.5,10.0,14.0,10.00,47,GUJ
819,FY1,CE,129,24002170110172,D5,SHIRA VIRAT MUKESHBHAI,NRM,11.0,6.5,10.0,14.00,42,9.0,11.0,17.0,15.25,53,10.5,13.0,16.0,9.50,49,14.5,12.0,15.5,13.75,56,GUJ
819,FY2,IT,26,24002170210132,B1,VASOYA KRISH VIPULBHAI,MHM,6.0,4.0,11.0,13.00,34,10.5,5.5,16.5,15.00,48,8.5,10.0,16.0,13.75,49,9.5,14.0,13.0,12.75,50,GUJ
819,FY4,CSE,218,24002171210060,A8,JADAV MEETKUMAR ARVINDBHAI,ARP,13.5,9.0,11.5,11.75,46,12.0,10.5,17.0,14.00,54,10.0,10.0,19.0,11.75,51,15.5,11.0,16.5,9.75,53,GUJ
819,FY4,CS&IT,226,24002171410055,A8,TRIVEDI DEVANSHI KETANBHAI,VRS,9.5,5.0,12.0,11.00,38,12.0,12.0,17.0,13.50,55,10.5,11.5,10.0,8.75,41,12.0,15.0,12.5,10.75,51,ENG
819,FY5,CST,174,24002171310047,C6,JADAV MOHIT SANJAYBHAI,NPB,10.5,7.5,11.0,14.25,44,10.5,4.5,11.0,19.00,45,7.5,14.5,7.0,11.25,41,14.5,13.0,15.5,14.00,57,GUJ
825,FY1,AIML,69,24002170410041,D3,SANGANI YASH BHARATBHAI,DPP,10.0,6.5,5.0,15.25,37,11.0,10.0,6.5,20.75,49,11.0,15.0,14.0,11.00,51,9.5,10.5,14.5,12.25,47,GUJ
825,FY1,CE,198,24002170110193,D7,VAGHELA ISHIT ATULBHAI,SVC,8.5,5.5,12.0,18.75,45,7.5,15.0,8.0,8.75,40,5.0,8.5,12.0,10.50,36,12.0,12.5,10.0,12.00,47,ENG
825,FY2,CSD,205,24002170310013,B7,PARMAR VIVEKKUMAR SANJAYBHAI,CVM,7.5,4.0,7.0,11.00,30,12.0,7.5,20.0,17.50,57,14.5,15.0,18.0,11.50,59,13.0,11.5,15.5,13.25,54,ENG
825,FY4,CSE,74,24002171210053,A3,GONDALIYA DHRUVILBHAI SURESHBHAI,ARP,11.0,5.0,9.0,9.25,35,6.5,8.0,21.0,15.75,52,9.0,16.0,16.0,11.25,53,10.5,10.5,16.5,11.00,49,GUJ
825,FY4,CS&IT,205,24002171410013,A8,GOHIL JENISH SANJAYBHAI,AMS,12.5,9.5,8.0,11.00,41,8.0,8.5,17.0,13.75,48,11.0,7.0,19.0,10.50,48,11.5,13.0,16.5,11.25,53,ENG
825,FY5,CST,191,24002171310033,C7,DOSHI DEVAM DHARMESHBHAI,NSD,18.5,14.0,12.0,19.25,64,10.0,9.5,8.0,14.50,42,5.5,4.5,11.5,10.50,32,14.0,8.5,12.5,11.75,47,ENG
831,FY1,AIML,261,24002170410045,D9,SAVALIYA FENIL SAMIRBHAI,NRM,12.5,5.0,12.5,13.75,44,5.5,11.0,12.5,19.25,49,8.5,5.0,16.5,7.50,38,9.0,13.5,15.0,13.75,52,GUJ
831,FY1,CE,125,24002170110091,D5,MOKARIYA SANJAY DEVAYAT,HDS,12.0,11.5,16.5,15.00,55,9.0,14.0,15.0,15.75,54,11.5,9.0,11.5,8.50,41,9.5,9.0,13.5,9.50,42,GUJ
831,FY2,IT,100,24002170210033,B4,KACHHADIYA BRIJESH PARESHBHAI,PBS,9.5,11.5,8.0,8.50,38,8.0,15.0,10.0,12.50,46,8.5,13.5,12.5,9.00,44,13.5,17.0,10.0,8.00,49,GUJ
834,FY1,AIML,169,24002170410005,D6,BHUT KISHAN RAJESHBHAI,HDS,8.0,8.5,9.0,10.50,36,9.5,12.0,11.0,17.50,50,9.0,13.5,17.0,12.50,52,8.5,10.0,14.0,10.25,43,GUJ
834,FY1,AIML,219,24002170410025,D8,MENDPARA DHARM VINODBHAI,PJD,11.0,5.5,5.0,8.50,30,10.5,10.0,5.0,10.50,36,14.0,20.5,17.0,13.25,65,11.5,13.5,10.0,11.00,46,ENG
834,FY2,IT,86,24002170210030,B3,JASANI DHRUV VIPULBHAI,RMP,6.5,5.0,14.0,12.50,38,10.0,8.0,14.5,16.50,49,15.0,15.0,16.0,11.25,58,9.0,13.0,11.5,11.50,45,GUJ
834,FY2,RAI,184,24002170610005,B6,KUNAPARA PARTH MEHULBHAI,PBS,13.0,8.0,10.5,13.00,45,3.0,12.0,12.5,13.00,41,14.5,11.0,12.0,11.75,50,11.0,19.0,14.5,14.00,59,ENG
834,FY4,CSE,206,24002171210170,A8,SAVANI DIVYA CHETANKUMAR,ARP,7.0,3.5,7.5,16.50,35,7.0,5.5,11.5,16.50,41,9.0,11.5,18.0,14.50,53,12.0,7.5,11.0,15.00,46,ENG
834,FY4,MA&CP,303,24002171610003,A11,CHAUHAN RAJESHBHAI RAVJIBHAI,DAS,10.0,5.5,9.5,11.00,36,11.5,15.5,22.0,11.25,61,11.5,14.0,13.0,9.50,48,6.5,8.0,13.5,10.00,38,GUJ
834,FY5,CSE_DS,96,24002171810019,C4,MIYANI KRISH SURESHBHAI,PVS,15.5,14.0,13.5,14.50,58,10.5,12.5,12.0,16.00,51,10.0,13.0,13.0,9.00,45,7.0,13.5,13.5,13.75,48,GUJ
841,FY1,CE,58,24002170110035,D2,DOBARIYA SWAYAM CHANDUBHAI,DPP,9.0,6.5,8.0,14.50,38,11.0,7.5,10.0,14.25,43,13.0,12.5,19.0,10.00,55,7.0,13.0,15.5,12.50,48,GUJ
841,FY1,CE,75,24002170110162,D3,SAVALIYA VARSHIL KISHORBHAI,NRS,7.5,6.5,9.0,12.50,36,2.5,3.0,18.5,20.50,45,18.0,12.5,14.0,6.25,51,8.5,16.0,17.0,9.25,51,GUJ
841,FY2,RAI,204,24002170610002,B7,KHOKHAR FAIZAN FARIDMIYA,BPD,9.0,7.5,9.5,16.50,43,9.5,11.0,14.0,11.25,46,12.0,12.5,13.0,9.50,47,10.0,6.0,8.0,16.75,41,ENG
841,FY4,MA&CP,228,24002171610006,A8,FALDU OM ANKITBHAI,VSA,17.5,12.5,9.5,13.75,54,12.0,5.0,9.0,17.50,44,9.0,10.5,10.0,15.00,45,13.0,12.5,3.0,11.25,40,ENG
841,FY5,CST,184,24002171310008,C6,BHINGRADIYA YUG NITINBHAI,DBP,9.0,3.5,11.5,11.75,36,12.0,9.0,21.0,16.00,58,7.5,11.0,11.0,6.50,36,16.5,15.5,14.5,12.25,59,GUJ
841,FY5,CST,215,24002171310081,C7,MODI TEJ DEVEN,KCS,10.0,6.5,5.5,7.75,30,7.0,8.0,12.5,10.75,39,8.0,9.0,14.0,10.75,42,15.0,13.5,14.5,13.00,56,ENG
841,FY5,CSE_DS,66,24002171810010,C3,GOYANI YUG VIPULBHAI,AIG,16.0,6.5,12.5,11.25,47,9.0,6.5,13.5,20.25,50,7.5,11.0,10.0,7.25,36,14.0,16.0,16.0,3.25,50,GUJ
848,FY5,CST,240,24002171310020,C8,CHHUNCHHA HEM SHASHIKANT,IAM,5.0,4.5,10.0,11.25,31,9.0,7.5,17.0,12.25,46,5.0,12.0,16.0,11.00,44,12.0,15.5,20.0,11.50,59,GUJ
848,FY5,CST,201,24002171310044,C7,HET S PUJARA,IAM,11.0,7.5,6.5,11.00,36,5.5,6.0,18.0,16.25,46,6.5,14.0,8.5,9.50,39,10.5,12.0,12.0,15.00,50,ENG
850,FY1,CE,51,24002170110083,D2,LIMBASIYA AYUSHKUMAR CHAMPAKBHAI,MDP,10.0,6.0,9.0,7.50,33,6.5,8.5,15.0,15.50,46,10.0,13.0,18.0,9.50,51,9.0,10.0,12.0,11.50,43,GUJ
850,FY1,CE,200,24002170110090,D7,MERULIYA OM HARESHBHAI,ASA,5.5,5.0,8.0,14.50,33,11.5,5.0,10.0,13.75,41,13.0,14.5,10.5,13.00,51,15.0,10.0,15.5,9.50,50,GUJ
850,FY2,IT,18,24002170210072,B1,PATEL TUSHARKUMAR PRAVINBHAI,VVV,10.0,4.0,10.5,10.25,35,10.0,9.5,13.5,16.25,50,13.0,11.0,12.5,9.75,47,14.0,15.0,7.5,13.00,50,GUJ
850,FY2,AIDS,177,24002170510006,B6,BHUVA KRISA GOVINDBHAI,BPD,5.0,4.5,6.5,9.25,26,8.0,9.0,10.5,9.25,37,13.0,12.5,18.0,9.50,53,14.5,12.0,10.0,15.00,52,GUJ
850,FY4,CSE,15,24002171210058,A1,HIRANI DHRUVKUMAR RAMESHBHAI,DAS,9.0,6.0,7.0,11.50,34,12.0,15.0,14.0,13.00,54,9.5,15.0,13.5,9.25,48,8.5,8.0,11.0,9.75,38,GUJ
850,FY4,CSE,133,24002171210124,A5,PATEL SAHIL ALPESHBHAI,AMS,9.5,3.0,11.5,11.50,36,8.0,11.0,17.0,16.50,53,12.5,10.5,15.5,8.00,47,13.0,9.0,17.0,16.00,55,GUJ
856,FY1,CE,271,24002170110131,D9,PATEL VRAJ VIJAYBHAI,MDP,9.0,6.0,10.0,10.25,36,9.0,5.0,15.0,12.25,42,14.0,8.0,8.5,10.75,42,15.5,15.0,18.5,16.25,66,GUJ
856,FY2,AIDS,156,24002170510043,B6,VADDORIYA NEEL CHIRAGBHAI,DAM,16.5,9.5,AB,10.75,37,12.5,9.0,AB,17.50,39,17.0,12.0,AB,12.50,42,10.5,16.5,AB,15.50,43,ENG
856,FY4,CSE,70,24002171210030,A3,CHRISTIAN MACKLIN NELSONBHAI,VRS,7.0,4.5,6.0,11.50,29,5.0,2.5,14.0,14.50,36,7.5,13.5,14.0,9.50,45,13.5,15.5,15.5,16.00,61,ENG
859,FY1,AIML,10,24002170410031,D1,PATEL NIJKUMAR RAJENDRABHAI,PJD,10.0,6.5,9.0,9.75,36,9.5,5.0,10.5,20.75,46,13.5,14.0,13.5,9.25,51,8.5,15.0,10.5,6.00,40,GUJ
859,FY1,AIML,236,24002170410050,D8,SIDDHARTH JANI,HSP,14.0,8.0,13.5,9.50,45,16.0,14.0,14.0,12.25,57,15.0,14.5,14.5,8.00,52,13.0,13.0,11.5,7.00,45,ENG
859,FY4,CSE,227,24002171210050,A8,GAUSWAMI VISHWASAGIRI BHIKHUGIRI,IRS,12.5,4.5,10.5,13.00,41,7.5,13.5,15.0,17.00,53,14.5,9.0,9.0,12.25,45,9.0,11.5,15.5,12.00,48,GUJ
859,FY4,CSE,282,24002171210178,A10,SHAH RISHI KETANKUMAR,IRS,10.5,8.5,6.0,14.50,40,11.0,8.0,7.5,17.50,44,12.0,18.0,16.0,2.50,49,13.5,10.0,16.0,6.00,46,ENG
859,FY4,CS&IT,293,24002171410056,A11,VAGHASIYA AAYUSHI CHANDRESHBHAI,JRC,11.5,6.5,14.0,12.50,45,6.5,11.0,16.0,17.50,51,9.0,9.0,16.5,6.50,41,12.5,12.5,14.5,13.25,53,GUJ
859,FY5,CST,131,24002171310012,C5,BORSANIA KHUSH NILESHKUMAR,AIG,8.0,4.0,9.5,10.50,32,10.5,9.5,21.0,17.00,58,10.0,11.5,16.5,7.25,46,10.5,9.5,14.0,13.25,48,ENG
859,FY5,CST,81,24002171310031,C3,DOSHI HARSHIT SHREYANSKUMAR,DJU,16.0,15.5,12.5,10.00,54,14.0,18.0,18.0,12.75,63,6.5,11.5,9.5,12.00,40,16.0,6.5,3.5,10.75,37,ENG
859,FY5,CSE_CYBER,109,24002171910022,C4,VAGHANI RAJ HARESHBHAI,PAT,10.0,5.5,14.0,13.00,43,6.0,9.0,8.5,18.00,42,6.5,8.5,9.0,8.75,33,17.0,17.5,17.5,13.25,66,GUJ
867,FY2,AIDS,187,24002170510003,B7,ARYA JAY BHARATBHAI,CVM,13.5,4.0,5.0,7.00,30,11.0,7.0,12.5,11.75,43,8.0,14.5,15.0,12.25,50,17.5,16.0,8.0,10.00,52,ENG
867,FY2,RAI,131,24002170610010,B5,SOJITRA ABHI SURESHBHAI,RMP,9.5,3.0,6.5,8.00,27,8.0,11.5,7.5,21.25,49,6.0,16.5,11.0,13.00,47,7.0,10.5,15.5,13.75,47,ENG
867,FY4,CSE,35,24002171210186,A2,SURIYA MIHIR JITENDRABHAI,VHP,10.0,4.0,8.0,11.50,34,9.0,14.0,13.5,9.50,46,14.0,15.0,11.0,12.50,53,15.0,8.5,10.0,15.50,49,GUJ
867,FY4,CS&IT,322,24002171410003,A9,ASHI AMIN NURANI,IRS,9.0,6.0,7.0,12.00,34,7.0,2.5,9.5,10.50,30,7.5,15.0,10.0,10.25,43,12.0,12.0,12.0,9.75,46,ENG
867,FY5,CST,251,24002171310017,C9,CHAUHAN ARYANKUMAR NIKHILBHAI,HAM,8.0,5.0,6.5,11.50,31,6.0,10.5,11.0,17.00,45,5.0,13.5,15.5,12.75,47,19.0,11.5,18.5,12.00,61,GUJ
867,FY5,CSE_DS,255,24002171810005,C9,CHAUDHARI NEELKUMAR UTTAMBHAI,KDL,17.5,9.5,11.0,8.50,47,3.0,5.0,17.0,15.75,41,5.5,9.0,8.0,9.50,32,14.5,13.5,12.5,12.75,54,GUJ
873,FY1,CE,112,24002170110020,D4,BHOLA MANSI NANUBHAI,ASA,7.0,3.5,9.0,11.50,31,8.0,14.0,11.0,11.75,45,8.0,11.0,15.5,12.25,47,14.5,14.0,16.5,15.25,61,GUJ
873,FY1,CE,199,24002170110129,D7,PATEL NEELKUMAR YOGESHBHAI,ARY,8.0,4.5,11.0,11.25,35,13.5,10.0,12.0,10.75,47,14.0,16.0,12.5,8.25,51,10.0,12.0,10.5,11.75,45,GUJ
873,FY2,AIDS,180,24002170510032,B6,PATEL VRAJ VINAYKUMAR,VVV,9.0,5.0,8.0,11.00,33,8.0,9.0,5.0,14.25,37,15.0,12.0,14.0,9.75,51,10.0,9.0,15.0,11.75,46,GUJ
873,FY4,CEA,310,24002171510003,A11,CHAVDA PRANAV BABUBHAI,VRS,4.5,4.0,10.5,11.50,31,6.5,8.5,18.0,16.75,50,12.5,11.0,15.5,7.50,47,12.0,10.0,16.0,12.50,51,GUJ
873,FY5,CST,200,24002171310048,C7,JAGODANA DIVYESH HITESHKUMAR,PVS,10.0,5.0,9.0,11.75,36,11.0,AB,14.0,11.25,37,11.0,11.5,15.5,10.00,48,12.0,14.0,15.0,15.50,57,GUJ
873,FY5,CSE_CYBER,272,24002171910025,C9,YADAV KETAN RAJESHBHAI,PVS,9.0,3.5,10.0,13.00,36,2.0,1.0,9.0,12.25,25,6.0,12.5,10.0,10.25,39,18.5,17.0,15.5,15.00,66,ENG
879,FY1,CE,2,24002170110055,D1,HIRAPARA PARTH GHANSHYAMBHAI,ASA,4.5,9.5,10.5,8.50,33,12.0,7.5,5.0,14.00,39,13.5,16.5,11.0,6.00,47,7.5,11.0,13.0,12.25,44,GUJ
879,FY1,CE,205,24002170110151,D7,POLARA RIYAN ANISHBHAI,MDP,8.0,9.0,7.5,12.25,37,8.5,10.0,14.0,14.00,47,10.5,18.0,15.0,9.25,53,12.5,19.5,AB,15.25,48,GUJ
879,FY1,CE,130,24002170110153,D5,RABADIYA PRITKUMAR PARESHBHAI,NRS,9.0,6.5,10.5,15.50,42,13.0,13.0,16.0,11.00,53,8.0,9.0,16.0,9.25,43,9.5,12.0,10.0,13.00,45,GUJ
879,FY4,CSE,146,24002171210183,A6,SOJITRA DIKSHANT HIMANSHUBHAI,ARP,9.0,5.0,6.5,11.75,33,10.0,10.0,14.5,15.75,51,8.0,13.5,15.0,15.50,52,7.5,11.0,13.0,11.75,44,GUJ
879,FY5,CST,244,24002171310077,C8,MANSURI FAIZAN HANIFBHAI,NPB,7.5,7.5,10.0,13.75,39,8.0,10.5,12.0,14.25,45,10.5,12.0,8.5,8.25,40,14.5,15.5,17.5,10.50,58,GUJ
879,FY5,CSE_CYBER,150,24002171910014,C5,MORADIYA BANSI KALPESHBHAI,KCS,6.5,5.5,13.0,14.00,39,7.0,17.0,17.0,23.00,64,6.0,7.5,14.5,8.25,37,10.5,12.5,17.0,14.75,55,GUJ
885,FY1,CE,216,24002170110016,D8,BHANKHODIYA LAXMAN ASHOKBHAI,MDP,5.0,5.0,10.0,10.50,31,7.0,5.5,9.5,21.50,44,17.0,10.5,13.0,13.00,54,7.5,13.0,16.5,13.50,51,GUJ
885,FY1,CE,21,24002170110197,D1,VALA DHRUVKUMAR MANSINHBHAI,PJD,5.0,5.0,5.0,10.25,26,7.5,9.0,14.0,19.75,51,14.0,14.0,10.5,10.25,49,8.0,13.5,16.0,12.50,50,GUJ
885,FY4,CEA,278,24002171510004,A10,DHOLU MADHAV RAJESHKUMAR,ARP,7.5,5.5,9.0,10.75,33,14.0,9.5,20.0,14.25,58,11.5,9.0,20.5,8.00,49,7.5,8.5,9.0,10.25,36,GUJ
885,FY5,CST,98,24002171310080,C4,MODI NISHIT KALPESHBHAI,KCS,9.5,6.5,9.5,13.75,40,13.5,7.5,19.0,17.25,58,8.5,5.0,7.0,13.25,34,7.5,13.5,18.0,12.00,51,GUJ
885,FY5,CST,145,24002171310103,C5,PATEL HARSHIL PRAHLADBHAI,DBP,10.5,9.5,9.0,14.75,44,6.5,6.0,17.0,18.25,48,9.5,10.0,9.5,7.25,37,12.5,9.0,13.5,11.75,47,GUJ
885,FY5,CST,161,24002171310105,C6,PATEL VANSH RAMESHBHAI,KDL,9.0,6.0,7.0,12.75,35,12.0,13.0,10.0,12.75,48,13.5,11.5,13.5,7.25,46,12.5,13.0,12.5,11.50,50,GUJ
885,FY5,CST,162,24002171310179,C6,VHORA REHAN AHEMADHUSEN,IAM,11.0,9.0,16.0,12.25,49,9.0,7.0,15.0,10.75,42,22.0,12.5,13.0,4.75,53,13.5,14.5,11.5,10.25,50,GUJ
892,FY2,CSD,199,24002170310017,B7,RATHVI RAJVEER PRATAPBHAI,RMP,7.0,4.0,10.0,12.75,34,10.5,6.5,13.5,11.50,42,11.0,12.0,14.0,9.75,47,14.5,15.0,12.5,12.25,55,GUJ
892,FY2,AIDS,179,24002170510010,B6,DHAKECHA PRINCE PRAVINBHAI,MHM,13.0,5.0,4.5,12.75,36,9.0,3.0,11.5,13.00,37,11.0,4.0,17.5,8.00,41,10.0,12.0,11.5,13.75,48,GUJ
892,FY5,CST,28,24002171310054,C1,KACHHADIYA RUSHIL ASHVINBHAI,DBP,9.5,6.5,11.5,11.25,39,10.0,7.5,12.0,11.75,42,7.5,10.0,10.0,10.00,38,10.5,10.5,15.0,13.25,50,GUJ
895,FY1,AIML,135,24002170410009,D5,GODHANI UDAY GAUTAMBHAI,DPP,13.5,12.5,6.0,14.00,46,9.0,6.0,7.5,14.00,37,12.0,12.0,9.5,6.75,41,10.5,15.0,13.5,10.25,50,GUJ
895,FY1,CE,100,24002170110163,D4,SAVALIYA DIVYESH BHARATBHAI,ARY,10.0,5.5,8.0,6.75,31,9.5,8.0,18.5,19.50,56,9.0,14.0,13.0,9.25,46,8.5,12.0,17.0,9.75,48,GUJ
895,FY1,CE,80,24002170110188,D3,THUMMAR DHRUVIL RAJESHBHAI,DPP,16.0,13.5,13.5,16.00,59,9.5,5.0,6.0,12.75,34,6.0,14.5,10.5,9.25,41,13.0,9.5,11.5,7.25,42,GUJ
895,FY5,CST,143,24002171310002,C5,ANIYALIYA ARYAN ANILBHAI,VVP,4.0,8.0,11.0,13.25,37,8.5,12.0,15.0,21.00,57,2.0,8.0,13.5,11.50,35,5.5,9.5,16.5,11.00,43,GUJ
899,FY1,AIML,266,24002170410021,D9,MANAN CHAUHAN,ASA,9.5,5.0,11.0,12.25,38,7.5,10.0,9.0,15.00,42,11.5,3.0,12.5,8.50,36,12.0,17.0,8.0,12.50,50,ENG
899,FY1,CE,22,24002170110132,D1,PATEL JALP PRASHANTBHAI,SVC,8.0,3.5,9.0,12.75,34,0.0,11.0,20.0,14.75,46,8.0,11.0,15.0,9.50,44,11.5,10.5,15.5,14.50,52,GUJ
899,FY4,CSE,185,24002171210043,A7,DHYEY KETANKUMAR KAVAIYA,JRC,14.0,5.5,8.0,14.00,42,6.0,7.0,15.0,13.75,42,8.0,13.0,13.0,9.00,43,9.0,7.0,13.5,12.25,42,ENG
899,FY4,CSE,115,24002171210105,A4,PAREKH PIYUSH HIRENBHAI,KGB,4.0,7.5,10.0,15.75,38,10.5,9.0,14.0,8.75,43,13.0,12.0,18.5,10.75,55,11.5,7.5,12.0,9.25,41,GUJ
899,FY4,CEA,31,24002171510012,A2,JIKADARA HIMANSHU BHARATBHAI,KGB,9.5,5.5,12.0,9.25,37,10.0,9.0,19.0,10.00,48,9.5,13.5,17.0,9.50,50,8.5,13.5,12.5,11.00,46,GUJ
899,FY5,CST,168,24002171310085,C6,NAKRANI PRINCEKUMAR PUNABHAI,PVS,8.5,7.0,9.5,8.00,33,8.0,5.5,12.0,15.50,41,8.0,11.5,12.5,13.25,46,11.5,8.5,8.0,14.75,43,GUJ
905,FY2,IT,174,24002170210089,B6,PATEL MEGH MITESHKUMAR,DAM,10.5,5.5,11.0,13.00,40,7.0,4.0,13.5,9.75,35,17.0,9.5,19.0,7.50,53,9.0,19.0,7.5,9.25,45,ENG
905,FY5,BIOTECH,281,24002172110003,C10,CHAUHAN VEDANT HITESHKUMAR,KDL,7.5,6.0,11.5,13.75,39,1.0,7.0,13.0,12.75,34,9.5,8.0,17.0,14.50,49,10.0,16.0,14.5,10.50,51,GUJ
907,FY2,IT,191,24002170210001,B7,ASHAPURI ANSHUL JAGDISH,ANR,13.5,7.0,12.0,12.00,45,15.0,7.0,15.0,13.50,51,11.0,8.5,9.5,12.50,42,7.0,14.0,11.0,10.00,42,ENG
907,FY5,CST,130,24002171310015,C5,CHATROLA PARTH DINESHBHAI,VVP,6.0,AB,9.5,12.50,28,7.5,14.0,20.0,11.00,53,11.0,2.5,13.0,11.75,39,10.0,8.5,12.5,11.00,42,GUJ
909,FY2,IT,133,24002170210020,B5,FINADIYA NILKANTH GHANSHYAMBHAI,CVM,7.0,8.0,8.0,6.75,30,10.0,8.0,14.0,17.50,50,10.0,13.0,14.0,9.50,47,11.5,10.0,13.0,13.50,48,ENG
909,FY2,IT,125,24002170210023,B5,GAJERA PRANAV PRAFULLBHAI,MHM,6.0,6.0,7.5,11.75,32,4.0,4.5,12.0,17.00,38,13.0,13.0,13.0,7.75,47,8.0,12.0,10.0,9.00,39,GUJ
909,FY4,CSE,128,24002171210009,A5,BHALALA ARYAN BRIJESHBHAI,KPP,8.5,4.5,7.0,8.50,29,5.0,11.5,16.0,19.00,52,10.5,12.0,17.5,10.00,50,9.0,10.0,14.5,11.00,45,GUJ
909,FY4,CS&IT,246,24002171410031,A9,PATEL HARMIT PANKAJKUMAR,JAZ,6.0,5.5,12.5,11.25,36,10.0,9.0,7.0,14.00,40,7.5,6.0,14.5,11.75,40,4.0,14.5,15.0,13.75,48,GUJ
909,FY4,CEA,241,24002171510016,A9,KHICHADIYA MANSI HITESHBHAI,AMS,6.0,6.5,4.5,10.25,28,8.0,9.5,15.0,13.25,46,16.0,14.0,13.5,9.50,53,11.5,10.0,15.5,9.50,47,GUJ
909,FY5,CST,185,24002171310041,C6,GONDALIYA RUDRA BHADRESHBHAI,DJU,5.0,6.0,9.0,11.50,32,6.0,6.0,9.0,15.75,37,11.0,12.5,8.5,7.50,40,11.5,11.0,18.0,11.50,52,GUJ
909,FY5,CST,208,24002171310084,C7,NAGAR PRATYAKSH JIGNESHKUMAR,VVP,12.0,6.5,9.0,12.25,40,1.0,3.0,10.0,17.25,32,11.0,8.0,8.5,8.75,37,17.5,11.0,16.0,15.25,60,GUJ
909,FY5,CST,275,24002171310170,C9,THORIYA AKSHAT ASHISH,DBP,17.0,6.5,13.5,15.50,53,2.0,6.5,8.0,18.75,36,5.5,12.0,10.0,4.50,32,13.5,15.0,14.5,15.25,59,ENG
909,FY5,CSE_DS,101,24002171810006,C4,DHOLAKIYA JEMISH PRAKASHBHAI,NPB,11.0,3.5,7.5,9.00,31,9.5,6.5,10.0,11.50,38,13.0,17.5,8.0,3.50,42,13.5,16.5,14.0,11.75,56,GUJ
909,FY5,CSE_DS,65,24002171810012,C3,KANERIYA MEGH RAJESHBHAI,VVP,10.5,6.0,9.5,9.25,36,4.0,4.0,7.0,19.25,35,9.5,10.0,14.0,7.75,42,14.5,13.0,8.0,16.25,52,GUJ
919,FY1,CE,255,24002170110150,D9,PITHVA PARTHIV DEVENDRABHAI,ASA,11.0,9.0,10.5,7.75,39,6.0,9.0,9.0,15.00,39,8.0,10.0,11.5,8.00,38,9.5,16.0,11.0,14.75,52,GUJ
919,FY2,IT,198,24002170210008,B7,CHAPADIA TRUSHANGI MANISHKUMAR,VVV,8.0,5.0,10.5,9.00,33,6.0,3.5,13.0,12.25,35,8.0,12.0,11.5,12.25,44,7.0,11.5,15.5,17.75,52,GUJ
919,FY5,CSE_DS,123,24002171810002,C4,ARYAN CHHATRODIYA,IAM,8.0,2.0,0.0,10.25,21,5.5,12.5,10.5,16.00,45,14.5,9.0,11.0,8.00,43,12.5,14.5,15.5,15.75,59,ENG
922,FY1,CE,172,24002170110013,D6,BELANI TIRTH PRAKASHKUMAR,MDP,9.5,7.5,10.5,11.00,39,8.0,9.0,12.5,14.50,44,9.5,15.0,13.5,9.25,48,11.0,11.0,13.5,15.25,51,GUJ
922,FY2,IT,144,24002170210016,B5,DHANDHUKIYA JENSI NITINBHAI,VVV,9.0,5.5,12.0,11.00,38,8.0,9.5,14.0,13.00,45,10.5,13.5,18.0,12.00,54,9.5,12.0,9.5,10.50,42,GUJ
922,FY2,IT,124,24002170210051,B4,MATHIA PRATHAM MIHIR,CVM,6.5,9.0,13.0,13.00,42,9.0,6.5,12.0,12.50,40,11.0,9.5,12.5,10.50,44,8.5,14.5,9.5,10.25,43,ENG
922,FY5,CST,152,24002171310165,C5,SUTARIYA SAFEERMEHDI ALIABBAS,NSD,9.0,5.0,9.0,9.00,32,6.0,6.5,10.0,12.00,35,12.0,10.0,15.5,9.25,47,12.5,15.5,12.0,12.25,53,ENG
926,FY1,CE,133,24002170110112,D5,PARMAR ANIKET BHAVESHBHAI,ARY,7.5,6.0,7.5,11.75,33,7.0,11.0,15.5,13.25,47,9.0,11.0,14.5,9.00,44,13.0,8.0,9.5,14.75,46,GUJ
926,FY1,CE,122,24002170110119,D4,PATEL KRISH ALKESHBHAI,ARY,9.5,6.0,12.5,11.00,39,10.0,13.0,14.0,16.75,54,4.5,8.5,19.5,11.75,45,7.0,15.0,10.5,9.75,43,GUJ
926,FY4,CSE,52,24002171210071,A2,KARAD KRISH RAJESHBHAI,PDB,7.5,4.0,5.0,9.25,26,6.5,13.5,19.0,12.25,52,15.0,9.5,17.5,9.75,52,5.5,7.0,17.5,12.00,42,GUJ
926,FY4,CSE,53,24002171210205,A2,VORA PRIYANSH HASMUKHBHAI,JRC,10.5,6.0,12.0,15.50,44,10.0,7.0,15.5,11.00,44,7.0,10.5,13.0,11.50,42,6.5,8.0,17.0,12.25,44,GUJ
926,FY4,CEA,317,24002171510009,A11,HADIYAL DEVANG GIRISHBHAI,JRC,6.0,4.5,13.0,11.00,35,2.0,9.5,7.0,15.75,35,3.0,12.5,14.5,10.75,41,13.0,14.0,16.5,13.25,57,GUJ
926,FY4,CEA,290,24002171510035,A10,TUKADIYA UDAY RAJUBHAI,ARP,9.5,10.5,2.5,14.50,37,10.5,4.5,11.0,11.50,38,4.0,4.0,13.5,10.00,32,10.0,11.5,14.5,9.50,46,ENG
926,FY5,CST,186,24002171310142,C6,SAVALIYA ARKIT BHARATBHAI,HAM,7.0,7.5,8.0,12.25,35,11.0,9.5,14.5,16.50,52,11.0,10.0,13.0,9.25,44,8.5,17.0,17.0,AB,43,GUJ
926,FY5,CSE_AI,55,24002171710023,C2,PATEL HARSHKUMAR KANAIYALAL,DJU,10.0,6.5,10.0,11.00,38,5.0,7.0,10.0,13.50,36,8.5,13.5,12.0,6.25,41,15.0,12.0,18.0,10.25,56,GUJ
934,FY1,CE,180,24002170110017,D6,BHANOTAR JAY SURESHBHAI,HDS,9.5,7.0,5.0,10.00,32,7.0,7.5,5.0,15.75,36,8.5,15.5,14.5,10.25,49,17.0,9.5,11.5,15.00,53,GUJ
934,FY2,IT,89,24002170210004,B3,BHUVA DARSHIL HARESHBHAI,MHM,6.0,3.0,7.5,9.00,26,6.0,3.5,11.0,16.25,37,10.5,13.0,14.0,8.00,46,4.5,14.5,12.5,11.50,43,GUJ
934,FY4,CSE,135,24002171210188,A5,THADODA JEET SURESHBHAI,DAS,15.5,8.0,7.0,11.75,43,15.0,5.0,11.5,7.50,39,8.5,11.0,12.0,8.25,40,14.5,10.0,10.5,9.00,44,GUJ
934,FY4,CS&IT,269,24002171410049,A10,SOLANKI DAX VAJASHIBHAI,JRC,10.5,4.0,9.5,14.25,39,5.0,3.0,13.0,11.50,33,15.5,9.0,9.0,11.00,45,15.5,14.0,7.0,9.00,46,GUJ
934,FY5,CST,153,24002171310029,C5,DHYEY DARSHANBHAI PATEL,NPB,AB,0.5,4.5,12.00,17,14.0,1.0,19.0,14.50,49,6.0,AB,10.5,15.00,32,12.5,AB,15.5,15.00,43,ENG
934,FY5,CST,259,24002171310059,C9,KANSARA NEEV TARAKKUMAR,PVS,10.0,4.0,8.0,11.25,34,8.0,9.5,13.0,11.25,42,6.0,9.0,13.5,9.50,38,17.0,9.5,9.5,14.00,50,ENG
940,FY1,AIML,222,24002170410022,D8,MANDANI KRISH RAJESHBHAI,ASA,10.5,7.5,11.0,10.00,39,7.5,7.0,13.5,16.50,45,14.0,9.0,9.0,5.25,38,9.0,13.5,15.0,14.75,53,GUJ
941,FY1,CE,264,24002170110034,D9,DOBARIYA FORAM HASMUKHBHAI,SVC,11.5,3.0,7.0,13.50,35,4.5,3.5,13.5,10.50,32,7.5,10.5,18.5,10.25,47,14.0,9.5,14.5,15.75,54,GUJ
941,FY2,IT,134,24002170210040,B5,KHAMBHADIYA UREN RAJESHBHAI,MHM,9.0,7.0,6.5,11.00,34,8.0,6.5,17.0,18.50,50,15.5,14.0,12.0,5.25,47,4.5,6.0,15.0,12.50,38,GUJ
941,FY4,CEA,261,24002171510017,A9,KUKADIYA RIDDHI MANOJBHAI,PKS,6.0,4.5,7.0,6.50,24,5.0,8.5,16.0,11.50,41,15.5,12.0,17.0,8.00,53,12.0,9.0,12.0,14.75,48,GUJ
944,FY2,CSD,216,24002170310019,B7,SOLANKI TEJAS ASHOKBHAI,VVV,11.5,7.0,8.0,11.75,39,6.5,3.0,9.0,15.75,35,11.0,6.0,12.0,8.00,37,11.0,15.5,9.5,9.00,45,GUJ
944,FY5,CSE_CYBER,164,24002171910002,C6,BUTANI JAYKUMAR ANILBHAI,KDL,8.0,5.0,4.5,10.00,28,5.0,10.0,10.5,20.00,46,12.5,14.0,12.0,8.75,48,12.0,12.0,16.5,9.50,50,GUJ
946,FY1,CE,254,24002170110114,D9,PARMAR ANANDKUMAR MAHENDRABHAI,ARY,8.0,4.5,11.5,13.75,38,7.5,7.0,12.0,7.25,34,7.0,9.0,12.5,9.50,38,13.5,8.0,12.5,7.75,42,GUJ
946,FY4,CS&IT,198,24002171410001,A7,AGRAWAL NAMO BIJENDRAKUMAR,JAZ,5.5,5.5,3.0,8.00,22,10.0,8.5,12.5,10.50,42,10.5,9.5,10.0,11.00,41,15.0,10.0,9.5,11.50,46,ENG
946,FY4,CS&IT,299,24002171410008,A11,CHAVDA MILAN HARIBHAI,VHP,10.5,5.5,9.0,9.75,35,4.0,15.0,11.0,15.00,45,9.5,8.0,12.5,11.50,42,13.0,10.0,11.5,13.50,48,GUJ
949,FY1,AIML,240,24002170410004,D8,BHAYANI PRIT ISHWARBHAI,NRS,8.0,6.0,7.0,11.00,32,4.0,5.0,8.0,13.50,31,8.5,9.0,8.5,9.00,35,9.0,8.5,12.0,14.00,44,GUJ
949,FY2,IT,182,24002170210011,B6,CHAUHAN SAUMY KISHORKUMAR,ANR,10.5,5.0,7.5,13.00,36,6.0,14.0,11.5,15.75,48,9.0,10.0,12.0,11.25,43,8.5,8.5,15.5,13.50,46,GUJ
949,FY4,CSE,298,24002171210049,A11,GANDHI VYOM PARTHIV,VRS,7.5,4.0,7.5,10.25,30,7.0,12.0,13.0,8.25,41,4.5,13.0,14.5,7.25,40,9.0,9.5,6.5,13.50,39,ENG
952,FY2,IT,101,24002170210123,B4,SUVA SAVAN PRAVINBHAI,ANR,9.0,6.0,7.0,10.75,33,5.5,6.0,11.5,13.75,37,13.0,13.0,9.5,10.75,47,9.5,11.0,11.0,11.00,43,GUJ
952,FY4,CSE,294,24002171210004,A11,AMIN NIHAL BIMALBHAI,JAZ,12.5,5.0,7.0,10.00,35,6.0,8.5,21.0,7.50,43,11.0,11.0,15.0,7.00,44,10.5,9.0,9.5,12.75,42,ENG
952,FY5,CST,216,24002171310113,C7,PATEL DEV NAVNITBHAI,KDL,12.0,5.0,8.0,8.50,34,13.0,9.0,16.5,14.50,53,7.5,14.0,11.5,7.75,41,14.5,12.0,13.0,8.75,49,GUJ
955,FY1,AIML,90,24002170410008,D3,DONDA SMIT JAYANTIBHAI,ASA,12.5,4.5,6.0,10.25,34,5.5,7.0,7.5,16.00,36,7.0,9.0,17.0,2.75,36,13.0,11.0,14.0,11.50,50,GUJ
955,FY2,CSD,208,24002170310001,B7,AGHARIYA RIYABEN SULTANALI,CVM,10.0,5.5,7.5,13.00,36,3.0,2.0,13.5,11.75,31,11.0,8.5,15.0,9.75,45,8.0,15.5,11.5,15.75,51,GUJ
955,FY2,CSD,176,24002170310020,B6,UMATIYA NISARBHAI AMINBHAI,RMP,6.0,3.5,9.0,9.75,29,6.0,4.0,10.5,13.00,34,2.5,11.5,17.5,13.25,45,11.0,13.0,9.5,11.25,45,GUJ
955,FY2,RAI,209,24002170610001,B7,JOSHI NAND YAGNESH,ANR,7.0,5.5,8.0,15.50,36,5.0,10.5,10.0,16.75,43,12.0,10.5,11.0,11.00,45,10.0,9.0,11.5,12.25,43,ENG
955,FY4,CSE,285,24002171210199,A10,VAGHELA VANDITSINH RAJUSINH,PKS,3.0,3.0,8.5,7.50,22,3.0,4.0,15.0,16.00,38,8.0,15.0,18.0,6.25,48,7.0,13.5,17.5,12.00,50,GUJ
955,FY5,CST,260,24002171310027,C9,DHADUK TIRTH JASUBHAI,VVP,7.0,5.5,4.0,7.00,24,4.0,4.0,10.0,10.25,29,12.0,12.0,7.5,9.75,42,11.5,9.0,15.0,11.50,47,GUJ
961,FY4,CS&IT,289,24002171410022,A10,PADHARSHI SAJIDBHAI SIKANDARBHAI,AMS,1.5,6.5,4.0,9.25,22,7.0,10.5,15.0,16.00,49,3.0,7.5,18.0,15.00,44,7.0,8.5,16.5,8.75,41,GUJ
962,FY5,CST,206,24002171310133,C7,RATHOD HASNAIN JAYDEEPSINH,PAT,6.5,8.0,10.0,14.25,39,11.5,9.5,13.0,12.75,47,9.0,10.0,9.0,9.75,38,11.0,16.0,17.5,10.25,55,GUJ
963,FY2,IT,42,24002170210025,B2,GEDIYA POOJAN HARESHBHAI,BPD,12.0,6.0,7.0,8.00,33,10.0,9.5,13.5,16.75,50,14.0,12.0,10.0,6.25,43,11.5,4.0,15.0,9.50,40,GUJ
963,FY4,CSE,200,24002171210134,A7,PATEL VEER RAHULKUMAR,KPP,6.0,3.5,11.5,7.75,29,6.0,7.5,12.5,18.00,44,4.5,13.0,15.0,7.75,41,11.5,12.0,14.0,10.75,49,GUJ
963,FY4,CSE,72,24002171210140,A3,PATELIYA YASH AARATBHAI,VSA,9.0,7.0,8.0,13.50,38,12.0,4.5,10.0,13.75,41,6.5,12.5,10.5,9.00,39,7.5,9.0,7.0,6.50,30,GUJ
966,FY1,CE,215,24002170110028,D8,CHAUHAN YUG KISHORBHAI,JPM,6.5,8.0,6.5,10.00,31,10.0,14.5,13.5,9.00,47,7.0,10.0,15.0,9.25,42,10.5,8.0,12.0,11.25,42,GUJ
966,FY2,IT,45,24002170210077,B2,PATEL KISHAN CHETANBHAI,VVV,10.5,6.5,10.5,13.25,41,10.0,5.0,15.5,12.25,43,8.5,5.0,10.5,7.75,32,7.0,11.5,5.5,12.00,36,GUJ
968,FY2,CSD,210,24002170310011,B7,NOKAM HARDIKKUMAR SANJAYBHAI,DAM,11.0,6.0,8.5,8.25,34,7.0,6.0,8.5,11.50,33,14.5,12.0,8.0,5.25,40,14.5,7.0,7.5,10.50,40,GUJ
969,FY1,CE,7,24002170110173,D1,SHIYANI DARSHIL GHANSHYAMBHAI,MDP,10.5,6.0,9.0,18.00,44,0.0,6.0,6.5,11.00,24,10.5,3.5,9.5,8.25,32,6.5,11.5,14.0,9.75,42,GUJ
969,FY2,IT,15,24002170210049,B1,MAKVANA JYOT SHAILESHBHAI,BPD,9.0,3.5,9.5,11.00,33,12.0,9.5,11.0,11.50,44,8.0,10.5,14.5,9.50,43,9.0,7.0,12.0,8.75,37,GUJ
969,FY2,IT,153,24002170210102,B5,SARVAIYA MANTHAN ASHAVINBHAI,VVV,5.0,2.5,9.0,13.25,30,11.0,4.0,22.0,16.25,54,11.5,14.5,14.0,4.25,45,6.5,12.0,10.0,8.50,37,GUJ
969,FY2,AIDS,19,24002170510023,B1,LUNAGARIYA HINAV HIMMATBHAI,MHM,7.0,9.0,8.5,15.25,40,10.0,12.0,17.0,10.75,50,4.5,11.0,18.0,9.50,43,3.0,14.0,10.0,11.50,39,GUJ
973,FY1,CE,81,24002170110011,D3,BABARIYA DAKSH DHARMESHBHAI,HDS,1.5,2.0,4.0,5.50,13,4.5,2.5,15.0,8.00,30,16.5,14.5,14.5,13.75,60,11.0,12.5,14.5,17.50,56,GUJ
973,FY2,IT,36,24002170210075,B2,PATEL VEDANT CHETANBHAI,VVV,11.0,3.0,7.5,5.25,27,13.0,5.0,11.0,15.00,44,2.0,9.0,14.5,13.75,40,8.5,13.0,10.0,14.50,46,GUJ
973,FY5,CST,144,24002171310007,C5,BHIKADIYA MITVA YOGESHBHAI,AIG,7.5,5.0,12.0,7.00,32,5.0,10.0,18.5,12.75,47,13.5,9.5,11.5,5.75,41,11.5,11.0,9.0,10.75,43,GUJ
976,FY2,IT,24,24002170210006,B1,BRAHMANIYA ROSHANI SURESHBHAI,BPD,7.5,6.5,5.0,9.25,29,10.0,6.5,19.0,AB,36,16.5,10.5,15.0,10.50,53,1.5,9.5,8.5,13.00,33,GUJ
976,FY5,CST,274,24002171310043,C9,GUPTA TANMAY BHARATBHAI,AIG,10.5,3.5,10.5,9.25,34,7.5,5.0,13.0,12.00,38,6.5,2.5,8.0,12.50,30,14.0,9.0,13.5,3.25,40,ENG
976,FY5,CST,93,24002171310177,C3,VASANI KEVIN LALITKUMAR,DBP,9.0,9.5,8.5,9.75,37,5.0,5.5,10.0,17.00,38,4.0,8.0,12.5,6.75,32,10.5,9.0,14.0,12.25,46,GUJ
979,FY2,IT,80,24002170210101,B3,SARDHARA HASTI SHAILESHBHAI,MHM,5.0,7.0,12.5,7.50,32,0.5,3.5,18.5,14.25,37,6.5,14.0,17.0,6.25,44,7.5,15.0,11.0,10.25,44,GUJ
979,FY5,CST,238,24002171310057,C8,KAKADIYA LAKSH HITESHBHAI,HAM,3.5,3.0,9.5,8.75,25,6.5,4.0,15.0,15.25,41,12.0,9.5,12.0,7.50,41,5.0,10.0,16.5,12.00,44,GUJ
981,FY2,IT,107,24002170210090,B4,PONKIYA ANJAN CHETANBHAI,MHM,6.5,6.5,10.0,9.25,33,7.0,4.0,11.5,14.75,38,11.0,13.0,11.0,9.75,45,11.5,10.0,10.5,13.50,46,GUJ
982,FY5,CST,149,24002171310023,C5,DAVE HETAL JAYESHKUMAR,IAM,AB,5.0,11.0,11.00,27,AB,3.5,12.0,17.75,34,AB,10.0,10.0,14.50,35,AB,11.0,16.5,12.75,41,GUJ
982,FY5,CST,246,24002171310072,C8,MAKWANA DHRUV RAMESHBHAI,PVS,11.0,8.0,7.5,10.25,37,8.5,6.5,6.0,15.25,37,8.0,6.5,11.0,8.50,34,14.5,11.0,9.5,15.75,51,GUJ
984,FY4,MA&CP,301,24002171610011,A11,MAKWANA ROSHANKUMAR HITESHBHAI,AMS,4.0,2.0,7.0,8.75,22,5.0,8.0,17.0,14.75,45,6.0,12.5,13.5,8.00,40,11.0,12.0,10.0,10.00,43,GUJ
984,FY5,CST,229,24002171310019,C8,CHAWDA NISARG KALPESH,KDL,4.0,1.5,2.5,4.75,13,4.0,4.5,7.0,13.50,29,4.5,11.0,15.5,11.00,42,16.0,12.5,12.0,11.50,52,ENG
986,FY4,CS&IT,215,24002171410037,A8,SAI AMAN ZAKIRSHA,VHP,11.0,4.5,9.0,8.00,33,3.0,8.0,5.0,17.00,33,4.0,9.0,8.5,9.50,31,11.0,11.5,13.0,7.75,44,ENG
986,FY5,CST,241,24002171310116,C8,PATEL OM SURYAKANT,KCS,6.0,9.0,9.5,8.75,34,1.0,6.0,13.0,14.25,35,7.0,7.0,9.0,10.50,34,13.0,12.0,13.0,12.25,51,GUJ
988,FY2,CSD,175,24002170310005,B6,CHAUHAN HIT SUNILBHAI,PBS,10.5,6.0,7.0,12.00,36,8.0,8.5,13.5,14.75,45,10.5,8.0,16.5,10.50,46,10.0,7.5,10.0,10.75,39,Hindi
988,FY2,AIDS,113,24002170510021,B4,KORIYA AVI MANOJBHAI,RMP,11.5,8.0,4.5,9.50,34,6.0,7.0,13.0,11.50,38,6.0,10.5,15.5,8.00,40,12.0,12.5,8.5,13.75,47,GUJ
990,FY1,AIML,242,24002170410054,D8,VARMORA ARYANKUMAR DHARMENDRAKUMAR,SVC,2.5,6.5,7.5,6.00,23,5.0,7.0,15.0,15.00,42,6.5,14.5,12.0,10.50,44,6.5,7.5,12.5,8.50,35,GUJ
990,FY5,CST,262,24002171310011,C9,BHUVA OMKUMAR PRAKASHBHAI,DBP,4.5,3.0,6.0,9.50,23,6.0,2.5,7.0,15.50,31,11.0,7.5,4.0,10.75,34,15.0,12.0,8.0,8.75,44,ENG
990,FY5,CSE_AI,235,24002171710030,C8,SINDHAV PRINCE HASMUKHBHAI,AIG,3.5,3.5,2.0,14.25,24,9.0,7.0,9.0,7.00,32,11.5,7.0,8.0,10.50,37,12.5,12.0,14.0,12.00,51,GUJ
993,FY5,CSE_AI,37,24002171710008,C2,JAIN NITY ANILKUMAR,PAT,9.0,6.0,7.0,8.75,31,11.5,10.0,14.0,12.75,49,11.0,9.0,10.5,8.75,40,12.0,7.5,9.0,11.25,40,GUJ
994,FY4,CSE,204,24002171210024,A8,CHANDRAVADIYA ARYAN MAHESHBHAI,VSA,9.0,9.5,6.5,12.25,38,7.0,7.5,14.0,11.50,40,4.0,5.0,14.5,6.75,31,13.0,11.5,12.0,11.50,48,GUJ
994,FY4,CSE,71,24002171210100,A3,ODEDARA SAGAR ARBHAMBHAI,VHP,6.0,6.0,12.5,11.75,37,10.5,8.5,14.0,8.00,41,4.5,12.5,5.5,8.25,31,7.0,10.5,10.5,7.50,36,ENG
996,FY1,CE,161,24002170110111,D6,PARIKH TIRTH RAM,MDP,12.0,7.5,11.0,10.75,42,5.0,7.0,15.5,9.75,38,6.5,11.0,10.5,5.00,33,8.0,9.0,9.0,11.75,38,GUJ
996,FY5,CST,50,24002171310016,C2,CHAUHAN KETAN PRAKASHBHAI,PAT,7.5,1.5,7.5,8.50,25,12.0,14.5,5.0,10.50,42,9.5,12.0,11.0,8.50,41,10.0,8.0,9.0,12.00,39,GUJ
996,FY5,CSE_DS,115,24002171810024,C4,RAJPUT MIHIR VASANTSINH,PAT,7.5,6.0,8.5,9.75,32,8.0,10.5,13.5,10.50,43,9.0,5.5,12.0,10.00,37,12.5,10.5,11.0,8.50,43,GUJ
999,FY1,CE,147,24002170110180,D5,SONAGARA NIRMAL JAGDISHBHAI,HDS,4.5,5.5,9.0,9.50,29,8.0,9.0,8.0,9.50,35,7.0,12.0,8.0,4.50,32,7.5,14.0,12.0,13.50,47,GUJ
999,FY5,CST,180,24002171310175,C6,VAHANKA JEET PARESHBHAI,PAT,9.5,5.5,10.0,9.25,35,1.0,2.5,14.0,16.25,34,9.5,15.0,10.0,8.25,43,11.0,14.5,8.5,7.00,41,GUJ
999,FY5,CSE_CYBER,10,24002171910023,C1,VISAVELIYA MANSI HASMUKHBHAI,NPB,4.5,4.5,8.0,12.75,30,9.0,10.0,8.0,18.75,46,0.0,13.0,15.0,12.00,40,9.0,8.0,14.0,9.50,41,GUJ
1002,FY4,CS&IT,314,24002171410057,A11,VAKALIYA ALIHASAN MISAMALI,JRC,6.0,5.5,5.5,9.75,27,3.0,4.5,13.0,12.25,33,14.0,4.0,12.0,5.25,36,15.0,9.0,15.5,6.00,46,GUJ
1002,FY4,CEA,286,24002171510018,A10,MAKWANA PRUTHVIRAJSINH GIRISHBHAI,VRS,4.5,2.5,9.0,12.75,29,10.0,4.5,17.0,13.25,45,10.0,10.0,11.5,9.25,41,9.5,5.0,10.0,8.50,33,GUJ
1004,FY4,CSE,86,24002171210101,A3,ODEDARA SANJAY BHIMABHAI,ARP,8.0,7.0,10.0,13.50,39,7.0,14.0,7.0,7.75,36,4.0,12.5,13.5,7.75,38,5.0,11.0,11.5,11.50,39,GUJ
1004,FY5,CST,111,24002171310087,C4,PADSALA RADHE RAJANIKANT,KCS,8.5,6.0,10.0,11.25,36,7.0,13.5,7.5,12.75,41,8.0,7.5,8.5,8.00,32,4.5,5.5,16.0,12.25,39,GUJ
1006,FY5,CST,192,24002171310176,C7,VANANI DIPKUMAR BHARATBHAI,NPB,7.5,5.5,2.5,9.75,26,7.0,5.0,3.0,17.00,32,4.0,AB,12.5,10.75,28,10.5,12.5,11.5,8.50,43,GUJ
1007,FY2,IT,186,24002170210126,B6,TANK DEV BHARATBHAI,BPD,9.5,6.0,3.5,6.25,26,2.5,3.0,8.0,12.25,26,7.0,7.0,10.5,10.00,35,11.0,12.0,8.5,11.00,43,GUJ
1007,FY2,RAI,211,24002170610003,B7,KUKADIYA AKSH NANJIBHAI,PBS,13.5,5.5,8.0,12.50,40,7.0,8.0,11.5,13.00,40,15.0,9.5,7.5,9.75,42,7.5,7.5,8.5,8.25,32,GUJ
1007,FY4,CEA,315,24002171510033,A11,SOLANKI RUSHABH PARESHKUMAR,VRS,8.5,5.5,9.0,8.50,32,4.0,7.0,9.0,12.25,33,2.5,7.0,8.0,9.75,28,13.0,10.0,10.5,8.50,42,GUJ
1010,FY4,CSE,213,24002171210027,A8,CHAUDHARY NIRALEE KARSANBHAI,PKS,4.0,4.0,8.0,7.50,24,6.0,9.0,14.0,10.50,40,9.0,8.0,12.0,7.75,37,11.5,7.5,16.0,8.00,43,GUJ
1010,FY5,CSE_CYBER,75,24002171910004,C3,CHAUHAN ABHISHEK MANSINHBHAI,NPB,13.0,7.0,6.5,12.00,39,9.5,10.0,4.0,8.75,33,5.0,9.5,10.0,8.50,33,11.0,7.5,12.5,7.00,38,ENG
1012,FY1,CE,153,24002170110186,D6,THORIYA BHAVYA LAKHMANBHAI,PJD,11.5,6.5,7.5,9.00,35,13.0,5.0,8.0,12.75,39,7.0,7.5,13.0,6.75,35,8.0,4.5,13.0,6.75,33,GUJ
1012,FY2,AIDS,34,24002170510029,B2,PATEL YUGKUMAR BHARATBHAI,CVM,7.5,5.0,6.5,7.50,27,7.0,8.0,10.5,8.25,34,12.0,7.5,11.0,8.25,39,9.0,5.5,12.5,9.00,36,GUJ
1014,FY4,CS&IT,265,24002171410018,A10,KANZARIYA KARNKUMAR DINESHBHAI,AMS,8.0,5.5,6.5,9.00,29,6.0,4.5,12.0,9.75,33,7.5,11.0,19.0,6.25,44,8.5,10.5,9.5,9.75,39,GUJ
1015,FY5,CSE_DS,83,24002171810009,C3,GOHIL HARSH VIJAYBHAI,NSD,7.0,7.0,8.5,9.25,32,6.0,5.5,8.0,11.50,31,10.5,5.5,14.0,7.75,38,11.5,8.0,8.0,12.75,41,GUJ
1016,FY5,CST,193,24002171310110,C7,PATEL RUDRAKUMAR MINESHBHAI,PAT,11.0,7.0,8.0,6.75,33,3.5,5.5,11.5,13.75,35,8.0,9.0,4.0,4.75,26,9.0,12.0,10.5,8.00,40,GUJ
1016,FY5,CST,21,24002171310144,C1,SHAH KEYA HARDIK,KDL,5.0,5.0,5.5,7.25,23,7.0,5.0,2.5,12.50,27,6.0,6.5,4.0,7.75,25,11.0,8.0,9.0,10.25,39,ENG
1018,FY5,CST,61,24002171310178,C2,VEKARIYA VRUSHANGI ALPESHBHAI,NSD,10.0,6.5,6.0,12.50,35,6.0,5.5,10.5,15.75,38,6.5,9.0,8.5,7.75,32,9.0,4.5,13.0,12.50,39,GUJ
1019,FY1,AIML,224,24002170410055,D8,VAZA KAVY ARASHIBHAI,HDS,8.5,6.0,9.0,7.50,31,2.0,7.0,12.0,14.50,36,3.5,5.0,9.0,7.00,25,10.5,7.0,10.0,9.75,38,GUJ
1019,FY5,CST,273,24002171310013,C9,BRAHAMKHATRI TVISHA RAJU,VVP,11.5,6.0,9.0,9.75,37,3.0,3.5,8.0,13.50,28,5.5,4.5,8.5,8.25,27,13.0,15.0,13.5,AB,42,ENG
1021,FY1,CE,82,24002170110110,D3,PARIHAR NITINSINGH PRAHLADSINGH,HSP,14.5,9.0,10.0,13.25,47,13.0,14.0,10.0,9.50,47,AB,13.0,16.5,16.25,46,AB,19.0,21.0,AB,40,ENG
1021,FY4,CEA,277,24002171510027,A10,RATHOD RAHUL VIJAYBHAI,AMS,4.5,3.5,9.5,7.25,25,7.0,3.0,14.0,9.00,33,8.0,8.5,11.5,9.75,38,11.0,8.0,11.5,7.75,39,GUJ
1023,FY4,CSE,29,24002171210147,A1,RADADIYA OM PARESHBHAI,IRS,10.5,2.0,10.5,13.00,36,3.0,7.0,9.5,15.50,35,6.5,5.0,12.5,3.75,28,13.5,9.0,14.0,6.25,43,GUJ
1024,FY2,AIDS,192,24002170510014,B7,GOSWAMI BHAVISHYA RAKESHGIRI,DAM,9.5,6.0,3.5,14.50,34,4.0,1.0,8.0,11.25,25,13.5,9.0,10.0,3.25,36,10.0,11.5,9.0,15.25,46,ENG
1025,FY2,AIDS,207,24002170510007,B7,CHAVDA PRINCEKUMAR DAHYABHAI,VVV,7.5,3.0,3.5,9.00,23,9.0,3.0,4.0,9.00,25,3.0,10.0,13.5,8.50,35,13.0,8.0,10.0,8.50,40,GUJ
1025,FY5,CST,100,24002171310097,C4,PATEL ARPITKUMAR VIPULBHAI,NSD,AB,4.5,5.0,11.25,21,2.0,8.0,8.5,12.00,31,AB,8.5,9.5,10.00,28,AB,9.0,13.0,11.50,34,GUJ
1027,FY1,CE,175,24002170110177,D6,SOLANKI CHINTANKUMAR MANSINHBHAI,PJD,10.0,6.0,7.5,9.75,34,10.5,12.0,11.0,12.00,46,6.5,9.5,6.5,6.75,30,8.0,5.0,8.0,8.50,30,GUJ
1028,FY5,CST,261,24002171310021,C9,CHHUNCHHA HET OMPRAKASH,AIG,13.5,6.5,8.5,9.50,38,4.0,9.0,8.0,9.25,31,3.0,6.5,6.5,7.00,23,12.0,9.5,11.0,9.25,42,GUJ
1029,FY1,AIML,234,24002170410013,D8,KANANI RUSHABH TARUNBHAI,DPP,9.0,3.5,3.0,11.25,27,3.0,4.0,9.5,3.50,20,10.0,6.0,14.0,6.00,36,6.5,11.0,11.0,9.25,38,GUJ
1030,FY2,RAI,213,24002170610011,B7,SONDAGAR SUNNY JAYANTIBHAI,BPD,10.0,5.5,6.0,11.25,33,4.0,9.0,11.5,9.75,35,2.5,8.0,8.0,8.25,27,14.0,6.5,9.0,8.00,38,GUJ
1031,FY4,CSE,173,24002171210161,A6,SAKARIYA JEEL MAYURBHAI,JRC,4.5,1.0,7.0,11.00,24,7.0,6.0,13.5,10.50,37,2.0,8.5,11.0,7.25,29,11.0,5.0,13.0,12.25,42,GUJ
1031,FY4,CEA,262,24002171510015,A10,KATHROTIYA DHARVI,VRS,7.0,3.0,4.0,10.75,25,5.5,4.0,10.0,18.75,39,3.5,5.0,4.0,8.00,21,AB,8.0,10.0,13.25,32,ENG
1031,FY5,CST,182,24002171310109,C6,PATEL DISHANTKUMAR ANILKUMAR,VVP,6.0,6.5,3.0,12.75,29,3.0,4.5,7.0,14.25,29,8.0,9.0,8.0,8.25,34,5.5,11.0,8.5,10.50,36,GUJ
1034,FY2,IT,111,24002170210120,B4,SITAPARA KAVYAN BHARATBHAI,DAM,9.0,1.5,5.5,4.00,20,4.5,3.5,8.0,11.50,28,10.0,1.0,11.5,10.75,34,10.0,9.0,13.0,5.75,38,GUJ
1034,FY4,CEA,316,24002171510013,A11,JOSHI DHYEY JIGNESHKUMAR,VSA,5.0,2.5,11.0,6.00,25,1.0,2.5,8.0,17.00,29,3.0,4.0,14.5,9.25,31,4.5,11.0,11.0,8.75,36,GUJ
1036,FY1,CE,103,24002170110107,D4,PANCHANI KUNJ YATINBHAI,HDS,6.5,4.0,5.0,4.75,21,8.0,5.0,6.0,8.00,27,9.5,8.0,6.0,12.50,36,4.5,7.0,8.5,8.25,29,GUJ
1037,FY2,RAI,206,24002170610013,B7,VAGHELA SHLOK GOVINDBHAI,MHM,5.5,3.5,6.5,16.50,32,7.0,5.5,11.0,9.00,33,6.0,9.5,9.0,8.00,33,7.5,2.5,AB,9.00,19,ENG
1038,FY1,CE,195,24002170110081,D7,KOPATEL TUSHAR GHANSHYAMBHAI,NRM,7.5,3.5,7.5,11.50,30,12.0,4.0,9.0,5.75,31,10.5,9.0,8.0,7.75,36,12.5,10.5,2.5,10.50,36,GUJ
1039,FY4,CSE,188,24002171210073,A7,KARAVADARA RAJ MURUBHAI,KPP,7.0,5.5,4.5,10.00,27,7.0,2.0,11.0,9.00,29,5.0,9.0,3.0,6.75,24,7.0,8.5,11.0,8.00,35,GUJ
1039,FY5,CST,124,24002171310006,C4,BHENSDADIYA VEDANT HITENDRABHAI,KCS,3.5,2.5,10.0,6.50,23,5.0,10.5,9.0,14.00,39,2.0,3.0,5.5,5.50,16,8.0,13.0,9.0,8.75,39,GUJ
1041,FY2,CSD,215,24002170310006,B7,CHAVDA ABHISHEK NAVINBHAI,MHM,6.5,3.5,6.0,5.50,22,0.0,0.0,5.5,11.25,17,8.5,10.5,9.0,7.50,36,6.0,7.5,10.5,9.25,34,ENG
1042,FY5,CSE_CYBER,167,24002171910012,C6,LO ROCKY BHAVESHBHAI,PAT,5.0,4.5,4.0,8.25,22,2.0,6.0,6.5,15.50,30,8.5,8.0,11.5,5.50,34,8.5,10.0,6.0,6.50,31,GUJ
1043,FY4,CEA,319,24002171510011,A11,JADAV VRUSHANT MAHENDERBHAI,IRS,7.0,1.5,5.5,9.25,24,6.0,4.5,13.0,11.75,36,7.5,9.5,8.5,7.50,33,7.0,6.0,12.5,8.75,35,GUJ
1044,FY2,IT,188,24002170210065,B7,PARMAR RUDRA BRIJESHKUMAR,MHM,3.5,3.5,2.5,6.00,16,3.0,3.0,10.0,10.25,27,3.0,3.5,12.5,6.75,26,6.0,8.0,10.5,9.25,34,GUJ
1044,FY4,CSE,73,24002171210057,A3,GOTHI MIT PARESHBHAI,AMS,3.0,3.5,6.0,5.75,19,9.0,6.5,12.0,11.25,39,3.0,9.0,17.5,8.25,38,7.0,6.0,8.5,10.50,32,GUJ
1046,FY4,CSE,307,24002171210021,A11,BORAD ARYAN DHARMESHKUMAR,KGB,6.0,2.5,1.0,2.00,12,5.5,2.0,9.5,12.00,29,2.0,6.0,9.0,10.00,27,7.5,9.0,8.5,11.00,36,GUJ
1047,FY1,AIML,247,24002170410027,D9,MODI PRINCE NARESHBHAI,HSP,4.5,4.5,2.5,2.25,14,8.0,6.0,10.5,9.75,35,4.5,5.0,9.0,6.75,26,9.5,5.0,10.0,9.75,35,GUJ
1048,FY2,IT,12,24002170210017,B1,DHOLU HEET HARESHBHAI,DAM,4.0,3.0,7.5,7.25,22,4.0,AB,9.0,2.75,16,5.5,5.0,12.5,10.25,34,3.5,9.0,9.5,9.00,31,GUJ
1049,FY2,RAI,201,24002170610012,B7,VAGHANI SIDDH MILANBHAI,DAM,4.5,5.0,4.5,8.25,23,7.0,6.0,11.5,8.25,33,2.5,6.0,10.0,9.25,28,3.0,7.0,7.5,7.50,25,ENG
1050,FY2,RAI,218,24002170610007,B7,PANCHAL SHUBHAM RAJESHBHAI,ANR,2.5,3.0,3.5,7.75,17,3.5,5.0,9.5,11.00,29,4.5,7.0,9.0,7.75,29,2.0,5.0,9.5,10.00,27,GUJ
1051,FY2,IT,119,24002170210046,B4,KYADA RAJAN SANJAYBHAI,ANR,4.0,5.0,5.0,5.25,20,9.0,4.0,10.0,9.50,33,2.0,4.5,11.0,8.50,26,3.5,2.0,6.5,10.00,22,GUJ
1052,FY2,IT,91,24002170210048,B3,MAKADIYA SAMARTH NILESHBHAI,ANR,3.5,4.5,1.5,5.75,16,6.0,6.0,7.0,9.25,29,6.5,3.5,8.0,12.00,30,2.5,2.0,7.0,6.00,18,GUJ
1052,FY5,CST,270,24002171310119,C9,PATEL VEDANT KAMLESHBHAI,NPB,8.5,4.0,8.0,6.25,27,0.0,1.0,0.5,14.00,16,7.0,3.5,6.0,8.25,25,6.0,6.0,2.5,8.75,24,GUJ
1054,FY1,AIML,253,24002170410014,D9,KASAVALA SHUBHAMBHAI ASHVINBHAI,SVC,8.0,4.0,2.5,2.25,17,0.0,2.0,-2.0,4.75,5,4.0,7.5,6.0,5.50,23,6.0,11.5,4.0,9.75,32,GUJ
1055,FY5,CSE_DS,224,24002171810003,C8,BHARWAD PUJAN SATISHBHAI,DJU,3.5,2.5,0.0,1.50,8,4.0,4.0,2.0,7.75,18,5.0,4.0,2.0,5.50,17,12.0,10.0,4.0,6.50,33,ENG
1056,FY5,CST,253,24002171310042,C9,GOSWAMI KARTIKGIRI SURESHGIRI,IAM,5.0,2.0,4.0,3.75,15,3.0,2.0,4.0,2.50,12,4.0,0.0,3.0,4.00,11,5.5,2.5,8.5,10.75,28,GUJ
1057,FY4,CSE,120,24002171210123,A5,PATEL KARTAVYA TARAKBHAI,VSA,9.5,4.5,AB,AB,14,6.0,4.5,AB,AB,11,8.5,10.5,AB,AB,19,16.5,8.0,AB,AB,25,ENG
1058,FY4,CSE,25,24002171210142,A1,POKIYA MEET BIPINBHAI,IRS,3.5,1.0,6.0,AB,11,3.0,9.0,11.5,AB,24,2.0,8.0,5.5,AB,16,4.5,2.0,4.5,AB,11,GUJ
1059,FY4,CSE,56,24002171210190,A2,THAKKAR STUTI JAIMIN,KPP,11.0,AB,AB,AB,11.0,11.0,AB,AB,AB,11.0,11.0,AB,AB,AB,11.0,14.0,AB,AB,AB,14.0,ENG
1060,FY5,CST,252,24002171310154,C9,SHAH KRISH BHAVESH,NPB,2.0,3.0,AB,AB,5,2.0,1.0,AB,AB,3,7.0,1.0,AB,AB,8,10.0,4.0,AB,AB,14,ENG
