Column1,Column2,Column3,Column4,Column5,Column6,Column7,Column9,Column10,Column11,Column12,Column14,Column15,Column16,Column17,Column18,Column20,Column21,Column22,Column23,Column24,Column26,Column27,Column28,Column29,Column30,Column32,Column33,Column34,Column35,Column36,Column38,Column39,Column41
1,FY1,CE,1,24002170110144,D1,"PATEL MITESH
GHANSHYAMBHAI",DBP,20.00,24.00,22.00,19.00,85.00,23.00,23.00,19.00,24.50,90.00,22.00,23.00,14.50,24.00,84.00,23.00,24.50,23.00,20.75,92.00,22.50,24.00,21.00,22.75,91.00,ENG
2,FY4,MA&CP,25,24002171610013,A1,PATEL KASHYAPKUMAR ARVIND,ARY,18.00,23.50,19.00,21.25,82.00,25.00,21.00,21.50,24.00,92.00,22.00,19.50,21.00,18.25,81.00,24.00,23.00,25.00,24.50,97.00,23.00,23.00,20.50,21.50,88.00,GUJ
3,FY2,IT,2,24002170210037,B1,KAPADIYA ADIT HARESH,IAM,17.00,24.50,19.00,21.00,82.00,19.00,24.50,23.50,22.75,90.00,18.50,21.50,23.00,18.50,82.00,25.00,21.50,24.00,21.75,93.00,23.00,24.50,21.50,20.50,90.00,ENG
4,FY2,IT,1,24002170210035,B1,"KANCHVA YASHRAJSINH
ASHOKSINH",AIG,19.00,24.00,15.50,20.25,79.00,22.00,24.50,16.00,21.00,84.00,20.00,23.00,20.00,19.00,82.00,23.00,20.00,25.00,23.75,92.00,22.50,23.50,22.50,24.50,93.00,ENG
4,FY4,CSE,1,24002171210181,A1,SHUBHRA JYOTI BRAHMA,ARY,18.50,21.50,17.00,23.25,81.00,21.00,23.50,17.50,20.75,83.00,21.50,24.00,21.00,20.50,87.00,21.50,23.00,23.50,22.00,90.00,22.00,21.50,22.00,22.75,89.00,ENG
6,FY4,CSE,43,24002171210174,A2,SHAH PRATHAM SAMIRBHAI,PAT,19.50,21.00,16.50,20.75,78.00,20.50,24.00,16.50,22.00,83.00,22.50,19.50,22.50,22.25,87.00,23.50,20.50,22.50,23.00,90.00,24.00,23.50,19.00,22.25,89.00,ENG
7,FY4,CSE,17,24002171210206,A1,VYAS RIDDHI KAUSHAL,MHM,17.50,22.00,19.00,19.50,78.00,24.50,23.50,21.00,20.00,89.00,22.50,22.00,18.50,24.50,88.00,21.50,14.50,24.00,22.50,83.00,22.50,20.00,20.50,21.00,84.00,ENG
8,FY4,CSE,2,24002171210013,A1,"BHATT YASHWI
KALPESHKUMAR",ASA,18.50,21.00,17.50,19.75,77.00,21.00,23.00,21.50,23.00,89.00,21.50,17.50,20.50,20.50,80.00,23.00,21.00,23.00,22.50,90.00,21.50,18.00,19.50,22.00,81.00,ENG
9,FY1,CE,2,24002170110071,D1,"KAKANI NIHARKUMAR
KISHORBHAI",DJU,14.00,22.00,18.50,20.25,75.00,17.00,21.50,21.00,22.50,82.00,23.50,25.00,16.00,22.00,87.00,21.00,20.00,22.00,22.75,86.00,21.00,24.00,16.00,23.50,85.00,GUJ
9,FY1,CE,27,24002170110133,D1,PATEL VRAJ BHIKHABHAI,RDR,18.00,22.50,13.00,18.25,72.00,20.00,24.50,21.50,20.75,87.00,21.00,23.00,21.00,21.75,87.00,22.50,20.50,22.50,20.25,86.00,18.50,24.50,19.00,20.25,83.00,GUJ
11,FY4,CSE,14,24002171210001,A1,AKSHITA GUPTA,ASA,17.50,24.50,19.50,16.75,79.00,19.00,25.00,23.00,21.75,89.00,17.00,21.00,19.00,21.00,78.00,21.50,17.50,23.50,21.25,84.00,20.00,21.50,21.00,21.50,84.00,ENG
12,FY4,CSE,9,24002171210082,A1,LAD DIYA PANKAJKUMAR,RMP,15.00,23.50,17.50,18.75,75.00,23.50,24.00,25.00,21.50,94.00,18.50,12.50,22.50,17.50,71.00,23.00,22.00,21.00,23.25,90.00,21.50,23.50,16.00,21.50,83.00,ENG
13,FY2,IT,3,24002170210119,B1,"SHUKLA DHRUV
PRAGNESHKUMAR",JPM,17.00,24.00,18.00,20.75,80.00,21.00,22.50,19.00,20.50,83.00,20.00,20.00,21.00,19.00,80.00,21.00,15.50,23.00,17.50,77.00,22.50,24.00,21.50,23.50,92.00,ENG
14,FY1,CE,5,24002170110137,D1,PATEL SRUSTI DEEPAK,PKS,19.50,24.50,12.00,16.50,73.00,20.50,18.00,15.50,22.50,77.00,22.00,17.00,21.50,20.25,81.00,25.00,23.50,23.50,19.50,92.00,22.00,24.00,20.00,21.75,88.00,ENG
15,FY1,CE,17,24002170110203,D1,"VOHRA MOHAMMEDNIHAL
MOHAMMEDARIF",RDR,18.00,22.00,12.00,14.50,67.00,24.00,25.00,24.00,22.00,95.00,20.50,23.00,22.00,17.25,83.00,21.00,19.00,18.00,21.50,80.00,20.50,22.50,18.00,22.00,83.00,ENG
15,FY5,CSE_AI,1,24002171710013,C1,LATHIYA MANTHAN RAJESHBHA,ADB,19.00,24.00,15.00,18.50,77.00,22.50,23.00,24.00,22.00,92.00,21.00,21.50,20.00,19.75,83.00,21.00,14.00,19.00,24.00,78.00,22.00,22.00,15.00,18.50,78.00,GUJ
17,FY4,CSE,7,24002171210102,A1,PANCHAL PREET RAVINDRA,PAT,14.50,18.50,12.00,17.75,63.00,25.00,24.00,22.00,22.50,94.00,16.00,22.50,22.00,21.75,83.00,22.50,18.50,19.50,25.00,86.00,18.50,19.00,21.00,21.50,80.00,ENG
18,FY4,CSE,3,24002171210148,A1,RAJPURA MIDHATFATEMA MOH M,BPD,17.50,21.50,14.50,19.50,73.00,21.50,19.50,14.50,18.75,75.00,19.00,22.00,18.50,22.00,82.00,21.50,20.50,23.50,23.50,89.00,21.00,25.00,19.50,20.50,86.00,GUJ
18,FY4,CEA,39,24002171510023,A2,PATEL NISHI JATINKUMAR,BPD,18.00,18.50,17.00,12.75,67.00,19.50,24.00,17.50,19.00,80.00,20.50,23.50,20.00,21.75,86.00,20.50,18.00,21.50,21.75,82.00,24.00,25.00,17.00,23.50,90.00,ENG
20,FY5,CST,13,24002171310074,C1,MALAY CHHATBAR,AMS,19.50,25.00,19.50,20.50,85.00,15.00,18.00,12.50,18.25,64.00,16.50,16.00,22.50,21.50,77.00,20.00,18.00,24.00,24.00,86.00,25.00,23.50,19.00,24.00,92.00,ENG
21,FY1,CE,9,24002170110118,D1,PATEL JIMIT DINESHBHAI,VRS,19.00,20.50,14.50,17.25,72.00,20.50,20.50,21.00,22.50,85.00,20.00,18.50,17.00,21.00,77.00,21.50,21.00,21.00,20.50,84.00,22.50,23.00,14.00,24.50,84.00,ENG
21,FY4,CS&IT,34,23002171410047,A2,PRAJAPATI VINOD GIRDHARI,SVC,17.50,21.00,17.50,20.00,76.00,15.00,24.50,21.00,22.50,83.00,19.00,17.50,17.50,18.75,73.00,21.50,21.00,23.00,20.50,86.00,21.00,22.00,18.00,23.00,84.00,0
23,FY1,CE,8,24002170110060,D1,JAIN PRANAY ANILKUMAR,DJU,18.00,21.50,16.50,14.25,71.00,23.00,19.00,21.50,21.00,85.00,21.50,18.50,18.50,19.25,78.00,21.50,20.00,22.00,22.00,86.00,20.50,17.00,19.00,21.25,78.00,GUJ
23,FY1,CE,13,24002170110183,D1,TAILOR YAX JITENDRA,PBS,16.50,24.50,11.00,17.25,70.00,18.00,23.00,20.50,22.50,84.00,21.00,21.00,16.00,19.75,78.00,22.50,21.00,17.50,21.00,82.00,20.50,24.00,18.50,20.75,84.00,ENG
23,FY5,CSE_DS,5,24002171810032,C1,VADDORIYA CHARMI JITENDRA B,DHK,13.50,20.50,13.00,18.00,65.00,18.00,24.00,22.00,21.00,85.00,21.00,23.00,15.00,17.25,77.00,24.50,18.00,20.00,24.25,87.00,20.50,23.00,22.00,18.50,84.00,GUJ
26,FY2,AIDS,4,24002170510017,B1,KADIYA AYUSH HIRENKUMAR,MMT,21.00,17.50,15.50,18.00,72.00,22.50,24.00,19.50,17.25,84.00,21.50,20.00,16.00,17.50,75.00,19.50,19.50,20.00,21.50,81.00,19.50,23.50,18.50,23.50,85.00,GUJ
27,FY4,CSE,22,24002171210106,A1,PARIKH JATAN ASHISHBHAI,SVC,18.50,20.50,14.50,19.25,73.00,22.00,22.00,19.00,23.00,86.00,22.00,18.50,19.00,19.50,79.00,18.00,19.00,20.50,21.25,79.00,22.50,19.00,17.00,19.75,79.00,ENG
28,FY4,CS&IT,64,24002171410030,A2,PATEL VED PANKAJBHAI,HSP,17.50,19.00,17.50,19.50,74.00,18.50,23.00,18.50,20.00,80.00,17.50,21.50,18.00,15.75,73.00,19.50,23.00,23.00,21.50,87.00,16.50,23.00,18.00,22.00,80.00,GUJ
29,FY1,CE,81,24002170110200,D3,VANSH BHADVANIYA,DBP,12.50,21.50,9.50,14.75,59.00,21.00,23.00,23.50,14.50,82.00,20.50,20.50,24.00,18.00,83.00,22.50,21.50,22.50,22.50,89.00,22.00,20.00,17.00,21.00,80.00,ENG
30,FY1,CE,4,24002170110073,D1,KANTH AAYUSH RAJIV,PDB,18.50,19.00,12.00,19.00,69.00,19.00,22.00,17.00,23.00,81.00,20.50,22.50,20.00,19.00,82.00,23.50,11.50,23.00,17.25,76.00,23.50,22.00,18.00,19.75,84.00,ENG
30,FY4,CSE,4,24002171210046,A1,"DORIYA BHAVYA
GAUTAMBHAI",HSP,21.00,23.50,14.50,17.75,77.00,16.00,23.00,19.50,15.00,74.00,17.00,18.50,14.50,15.75,66.00,24.00,22.50,23.00,22.50,92.00,23.00,24.50,16.00,19.50,83.00,GUJ
30,FY4,CSE,32,24002171210127,A1,PATEL PRATHA RANJITBHAI,PJD,16.50,19.00,12.50,17.25,66.00,18.00,18.50,18.00,19.00,74.00,16.50,21.50,20.00,19.50,78.00,23.00,16.50,23.50,24.50,88.00,22.50,22.00,19.00,22.00,86.00,ENG
33,FY1,CE,12,24002170110053,D1,HAWAWALA FARHEEN MOIN,DJU,20.50,22.50,11.00,17.25,72.00,21.00,22.50,18.50,20.00,82.00,21.50,11.50,22.00,21.50,77.00,18.00,21.00,22.00,18.00,79.00,21.50,23.00,16.00,20.00,81.00,ENG
33,FY4,CSE,11,24002171210077,A1,KHUSHI MULCHANDANI,VVV,20.00,25.00,19.00,17.25,82.00,18.00,24.00,21.50,16.75,81.00,21.00,9.50,18.00,11.75,61.00,20.50,20.00,23.00,22.50,86.00,22.00,21.50,18.00,19.00,81.00,ENG
35,FY1,CE,11,24002170110067,D1,JIYA PIYUSHKUMAR GOVANI,DBP,16.00,24.50,13.00,16.75,71.00,19.00,19.00,20.50,14.00,73.00,23.50,15.50,20.00,15.00,74.00,22.50,22.00,20.50,21.25,87.00,22.00,24.00,17.00,21.75,85.00,ENG
36,FY1,CE,18,24002170110174,D1,SINGH AYUSHKUMAR SANTOSH,PBS,13.50,24.00,9.00,17.00,64.00,17.50,23.50,19.50,22.00,83.00,19.00,20.50,18.00,21.25,79.00,20.50,19.00,20.00,20.00,80.00,19.00,23.00,18.00,22.75,83.00,ENG
36,FY4,CSE,5,24002171210081,A1,LABANA YUVRAJ PRAKASH,MHM,16.50,21.00,16.00,17.25,71.00,22.00,20.50,15.50,22.50,81.00,18.00,13.00,16.00,20.50,68.00,23.50,21.50,25.00,22.50,93.00,20.50,23.00,15.00,17.00,76.00,ENG
36,FY4,CSE,13,24002171210173,A1,SHAH CHARMI KAUSHAL,ARY,17.50,19.00,13.50,18.25,69.00,19.50,24.50,21.00,20.00,85.00,16.50,17.00,15.50,19.50,69.00,24.00,18.00,19.00,23.50,85.00,19.50,23.00,16.00,22.25,81.00,ENG
39,FY2,IT,17,24002170210093,B1,PRAJAPATI SAUMYA AKHILESH,MMT,17.50,22.00,17.00,14.50,71.00,17.00,22.00,17.00,21.50,78.00,17.00,20.00,16.00,14.75,68.00,20.50,20.00,25.00,18.50,84.00,22.50,21.00,21.50,21.50,87.00,ENG
39,FY4,CSE,16,24002171210086,A1,MALI AYUSH HIRENKUMAR,HSP,16.00,22.50,14.00,17.50,70.00,21.00,20.50,15.50,15.50,73.00,17.50,19.00,19.50,20.00,76.00,22.50,17.50,22.00,19.75,82.00,22.50,21.00,19.50,23.25,87.00,GUJ
39,FY4,CSE,8,24002171210110,A1,PATEL KRISH KALPESHBHAI,PJD,18.00,20.00,14.00,18.75,71.00,23.00,19.50,18.50,22.50,84.00,17.50,18.50,14.50,19.50,70.00,19.50,16.50,19.00,21.50,77.00,22.50,24.00,19.50,19.75,86.00,GUJ
42,FY1,CE,16,24002170110148,D1,PATOLIYA ANSH AMITBHAI,PVV,18.50,23.50,17.00,20.50,80.00,20.00,19.00,20.50,20.75,81.00,14.50,18.50,15.50,16.50,65.00,22.50,20.50,20.00,17.25,81.00,18.50,22.50,15.50,23.25,80.00,GUJ
42,FY4,CSE,10,24002171210159,A1,SADHNANI JATIN PRAKASH,SVC,18.00,22.50,21.50,20.00,82.00,19.50,17.00,16.50,17.00,70.00,17.00,16.50,16.50,19.75,70.00,16.00,22.00,22.00,22.00,82.00,19.00,22.00,20.00,21.25,83.00,ENG
42,FY4,CEA,98,24002171510024,A3,PATEL NEEL NIMESHKUMAR,ASA,18.00,21.50,16.00,16.00,72.00,19.00,24.00,19.50,15.75,79.00,17.50,21.50,17.00,18.00,74.00,20.00,18.00,20.00,20.25,79.00,19.50,22.00,20.00,21.00,83.00,ENG
45,FY2,AIDS,10,24002170510015,B1,HIRANI YASHVI JIGESHKUMAR,IAM,16.50,17.00,14.50,18.50,67.00,19.50,22.00,16.00,16.00,74.00,19.00,18.50,20.50,19.75,78.00,18.50,16.50,24.00,23.00,82.00,22.50,21.00,17.50,23.25,85.00,ENG
45,FY4,CSE,23,24002171210037,A1,DESAI RAJ GHANSHYAM,VVV,16.00,23.00,20.00,16.75,76.00,25.00,22.50,14.50,18.50,81.00,15.00,12.50,16.50,15.00,59.00,23.00,22.50,22.00,23.50,91.00,17.50,23.00,16.00,22.00,79.00,ENG
47,FY4,CSE,27,24002171210035,A1,DARJI SHLESH NALINKUMAR,BPD,14.00,22.50,17.50,19.75,74.00,19.00,18.00,14.50,22.00,74.00,22.00,19.00,18.00,16.75,76.00,20.00,17.00,20.50,21.00,79.00,21.50,21.50,18.00,20.50,82.00,GUJ
48,FY4,CSE,19,24002171210166,A1,SALONI BHARAT PATEL,PAT,18.00,19.50,14.00,18.25,70.00,14.00,19.50,20.50,19.50,74.00,18.50,16.50,19.50,21.00,76.00,16.00,20.00,20.00,21.50,78.00,24.00,20.00,18.50,23.00,86.00,ENG
49,FY4,CSE,31,24002171210176,A1,SHAH BHAVYA AJAYKUMAR,PAT,18.50,18.50,14.50,18.75,71.00,19.00,18.00,21.00,19.25,78.00,17.50,19.50,17.50,17.50,72.00,21.00,18.00,23.00,23.00,85.00,23.00,21.00,14.00,18.75,77.00,ENG
49,FY5,CST,7,24002171310167,C1,TANK RIYA DIPAKBHAI,JRC,16.50,18.00,16.00,17.50,68.00,14.00,25.00,21.00,19.50,80.00,20.50,19.50,18.00,18.75,77.00,18.50,15.50,20.50,22.00,77.00,20.50,23.50,18.50,18.50,81.00,GUJ
49,FY5,CST,2,24002171310172,C1,UPADHYAY PREXA RUPEN,AMS,18.50,21.50,17.50,19.00,77.00,20.00,25.00,19.50,17.75,83.00,19.00,14.00,18.00,20.25,72.00,20.50,16.50,20.00,21.75,79.00,23.50,22.00,8.00,18.50,72.00,ENG
52,FY1,CE,46,24002170110147,D2,PATOLIYA JEMS NILESHBHAI,PVV,19.50,19.00,11.50,18.00,68.00,16.00,20.00,17.50,14.00,68.00,21.00,18.50,18.50,20.75,79.00,21.50,22.50,20.00,20.25,85.00,19.50,22.00,20.00,20.50,82.00,GUJ
52,FY4,MA&CP,15,24002171610004,A1,DAVE KRISHNA GAURANGKUMA,BPD,16.00,18.00,13.00,16.75,64.00,24.50,21.00,19.00,22.75,88.00,20.00,18.50,11.50,17.25,68.00,22.00,12.50,18.50,23.75,77.00,24.00,23.00,18.00,20.00,85.00,ENG
54,FY2,IT,5,24002170210118,B1,SHUKLA AYUSHI,NRS,16.50,20.50,18.50,18.75,75.00,16.00,19.00,14.00,16.50,66.00,16.00,18.00,22.00,20.00,76.00,20.00,15.50,20.50,24.00,80.00,23.50,23.00,16.00,21.00,84.00,ENG
55,FY1,CE,37,24002170110024,D2,BORAD PARTH ARVINDBHAI,RDR,12.50,18.50,8.50,18.50,58.00,19.50,24.00,18.00,23.25,85.00,18.00,20.50,16.50,20.50,76.00,21.50,17.50,19.50,24.50,83.00,17.50,22.00,17.00,21.00,78.00,GUJ
55,FY1,CE,15,24002170110076,D1,"KHAMAR YAJASH
SHARVILKUMAR",PKS,12.50,17.50,10.50,16.50,57.00,19.00,24.50,18.50,23.00,85.00,21.00,19.50,18.50,21.50,81.00,23.00,16.50,18.50,19.00,77.00,19.50,20.00,18.00,22.00,80.00,ENG
55,FY2,IT,6,24002170210103,B1,SATYAM GAUTAMKUMAR PATE L,PVS,16.50,25.00,19.50,19.75,81.00,12.50,21.00,16.00,19.00,69.00,18.00,16.50,17.00,21.00,73.00,16.00,16.00,18.50,20.00,71.00,24.00,23.00,16.00,22.50,86.00,ENG
55,FY4,CSE,35,24002171210111,A2,PATEL DIYA MANOJKUMAR,VVV,16.00,18.00,11.50,13.50,59.00,19.00,22.00,21.00,20.50,83.00,17.00,17.00,16.00,20.75,71.00,20.00,19.00,24.00,24.25,88.00,21.50,18.50,18.50,20.00,79.00,GUJ
55,FY4,CS&IT,58,24002171410029,A2,PATEL HRISHIK VIPULBHAI,SVC,15.50,20.00,10.50,17.50,64.00,20.50,24.00,14.00,20.00,79.00,19.00,22.00,15.50,20.75,78.00,22.00,18.50,23.00,19.00,83.00,17.50,19.00,16.50,23.00,76.00,ENG
60,FY2,IT,21,24002170210098,B1,"RATHOD MIHIR
MAHENDRABHAI",PVS,16.50,23.00,13.50,18.50,72.00,18.00,23.50,13.50,17.25,73.00,17.50,20.50,17.50,19.50,75.00,18.50,17.00,23.00,20.75,80.00,15.50,24.00,17.50,21.50,79.00,GUJ
60,FY5,CST,4,24002171310045,C1,ISHA AGARWAL GANESH,DAS,16.00,18.50,13.00,17.00,65.00,18.50,24.00,18.50,20.50,82.00,20.00,18.00,16.00,15.00,69.00,21.50,17.00,21.00,21.00,81.00,23.00,22.00,15.00,21.50,82.00,ENG
62,FY1,CE,23,24002170110189,D1,TRIVEDI YASHVI SHYAMAL,PBS,19.00,23.50,14.00,19.50,76.00,18.00,16.00,17.00,12.75,64.00,18.00,18.00,16.50,18.00,71.00,22.00,23.00,20.50,17.00,83.00,19.00,25.00,18.50,21.25,84.00,ENG
62,FY2,IT,15,24002170210005,B1,BODAR DISHA AMITBHAI,AIG,18.00,23.00,13.00,15.50,70.00,14.00,23.00,20.00,22.75,80.00,18.50,22.50,14.50,18.00,74.00,22.00,17.50,21.00,17.50,78.00,22.00,18.00,16.50,19.50,76.00,GUJ
62,FY4,CSE,55,24002171210034,A2,DAKSH M TRIVEDI,PAT,13.50,20.00,10.00,15.25,59.00,18.00,21.50,14.50,22.50,77.00,17.00,17.00,15.50,18.50,68.00,22.00,21.00,22.50,21.25,87.00,21.50,22.00,21.50,21.50,87.00,ENG
62,FY5,CSE_DS,18,24002171810027,C1,SHAIKH MEHRINBANU MOHAMM,JRC,17.50,23.00,16.00,17.00,74.00,16.50,22.50,17.00,17.00,73.00,19.50,14.00,14.00,14.75,63.00,22.00,19.50,21.00,18.50,81.00,24.50,20.50,20.00,22.00,87.00,GUJ
66,FY2,IT,7,24002170210113,B1,SHAH DIYA KAUSHALKUMAR,YRP,15.50,20.00,12.00,12.25,60.00,22.00,22.50,17.50,14.00,76.00,18.00,19.50,17.00,15.00,70.00,22.00,18.50,21.00,21.50,83.00,21.50,23.50,20.50,22.50,88.00,ENG
66,FY2,AIDS,11,24002170510013,B1,DHRUV SOM,MMT,21.00,24.50,16.50,17.75,80.00,12.50,22.00,15.00,18.50,68.00,13.50,16.00,17.00,15.50,62.00,18.00,13.00,25.00,23.00,79.00,21.50,24.00,19.50,23.00,88.00,ENG
68,FY1,AIML,20,24002170410024,D1,"MANVA MOHAMMEDSUBHAN
IMRANBHAI",VSA,15.00,13.00,12.50,18.00,59.00,20.00,20.50,21.50,20.25,83.00,15.00,21.00,13.50,19.75,70.00,21.00,17.00,21.50,21.50,81.00,22.00,19.00,20.00,22.00,83.00,GUJ
68,FY4,CS&IT,12,24002171410027,A1,PATEL MAHEK JAYKARKUMAR,VVP,15.00,21.00,18.50,16.75,72.00,21.00,20.50,17.50,14.50,74.00,18.50,18.50,17.50,19.25,74.00,18.50,19.00,22.00,19.50,79.00,22.00,16.00,21.00,17.75,77.00,ENG
70,FY4,CSE,30,24002171210036,A1,DAVE NISHTHA VIMALKUMAR,NPB,16.50,24.50,15.50,17.50,74.00,19.00,22.50,16.50,17.00,75.00,17.00,20.00,19.50,14.00,71.00,15.00,20.00,23.00,21.50,80.00,21.50,18.00,14.50,20.50,75.00,ENG
70,FY4,CSE,77,24002171210151,A3,RANA AYUSH JITENDRAKUMAR,MHM,16.50,15.50,14.00,19.50,66.00,15.50,24.00,22.50,18.00,80.00,17.00,20.50,20.00,19.25,77.00,21.50,20.00,20.00,21.00,83.00,19.00,16.00,14.00,19.50,69.00,ENG
72,FY4,MA&CP,36,24002171610001,A2,BHUVA RISHITA VIPULKUMAR,VVP,13.00,17.50,16.00,13.00,60.00,19.00,23.50,19.00,20.00,82.00,20.50,19.50,14.00,19.00,73.00,22.00,21.00,18.00,23.00,84.00,20.00,20.00,13.50,21.50,75.00,GUJ
72,FY5,CST,9,24002171310158,C1,SHLOK PATEL,KPP,20.50,24.00,17.00,16.00,78.00,19.00,23.00,20.50,19.00,82.00,19.00,17.00,18.00,15.50,70.00,16.50,17.50,20.00,19.00,73.00,21.50,21.00,12.00,16.00,71.00,ENG
74,FY4,CS&IT,100,24002171410019,A4,KHARSANI TRUSHA HITESHBHAI,HSP,19.00,18.50,13.00,15.25,66.00,17.50,24.00,23.50,17.50,83.00,20.50,18.00,13.50,16.25,69.00,19.00,18.50,21.00,18.00,77.00,19.50,23.00,18.00,16.75,78.00,GUJ
75,FY1,CE,56,24002170110080,D2,"KIRI SUJALKUMAR
URVISHKUMAR",PVV,15.00,21.50,14.00,16.25,67.00,19.50,22.00,18.50,22.50,83.00,19.00,18.00,13.00,16.25,67.00,21.50,15.00,20.00,18.25,75.00,21.00,22.00,14.50,22.50,80.00,GUJ
75,FY5,CSE_CYBER,11,24002171910021,C1,UJAL SMRUTI MAHESHBHAI,VHP,15.50,22.00,10.00,17.00,65.00,19.00,23.00,17.00,18.50,78.00,18.50,21.00,19.50,20.50,80.00,18.50,14.00,18.00,22.50,73.00,21.50,18.00,14.00,22.50,76.00,ENG
77,FY1,CE,6,24002170110101,D1,"PANCHAL DHARMIL
SHAILESHKUMAR",PVV,17.50,22.00,14.50,16.50,71.00,17.00,21.50,15.00,19.00,73.00,18.00,19.50,14.50,20.75,73.00,23.00,19.00,19.00,14.75,76.00,22.00,20.00,16.50,19.50,78.00,GUJ
77,FY1,CE,33,24002170110126,D2,PATEL MANN SANDIPKUMAR,PBS,16.50,21.50,14.00,17.50,70.00,14.00,20.00,18.00,16.25,69.00,19.00,21.00,14.50,21.00,76.00,20.00,21.50,21.00,21.75,85.00,17.50,18.00,15.50,19.25,71.00,GUJ
77,FY1,CE,58,24002170110138,D2,PATEL NEEL BIPINKUMAR,RDR,17.50,20.50,13.50,16.00,68.00,16.00,20.50,13.50,14.00,64.00,20.00,21.00,18.00,18.00,77.00,19.00,23.50,20.50,23.00,86.00,17.00,22.00,15.00,21.25,76.00,ENG
77,FY5,CSE_AI,6,24002171710019,C1,PATEL DHRUV JAYESHKUMAR,JAZ,15.50,19.00,14.50,14.75,64.00,21.50,19.00,18.00,19.00,78.00,20.50,18.00,17.00,18.00,74.00,20.50,17.50,21.00,15.00,74.00,23.00,23.50,18.00,16.00,81.00,ENG
81,FY4,CS&IT,86,24002171410011,A3,FINAVIYA JEELKUMAR JANAKBH,ASA,16.00,20.50,13.00,16.75,67.00,15.50,22.50,16.00,20.00,74.00,19.00,17.00,21.00,17.25,75.00,20.00,15.00,18.00,20.00,73.00,18.00,22.00,21.00,19.75,81.00,GUJ
82,FY1,CE,34,24002170110059,D2,JAIN BHAVYA SANJAYBHAI,PDB,18.00,20.00,15.50,19.25,73.00,17.50,25.00,17.50,23.50,84.00,20.00,14.50,16.00,21.00,72.00,17.00,16.00,21.00,20.50,75.00,16.00,12.50,13.00,23.00,65.00,ENG
82,FY4,CSE,21,24002171210200,A1,VARDE DHRUVAL VIKRAM,RMP,21.50,22.50,21.50,16.75,83.00,16.50,19.50,13.00,13.50,63.00,19.00,16.50,12.00,19.00,67.00,19.50,20.00,23.50,12.75,76.00,21.00,22.00,16.00,20.50,80.00,ENG
82,FY5,CSE_AI,14,24002171710022,C1,PATEL DHAIRYA AMITKUMAR,ARP,18.00,23.00,15.50,13.00,70.00,17.00,22.00,19.00,22.25,81.00,20.00,16.50,16.00,15.75,69.00,14.00,16.00,23.00,16.25,70.00,18.00,21.00,20.00,19.50,79.00,ENG
85,FY4,CSE,40,24002171210120,A2,PATEL ZAINALI CHANDRAKANT,HSP,15.00,18.00,10.00,14.00,57.00,22.00,23.50,18.00,20.50,84.00,20.00,14.50,16.50,16.75,68.00,21.50,17.00,21.00,22.25,82.00,15.50,22.00,20.00,19.00,77.00,GUJ
86,FY1,CE,40,24002170110088,D2,"MEGHA NISHTHA
JIGNESHKUMAR",VSA,19.00,18.50,13.50,14.75,66.00,21.00,22.00,16.00,20.50,80.00,18.00,20.50,14.50,18.00,71.00,20.50,14.50,21.00,19.25,76.00,19.50,18.50,15.00,20.25,74.00,GUJ
86,FY4,CSE,109,24002171210150,A4,RAMANI PRIYAL JAYESHBHAI,ARY,18.00,21.50,13.00,17.00,70.00,20.00,20.50,16.00,19.00,76.00,19.50,17.00,17.00,14.75,69.00,19.50,17.50,23.00,23.00,83.00,17.00,22.00,15.00,15.00,69.00,GUJ
86,FY5,CST,8,24002171310089,C1,PANCHAL SHIVANI DISHANTBHA,KGB,17.50,19.50,16.00,18.75,72.00,7.00,23.00,14.50,12.50,57.00,16.50,21.00,16.00,20.75,75.00,18.50,19.50,17.00,22.50,78.00,24.00,23.00,16.00,21.50,85.00,GUJ
89,FY1,CE,10,24002170110103,D1,PANCHAL KRISH YOGESHBHAI,VSA,17.00,24.00,13.00,20.25,75.00,14.50,23.00,20.00,18.50,76.00,22.00,16.00,12.50,17.50,68.00,23.50,19.50,16.50,18.50,78.00,16.50,22.00,12.00,18.50,69.00,ENG
89,FY1,CE,36,24002170110124,D2,PATEL ARYA VIPULKUMAR,PVV,15.00,14.00,12.50,16.25,58.00,21.00,20.50,22.50,19.00,83.00,18.00,17.00,20.50,20.75,77.00,17.50,20.00,19.00,22.75,80.00,18.00,16.50,13.00,19.75,68.00,ENG
89,FY2,IT,14,24002170210106,B1,SHAH TANISH HEMAL,PVS,18.50,22.00,14.00,17.00,72.00,18.50,20.00,16.50,16.25,72.00,14.00,16.00,19.00,20.00,69.00,15.50,17.50,21.50,16.75,72.00,21.50,20.50,18.00,20.25,81.00,GUJ
92,FY4,CSE,68,24002171210052,A3,GOLECHHA TEJAL AJAYKUMAR,PJD,15.00,21.50,12.00,14.50,63.00,11.00,15.00,14.00,17.00,57.00,21.00,14.50,18.50,18.75,73.00,24.50,19.00,23.00,22.25,89.00,21.00,24.00,15.50,22.50,83.00,ENG
92,FY4,MA&CP,152,24002171610005,A5,DHOLAKIYA PRIYAL HEMANTBH,PJD,16.00,15.00,13.00,13.75,58.00,17.50,19.00,17.00,22.00,76.00,17.00,22.50,16.50,19.00,75.00,22.00,17.00,15.00,23.00,77.00,20.00,21.50,15.00,22.00,79.00,GUJ
94,FY4,CSE,48,24002171210117,A2,PATEL HIMANSHU ASHVINKUMA,VVP,13.50,18.50,15.50,17.75,66.00,15.00,22.50,19.00,22.50,79.00,17.00,12.50,18.50,19.50,68.00,19.50,15.00,22.50,22.50,80.00,10.50,19.50,18.50,22.25,71.00,GUJ
94,FY4,CSE,50,24002171210122,A2,PATEL ROHAN RASHESHBHAI,ASA,19.50,20.50,11.00,18.25,70.00,17.00,17.00,12.50,17.00,64.00,17.50,14.50,19.00,17.00,68.00,18.50,17.00,21.50,23.50,81.00,24.00,18.00,16.50,22.00,81.00,ENG
94,FY4,CS&IT,29,24002171410050,A1,SOLANKI ARYA SANDIPBHAI,MHM,17.50,20.00,13.50,17.50,69.00,21.00,20.00,16.00,15.25,73.00,13.00,21.00,17.00,17.75,69.00,19.00,19.00,16.00,23.50,78.00,21.00,18.00,17.00,19.00,75.00,ENG
94,FY5,CSE_DS,32,24002171810007,C2,DHOLARIYA ROMIL DINESHBHAI,MDP,17.00,18.00,13.00,17.00,65.00,14.00,21.50,22.00,17.25,75.00,18.00,22.50,10.50,19.25,71.00,19.00,15.50,21.50,13.00,69.00,18.50,21.00,23.00,21.25,84.00,GUJ
98,FY1,CE,103,24002170110171,D4,SHETH YUG MITULKUMAR,PBS,12.50,19.00,7.50,15.00,54.00,17.00,24.50,23.50,21.50,87.00,14.50,14.00,19.00,21.75,70.00,11.50,18.00,17.00,24.50,71.00,20.50,22.00,16.50,21.50,81.00,ENG
98,FY4,CSE,46,24002171210020,A2,BORAD UTSAV VIKRAM,SVC,15.00,20.00,9.50,15.75,61.00,20.00,19.50,19.00,15.00,74.00,19.00,17.00,16.00,17.25,70.00,20.50,21.50,23.00,20.75,86.00,19.50,21.00,11.50,19.50,72.00,ENG
100,FY4,CSE,81,24002171210133,A3,PATEL PREYANS SANDIPKUMAR,RMP,18.00,20.00,20.50,19.00,78.00,14.50,19.00,10.50,10.50,55.00,18.00,19.00,15.00,15.25,68.00,18.50,18.50,19.00,21.50,78.00,23.00,19.00,18.50,22.25,83.00,ENG
100,FY4,CSE,44,24002171210195,A2,UKA SAMIL ZAKIRHUSEN,PJD,16.00,19.00,10.50,10.25,56.00,21.50,23.50,19.50,19.00,84.00,20.00,17.50,18.50,18.00,74.00,20.00,16.50,21.00,21.25,79.00,14.00,17.00,18.00,20.00,69.00,ENG
100,FY5,CSE_DS,22,24002171810004,C1,BRAHMBHATT YASHVI RAKESH,VHP,13.00,17.50,11.50,15.75,58.00,12.00,25.00,16.50,19.75,74.00,15.50,22.00,8.50,17.50,64.00,20.00,15.00,20.50,21.75,78.00,22.00,24.00,22.00,20.00,88.00,ENG
103,FY4,CSE,38,24002171210171,A2,SHAH MANTHAN KETANKUMAR,ASA,13.50,17.50,13.50,18.25,63.00,14.00,18.50,10.50,17.50,61.00,18.00,22.50,19.50,21.25,82.00,20.00,16.50,19.00,20.00,76.00,21.50,21.00,17.00,19.25,79.00,GUJ
104,FY1,CE,22,24002170110158,D1,"SAIYED ABDULAHAD
MOHAMMADMUSTUFAABID",DJU,18.00,22.50,12.00,17.00,70.00,14.50,21.50,21.50,16.50,74.00,16.50,17.50,12.50,16.00,63.00,19.50,21.00,18.00,21.00,80.00,16.00,21.50,16.00,19.00,73.00,GUJ
104,FY4,CSE,42,24002171210070,A2,KANSARA MEET KRUNAL,NPB,16.50,23.00,14.50,14.75,69.00,16.00,18.00,17.00,19.00,70.00,18.00,19.50,16.50,18.75,73.00,16.50,18.00,19.50,18.50,73.00,17.50,15.50,18.00,23.50,75.00,ENG
104,FY4,CSE,51,24002171210128,A2,PATEL PRANSHU HETALKUMAR,BPD,11.50,20.50,14.00,16.25,63.00,19.00,24.00,16.00,22.25,82.00,17.50,15.00,15.00,17.50,65.00,18.00,18.00,19.50,22.50,78.00,15.00,19.50,18.00,19.50,72.00,ENG
107,FY4,CSE,37,24002171210022,A2,CHANDAN HET DIPEN,ARY,15.00,17.00,10.50,15.75,59.00,15.00,21.00,15.50,17.00,69.00,20.00,19.50,18.50,19.25,78.00,17.50,19.50,19.50,16.00,73.00,18.50,20.00,17.50,24.00,80.00,ENG
107,FY4,CSE,62,24002171210032,A2,"DABHI PRUTHVIKUMAR
CHETANKUMAR",ASA,14.00,13.50,10.50,12.25,51.00,18.00,22.50,16.50,24.50,82.00,19.50,18.00,14.00,14.75,67.00,20.00,17.00,21.00,20.25,79.00,20.50,18.00,21.50,20.00,80.00,ENG
107,FY4,CSE,90,24002171210065,A3,JETANI JENCY RAJUBHAI,NPB,14.00,19.50,14.00,8.25,56.00,16.00,23.50,12.50,15.50,68.00,18.50,19.00,16.50,15.00,69.00,22.50,22.00,23.50,21.50,90.00,19.00,23.50,16.00,17.50,76.00,GUJ
107,FY4,CSE,61,24002171210091,A2,MEHTA PRINCE HEMANTKUMAR,ARY,11.50,20.50,13.50,12.50,58.00,16.00,21.00,20.00,17.50,75.00,20.00,17.50,10.00,17.25,65.00,20.50,15.50,18.50,22.00,77.00,20.50,24.00,16.00,23.00,84.00,ENG
111,FY2,CSD,30,24002170310014,B2,PASNANI JAINY VIPUL,IAM,15.50,16.00,15.00,16.50,63.00,17.00,20.00,24.00,19.00,80.00,21.00,16.50,14.00,16.00,68.00,19.00,18.00,16.50,22.50,76.00,18.00,16.50,14.00,21.75,71.00,ENG
111,FY4,CSE,28,24002171210031,A1,CHUDIWALA SARINAH MO SAJID,HSP,14.00,24.50,12.00,16.25,67.00,14.00,20.50,17.00,20.00,72.00,15.00,19.50,18.00,14.25,67.00,20.00,18.00,18.50,16.50,73.00,21.00,21.00,15.50,21.00,79.00,ENG
113,FY1,CE,21,24002170110058,D1,"JADEJA SATYAJEETSINH
BHAGIRATHSINH",DBP,16.50,18.50,15.00,14.75,65.00,18.00,24.00,13.50,20.75,77.00,14.50,20.00,12.00,19.50,66.00,15.00,19.50,17.00,19.00,71.00,18.50,21.00,16.00,22.50,78.00,ENG
114,FY1,CE,84,24002170110149,D3,"PIDHADIYA DIKSHA
PANKAJBHAI",PDB,15.00,20.00,10.00,11.75,57.00,16.00,21.50,20.50,19.50,78.00,14.00,22.50,15.00,18.00,70.00,20.00,19.50,17.50,19.75,77.00,18.00,19.00,18.00,19.00,74.00,GUJ
114,FY2,IT,35,24002170210067,B2,PATEL RUTVIK SATISHKUMAR,YRP,14.50,17.00,10.50,15.75,58.00,19.00,21.50,17.50,16.25,75.00,19.50,19.50,16.00,16.25,72.00,19.50,18.00,22.50,22.25,83.00,17.00,19.00,15.00,17.00,68.00,GUJ
114,FY4,CS&IT,33,24002171410009,A1,DAKSH GADHIYA,RMP,15.00,22.00,17.00,17.50,72.00,23.50,18.50,16.50,10.00,69.00,20.50,13.50,16.00,14.75,65.00,19.00,20.50,20.00,18.50,78.00,16.00,16.50,21.00,18.25,72.00,ENG
114,FY4,CS&IT,70,24002171410021,A3,MANGUKIYA HARSHAL SURESH B,SVC,16.00,19.00,13.50,16.50,65.00,18.00,22.50,13.00,14.50,68.00,14.50,18.50,16.50,15.25,65.00,20.00,20.00,19.00,17.50,77.00,18.50,22.00,20.00,20.00,81.00,GUJ
114,FY4,MA&CP,60,24002171610002,A2,BORAD NITYA PRAFULBHAI,VVP,13.50,15.50,13.50,13.00,56.00,21.50,16.50,15.50,19.25,73.00,17.50,17.00,18.50,18.00,71.00,22.50,20.00,15.50,21.75,80.00,25.00,16.00,13.00,22.00,76.00,GUJ
119,FY1,CE,24,24002170110146,D1,"PATHAN SARHANKHAN
FIROZKHAN",PDB,19.00,18.50,8.50,16.25,63.00,14.00,24.00,15.00,15.00,68.00,19.00,20.50,16.50,19.25,76.00,18.00,17.00,20.00,19.75,75.00,22.50,16.00,14.00,19.75,73.00,ENG
119,FY2,IT,8,24002170210109,B1,SHAH MISHA VAIBHAV,AIG,17.00,21.50,14.50,19.25,73.00,14.00,24.00,13.00,15.00,66.00,15.50,15.50,17.00,14.25,63.00,19.00,17.00,24.00,16.75,77.00,19.00,17.00,20.00,19.50,76.00,ENG
121,FY1,CE,30,24002170110125,D2,PATEL SHLOK UMESH,VSA,19.50,24.00,11.00,14.25,69.00,14.50,21.50,21.50,11.75,70.00,18.00,17.00,17.50,16.75,70.00,19.50,19.50,20.00,17.25,77.00,19.00,16.00,14.50,18.00,68.00,ENG
121,FY4,CSE,78,24002171210204,A3,VIRANI KRISHA NILESHBHAI,NPB,13.50,18.00,13.50,20.50,66.00,14.00,20.00,14.50,12.25,61.00,18.00,18.00,14.00,14.50,65.00,23.00,20.00,21.00,22.50,87.00,17.00,23.00,16.00,19.00,75.00,GUJ
123,FY1,AIML,29,24002170410030,D1,PANDYA SAKSHI KALPESHBHAI,VRS,19.00,15.00,10.50,16.00,61.00,20.00,20.00,21.50,18.50,80.00,14.00,17.50,14.50,15.75,62.00,20.50,15.00,21.00,19.75,77.00,18.00,14.50,19.50,21.00,73.00,GUJ
123,FY2,IT,33,24002170210070,B2,PATEL TIRTH SHAILESHBHAI,NRS,17.00,21.50,15.50,19.50,74.00,19.00,19.00,15.00,5.75,59.00,16.00,17.00,17.50,14.50,65.00,20.00,16.50,19.50,16.25,73.00,23.00,20.50,21.00,17.50,82.00,GUJ
123,FY4,CSE,88,24002171210193,A3,THANTH SANJAYBHAI HIMMATB,HSP,18.00,20.50,16.00,15.75,71.00,14.00,19.50,11.00,15.75,61.00,17.00,16.00,19.50,16.00,69.00,19.50,14.00,24.00,20.50,78.00,19.00,20.00,15.00,19.25,74.00,GUJ
126,FY1,CE,78,24002170110065,D3,JAVIYA DIYA VIMALBHAI,VSA,13.50,13.50,10.00,15.75,53.00,15.50,21.00,17.50,22.00,76.00,23.00,16.00,16.00,17.50,73.00,22.50,18.00,16.50,19.50,77.00,19.00,21.00,15.00,17.50,73.00,GUJ
126,FY1,CE,44,24002170110184,D2,"TALAVIYA CHINTAN
HITESHKUMAR",PDB,18.50,24.00,9.50,19.75,72.00,17.50,21.50,17.00,13.00,69.00,15.00,17.00,18.50,15.50,66.00,20.50,18.50,22.00,19.75,81.00,19.50,12.00,15.00,16.75,64.00,GUJ
126,FY2,IT,31,24002170210002,B2,BAGADIYA MEET SURESHBHAI,MMT,13.50,17.00,9.00,15.00,55.00,17.50,23.00,19.00,22.50,82.00,19.50,20.00,17.00,20.00,77.00,15.00,14.50,17.00,21.50,68.00,20.00,20.00,13.50,16.00,70.00,GUJ
126,FY4,MA&CP,18,24002171610015,A1,RAJ PUJITSINH INDRAJITSINH,NPB,17.00,23.00,16.00,15.00,71.00,20.00,23.50,18.00,22.50,84.00,14.50,17.50,12.50,0.00,45.00,19.50,23.50,21.00,17.50,82.00,22.00,19.00,12.50,16.00,70.00,ENG
130,FY1,CE,32,24002170110075,D2,"KESUR SAUMYA
SANJAYKUMAR",DJU,16.00,22.00,11.00,16.50,66.00,14.00,19.50,18.50,19.50,72.00,17.50,9.50,12.00,16.00,55.00,23.00,18.50,19.50,22.75,84.00,21.50,22.50,15.00,15.00,74.00,GUJ
130,FY1,CE,42,24002170110077,D2,KHANJADA FAIZAN UMIDKHAN,DJU,16.50,18.50,10.00,15.00,60.00,11.00,23.50,10.50,14.50,60.00,20.50,19.50,19.00,19.25,79.00,18.00,17.00,18.50,19.00,73.00,21.00,22.00,14.00,22.00,79.00,ENG
130,FY1,CE,54,24002170110079,D2,KHATWALA NEEL JAYESH,PDB,17.00,21.50,12.50,14.75,66.00,16.50,19.50,14.00,21.50,72.00,19.50,15.50,18.00,17.00,70.00,19.00,14.50,20.00,21.50,75.00,20.50,17.00,15.00,15.00,68.00,ENG
130,FY1,CE,26,24002170110115,D1,"PARMAR HARSHKUMAR
SANJAYBHAI",PVV,19.00,22.50,11.50,14.75,68.00,13.00,16.50,14.00,15.50,59.00,20.50,12.00,17.50,16.75,67.00,18.00,22.50,19.50,16.00,76.00,22.50,23.00,16.00,18.75,81.00,GUJ
130,FY2,AIDS,25,24002170510030,B1,PATEL NIVA PIYUSH,MMT,16.50,22.50,14.50,13.75,68.00,20.00,18.50,16.00,15.75,71.00,14.00,16.00,15.50,20.25,66.00,23.00,15.00,19.50,18.50,76.00,16.50,17.50,16.00,19.50,70.00,ENG
135,FY1,CE,28,24002170110194,D1,"VAGHELA HARSHRAJSINH
BHARATSINH",PDB,15.50,19.50,8.00,11.50,55.00,18.00,20.50,18.50,22.00,79.00,17.00,9.00,15.50,18.75,61.00,24.00,16.00,20.50,18.00,79.00,19.50,21.00,16.00,19.00,76.00,ENG
135,FY2,IT,20,24002170210133,B1,"WADHWANIYA LUCKY
HUSENBHAI",AIG,18.00,18.00,11.00,15.50,63.00,17.00,23.50,17.00,17.50,75.00,19.00,12.50,16.50,15.50,64.00,21.50,16.50,21.00,21.00,80.00,16.50,17.00,12.00,21.75,68.00,ENG
135,FY4,CS&IT,110,24002171410023,A4,PANDYA HET YASHESHKUMAR,ASA,15.00,20.50,13.50,15.50,65.00,18.00,20.00,19.00,18.50,76.00,15.50,17.00,18.00,16.00,67.00,22.00,19.50,20.00,19.00,81.00,17.50,14.00,16.00,13.50,61.00,GUJ
138,FY1,CE,7,24002170110052,D1,HARANI DHRUV JITESH,RDR,19.50,22.00,12.50,15.00,69.00,18.00,25.00,14.00,13.25,71.00,20.50,9.00,14.50,13.50,58.00,20.00,21.00,21.00,17.25,80.00,19.00,19.00,15.00,17.25,71.00,ENG
138,FY1,CE,43,24002170110157,D2,RANPARIYA KAVYA VIPULBHAI,PBS,16.50,19.50,10.50,18.25,65.00,16.00,18.50,14.50,12.75,62.00,17.50,17.50,14.00,18.25,68.00,19.00,18.00,18.50,20.25,76.00,21.50,18.00,18.50,19.25,78.00,GUJ
138,FY4,CSE,56,24002171210005,A2,"ANSARI FAIZANALAM
FIROJALAM",PJD,13.50,23.00,13.50,13.25,64.00,19.00,20.00,20.50,17.00,77.00,16.00,17.50,17.50,15.00,66.00,19.00,16.00,19.00,20.00,74.00,17.00,19.00,13.50,18.00,68.00,ENG
138,FY4,CSE,144,24002171210059,A5,HIRPARA HEER HARESHBHAI,VVP,15.00,18.50,10.00,15.50,59.00,18.00,17.00,15.50,19.25,70.00,19.50,15.00,21.00,18.25,74.00,18.00,19.00,19.00,16.75,73.00,15.00,18.50,18.50,21.00,73.00,GUJ
138,FY5,CST,25,24002171310140,C1,SACHANIYA KAVYKUMAR DIPA K,ARP,17.50,21.50,14.50,17.50,71.00,7.50,23.00,17.50,12.75,61.00,18.00,16.00,17.00,15.25,67.00,22.00,15.00,18.00,20.00,75.00,22.00,20.00,14.50,18.50,75.00,ENG
138,FY5,CST,56,24002171310143,C2,SAVALIYA DWARKESH SANJAY,ADB,17.50,19.50,15.00,15.25,68.00,15.00,19.00,12.50,16.50,63.00,17.50,19.00,13.50,19.00,69.00,18.00,16.50,19.00,23.25,77.00,19.00,13.50,20.50,19.00,72.00,GUJ
144,FY2,IT,37,24002170210069,B2,PATEL MAHI CHANDRAKANT,AIG,14.50,18.50,15.50,17.75,67.00,16.50,22.00,17.00,18.00,74.00,19.00,10.00,12.00,16.00,57.00,21.00,18.00,19.00,19.75,78.00,14.00,21.00,18.00,18.75,72.00,GUJ
145,FY1,CE,31,24002170110026,D2,CHAUHAN JAINIL NILESHBHAI,DBP,18.00,19.00,12.50,17.00,67.00,19.00,12.50,11.50,13.00,56.00,17.50,17.50,19.00,21.75,76.00,19.00,16.00,19.50,19.50,74.00,20.00,17.50,16.00,20.00,74.00,ENG
145,FY1,CE,73,24002170110045,D3,GOJARIYA MEET VIPULBHAI,PBS,12.00,16.50,13.50,16.75,59.00,19.00,20.00,19.50,19.50,78.00,19.50,16.50,19.00,18.25,74.00,14.50,17.00,18.00,22.00,72.00,13.50,18.00,13.00,19.25,64.00,ENG
145,FY2,IT,22,24002170210058,B1,"MOHANANI YASH
GHANSHYAMBHAI",IAM,19.00,20.50,12.50,20.75,73.00,13.50,18.50,12.00,13.50,58.00,15.50,15.50,20.50,18.00,70.00,17.50,11.00,21.50,19.25,70.00,21.00,21.50,17.50,15.50,76.00,ENG
145,FY4,CSE,41,24002171210208,A2,YASH VIJAY KSHATRIYA,MHM,19.00,20.50,18.50,16.25,75.00,14.50,14.00,12.00,9.00,50.00,16.00,14.50,17.50,17.00,65.00,22.00,12.00,18.50,20.50,73.00,23.50,19.00,19.00,22.00,84.00,ENG
145,FY4,CS&IT,53,24002171410028,A2,PATEL JAY RAJNIKANTBHAI,MHM,15.50,22.50,14.00,13.00,65.00,16.00,17.50,11.00,18.50,63.00,20.00,18.50,16.50,15.50,71.00,18.50,17.50,18.50,19.50,74.00,18.00,19.50,16.00,20.50,74.00,ENG
150,FY1,CE,14,24002170110062,D1,JAIN SUHANI PANKAJKUMAR,PDB,17.00,17.00,10.00,17.00,61.00,14.50,21.50,16.50,15.50,68.00,18.50,12.00,21.00,17.75,70.00,15.50,22.00,19.50,17.00,74.00,21.50,17.00,12.00,22.25,73.00,ENG
150,FY1,CE,38,24002170110105,D2,PANCHAL KAVYA KETANBHAI,PKS,12.50,18.00,13.00,17.00,61.00,14.50,24.50,11.00,21.00,71.00,18.00,14.50,14.50,21.00,68.00,20.50,19.50,9.50,20.50,70.00,22.00,21.00,12.00,21.00,76.00,GUJ
150,FY1,AIML,39,24002170410033,D2,PATEL ARYAN BAKULESHBHAI,VRS,19.50,22.50,14.00,18.75,75.00,17.00,13.50,17.00,7.50,55.00,17.00,19.00,14.50,15.25,66.00,21.00,15.00,22.00,18.75,77.00,18.50,12.50,21.50,20.00,73.00,ENG
150,FY2,IT,34,24002170210012,B2,"CHOVATIYA RIYABEN
JANAKBHAI",PVS,17.00,19.00,11.00,17.00,64.00,16.00,20.50,17.00,20.75,75.00,17.00,20.00,17.00,18.25,73.00,16.50,16.50,17.00,21.75,72.00,15.50,16.50,14.50,15.00,62.00,GUJ
150,FY2,AIDS,13,24002170510026,B1,"MENDAPARA TIRTH
RAJESHKUMAR",YRP,14.00,18.00,13.00,15.25,61.00,15.50,20.50,16.50,16.00,69.00,18.00,19.50,16.00,19.50,73.00,19.00,16.00,17.00,22.50,75.00,18.00,18.00,11.50,19.75,68.00,GUJ
150,FY4,CSE,67,24002171210177,A3,SHAH DHRUVI BHAVEN,PAT,14.50,16.00,12.50,18.75,62.00,10.50,20.00,13.00,15.00,59.00,19.50,18.50,16.50,17.25,72.00,21.50,18.00,14.50,20.50,75.00,22.50,22.00,14.00,18.75,78.00,ENG
150,FY5,CST,3,24002171310145,C1,SHAH DHAIRYA AMIT,ARP,19.00,22.50,12.50,17.00,71.00,12.50,20.00,13.00,14.50,60.00,14.50,21.50,17.50,18.50,72.00,13.00,19.00,18.50,14.50,65.00,23.50,24.00,12.00,18.00,78.00,ENG
150,FY5,CSE_AI,34,24002171710004,C2,GAJERA PARTHVI RAJESHBHAI,ADB,14.50,18.50,9.50,13.50,56.00,19.00,18.00,21.00,16.75,75.00,19.50,20.50,17.50,17.75,76.00,20.00,15.00,18.50,17.00,71.00,15.50,19.00,15.00,18.50,68.00,GUJ
158,FY1,CE,55,24002170110051,D2,"GUDALIYA RUTVIK
JAYANTILAL",PKS,14.00,20.50,13.00,16.50,64.00,16.00,18.50,15.50,17.00,67.00,21.00,17.50,13.50,15.50,68.00,15.00,15.50,19.00,18.50,68.00,20.50,23.00,13.00,21.25,78.00,GUJ
158,FY4,CEA,133,24002171510025,A5,PATEL DIXITKUMAR BHARATKU,ARY,17.50,18.00,13.50,16.00,65.00,20.50,15.00,16.50,17.50,70.00,15.00,17.50,16.00,16.25,65.00,19.00,17.50,21.50,16.75,75.00,17.00,16.50,17.00,19.50,70.00,ENG
158,FY5,CST,43,24002171310126,C2,PRIYANSHI HEMANSHU DALAL,MDP,16.50,22.00,14.00,17.75,71.00,13.00,19.00,11.00,16.00,59.00,15.00,16.00,14.50,15.50,61.00,21.00,18.50,22.00,14.25,76.00,21.00,23.00,12.00,22.00,78.00,ENG
161,FY1,CE,90,24002170110127,D4,PATEL HEMIL VINODKUMAR,VSA,16.50,20.00,10.50,14.00,61.00,18.00,21.00,11.00,13.50,64.00,18.00,15.00,13.00,20.00,66.00,17.50,18.00,17.50,22.00,75.00,20.00,20.00,16.50,20.75,78.00,GUJ
161,FY2,IT,24,24002170210105,B1,SAVALIYA YUG RONAKKUMAR,JPM,16.50,21.50,19.50,15.25,73.00,11.00,19.00,6.50,15.50,52.00,15.50,15.50,16.00,19.25,67.00,21.00,16.00,23.00,18.00,78.00,12.00,22.00,20.00,19.50,74.00,GUJ
161,FY4,CSE,85,24002171210094,A3,MEMON ZAID SOHILBHAI,ARY,15.00,18.00,13.00,17.75,64.00,10.00,20.00,13.50,13.50,57.00,15.50,17.00,16.50,20.00,69.00,18.00,17.50,21.50,19.50,77.00,21.00,21.00,12.00,22.25,77.00,GUJ
161,FY4,CSE,105,24002171210154,A4,RATHOD MITULKUMAR SATISHK,RMP,16.00,23.50,18.00,17.75,76.00,13.00,11.50,14.50,8.00,47.00,20.00,13.50,14.50,19.50,68.00,14.50,17.00,18.50,20.00,70.00,21.00,19.00,18.50,24.00,83.00,GUJ
161,FY4,MA&CP,96,24002171610009,A3,JAIN JAINEESH KALPESHKUMAR,VVP,16.50,20.00,13.00,13.00,63.00,13.00,23.50,14.00,21.50,72.00,19.50,11.00,9.00,17.00,57.00,18.00,19.00,18.00,21.50,77.00,21.00,20.00,15.00,19.00,75.00,ENG
166,FY1,CE,112,24002170110104,D4,PANCHAL VINIT SANJAYBHAI,DJU,15.50,23.00,12.00,13.50,64.00,16.00,25.00,17.00,18.00,76.00,17.00,16.50,12.50,17.00,63.00,18.00,20.50,20.50,21.75,81.00,18.50,15.00,9.00,16.00,59.00,GUJ
166,FY1,CE,75,24002170110169,D3,SHAH DHAIRYA MANISHBHAI,PKS,16.00,22.00,13.50,16.75,69.00,10.00,20.00,15.50,15.50,61.00,16.00,12.00,15.50,15.25,59.00,21.50,13.50,19.50,19.00,74.00,20.00,21.00,18.00,21.00,80.00,ENG
166,FY4,CSE,45,24002171210163,A2,SAKSHI RAO,RMP,15.50,20.00,13.00,14.75,64.00,14.50,16.00,20.00,19.00,70.00,13.00,15.50,18.50,11.50,59.00,20.00,16.50,18.00,21.00,76.00,18.00,19.00,18.50,18.00,74.00,ENG
169,FY1,CE,52,24002170110195,D2,VAIBHAV WAGHELA,DJU,16.00,20.00,7.50,16.00,60.00,19.50,AB,21.50,13.50,55.00,18.00,18.00,19.50,19.50,75.00,21.50,20.50,17.00,19.00,78.00,20.50,21.00,11.50,20.25,74.00,ENG
169,FY1,AIML,76,24002170410034,D3,PATEL PRATHAM KALPESHBHAI,PVV,14.50,12.00,10.50,13.25,51.00,12.50,21.00,22.00,22.50,78.00,11.50,17.50,19.50,19.25,68.00,19.50,15.50,14.50,21.25,71.00,16.00,18.50,17.00,22.50,74.00,GUJ
169,FY2,IT,36,24002170210104,B2,"SAVALIYA SHEETBHAI
KISHORBHAI",JPM,15.50,20.00,12.50,15.50,64.00,18.00,15.50,20.50,16.00,70.00,12.00,22.00,19.50,17.25,71.00,21.00,16.00,19.00,17.50,74.00,11.00,18.50,16.00,17.50,63.00,GUJ
169,FY4,CSE,63,24002171210112,A2,PATEL AARYA RAJNIKANT,BPD,13.50,18.00,7.50,12.75,52.00,9.00,24.00,19.50,16.50,69.00,16.00,17.00,16.50,19.00,69.00,16.50,17.50,18.00,23.50,76.00,17.50,21.00,18.50,19.00,76.00,GUJ
169,FY4,CSE,66,24002171210164,A2,SALEMA SAMIMOHAMMAD SAR F,NPB,13.00,17.00,12.00,16.00,58.00,15.50,21.50,16.00,19.00,72.00,21.00,13.50,16.00,16.75,68.00,18.00,18.50,20.50,20.50,78.00,16.50,20.00,13.00,16.25,66.00,ENG
169,FY4,CS&IT,84,24002171410038,A3,SAIJU DIMPLE SOHANLAL,VVP,14.00,19.50,13.00,13.50,60.00,13.50,22.00,14.50,14.00,64.00,15.50,16.50,17.00,20.50,70.00,18.50,19.00,17.00,19.00,74.00,20.00,21.50,15.00,17.00,74.00,Hindi
175,FY1,AIML,47,24002170410046,D2,SHAH VRAJ ANANTKUMAR,RDR,14.50,14.50,8.50,12.50,50.00,22.00,21.00,15.50,15.00,74.00,20.50,19.50,16.50,19.00,76.00,14.50,16.00,17.50,17.00,65.00,20.50,21.00,14.50,19.75,76.00,ENG
175,FY2,IT,26,24002170210043,B1,KRISHNANSU DINESH KASTA,NRS,16.50,18.00,13.00,18.00,66.00,16.50,12.50,14.00,19.75,63.00,10.50,14.50,13.50,19.25,58.00,19.00,14.50,21.00,18.50,73.00,20.50,20.00,17.00,23.25,81.00,ENG
175,FY2,CSD,54,24002170310010,B2,LABBAI MOHAMED ABDULLA JA,PVS,20.00,14.00,14.00,17.25,66.00,20.50,23.00,12.50,21.00,77.00,13.00,15.50,12.00,18.25,59.00,15.50,13.00,14.50,18.50,62.00,21.50,20.50,13.00,22.00,77.00,ENG
175,FY4,CSE,114,24002171210016,A4,BHIKADIYA HET MUKESHBHAI,NPB,13.00,17.50,16.00,11.75,59.00,22.00,18.00,22.50,14.50,77.00,19.50,16.50,14.50,17.00,68.00,23.00,18.00,17.50,16.75,76.00,13.50,16.00,17.00,14.50,61.00,GUJ
175,FY4,CSE,92,24002171210125,A3,PATEL YATRIK NITINBHAI,PJD,16.00,20.00,12.50,15.75,65.00,16.00,16.00,12.00,16.50,61.00,18.50,19.50,16.50,15.00,70.00,17.00,14.50,21.00,20.00,73.00,17.00,18.00,15.50,20.75,72.00,ENG
175,FY4,CSE,49,24002171210189,A2,THAKER SHIVANG HIMANSHU,ARY,19.00,18.00,11.50,16.50,65.00,17.00,18.50,8.50,14.00,58.00,18.00,11.50,15.50,18.75,64.00,20.50,16.50,18.50,20.75,77.00,19.00,21.00,16.00,21.00,77.00,ENG
175,FY5,CSE_AI,48,24002171710026,C2,SHAH SHREY RAJUBHAI,DAS,15.00,21.00,11.00,12.00,59.00,21.00,15.00,18.00,18.75,73.00,15.00,20.50,18.50,18.75,73.00,22.00,14.00,22.00,17.50,76.00,11.00,17.00,15.00,17.00,60.00,GUJ
182,FY1,AIML,53,24002170410016,D2,KHIRA AYAZ SALIMBHAI,PBS,19.00,22.50,15.00,17.75,75.00,7.00,24.00,14.00,20.50,66.00,12.00,14.50,11.00,14.50,52.00,19.50,14.50,15.00,17.75,67.00,17.50,25.00,14.00,23.25,80.00,GUJ
182,FY2,AIDS,18,24002170510004,B1,"BHARTY MARIYA ABDUL
RAFEY",IAM,18.50,19.00,15.00,13.75,67.00,15.00,20.50,17.00,13.50,66.00,12.50,16.00,18.00,13.75,61.00,14.00,16.50,18.00,21.00,70.00,18.00,20.50,15.00,21.75,76.00,ENG
182,FY4,CSE,26,24002171210175,A1,SHAH ASHKA SACHIN,ASA,19.00,20.50,13.00,16.75,70.00,18.00,19.00,16.50,12.00,66.00,14.50,14.00,13.50,16.50,59.00,20.50,17.00,14.50,16.00,68.00,22.50,20.00,15.00,19.25,77.00,ENG
182,FY5,CSE_AI,17,24002171710025,C1,RABARI MEHULKUMAR GOKULB,JAZ,16.50,16.50,9.00,13.75,56.00,15.00,19.50,15.00,14.50,64.00,19.00,20.50,12.00,16.75,69.00,20.50,15.50,17.50,18.25,72.00,21.50,19.50,21.00,16.50,79.00,GUJ
186,FY1,CE,63,24002170110089,D3,MEHTA DHVANI TEJASHKUMAR,PBS,13.50,16.00,10.00,16.25,56.00,14.00,16.00,19.00,18.00,67.00,14.00,21.50,15.00,16.50,67.00,20.50,14.50,18.00,21.50,75.00,18.50,22.50,14.50,18.50,74.00,GUJ
186,FY1,CE,19,24002170110122,D1,PATEL VRAJ MANESHKUMAR,VRS,19.00,22.00,14.00,13.50,69.00,12.50,18.50,15.00,14.50,61.00,12.50,15.50,10.50,17.50,56.00,19.00,21.50,22.00,17.75,81.00,20.00,17.00,13.00,21.50,72.00,ENG
186,FY4,CS&IT,54,24002171410048,A2,SHRUTI AMISH PATEL,NPB,12.00,16.50,7.50,15.25,52.00,19.50,19.00,19.50,15.75,74.00,15.50,14.00,13.00,18.00,61.00,21.50,17.50,17.50,20.50,77.00,21.50,19.50,14.00,19.50,75.00,ENG
186,FY5,CST,84,24002171310050,C3,JANYA KANSARA,JRC,15.50,21.00,16.00,21.50,74.00,10.00,18.50,13.50,4.25,47.00,10.00,13.00,13.50,13.25,50.00,22.50,19.00,21.00,17.00,80.00,23.00,24.00,19.50,21.50,88.00,ENG
190,FY1,CE,121,24002170110004,D5,AHIR VEDANT MEHULBHAI,DBP,12.00,17.00,9.00,15.50,54.00,15.00,18.50,16.50,15.75,66.00,16.50,14.00,18.00,20.50,69.00,22.50,18.00,18.00,18.00,77.00,19.00,20.00,12.00,20.25,72.00,GUJ
190,FY2,IT,12,24002170210066,B1,PARTHIV KOTHARI,NRS,17.00,18.00,11.00,16.75,63.00,14.00,19.50,14.00,14.00,62.00,15.50,14.50,12.00,16.00,58.00,19.50,17.00,23.50,18.00,78.00,23.50,20.50,13.50,19.50,77.00,ENG
190,FY5,CSE_AI,20,24002171710006,C1,HIRANI VRUTIK MANISHBHAI,KPP,18.50,23.50,14.00,11.75,68.00,15.00,12.50,13.00,16.00,57.00,19.00,13.50,12.50,14.25,60.00,19.50,17.00,17.50,18.50,73.00,21.50,18.50,19.00,20.50,80.00,ENG
190,FY5,CSE_AI,10,24002171710007,C1,ISHITA BIPINKUMAR MISHRA,MDP,18.50,22.00,9.00,16.75,67.00,11.00,18.00,17.00,19.00,65.00,18.00,16.00,22.00,19.00,75.00,15.00,12.00,19.50,18.00,65.00,15.50,18.00,15.00,17.50,66.00,ENG
190,FY5,CSE_AI,15,24002171710012,C1,KUVAR VAIBHAV KISHORBHAI,DAS,15.00,17.50,9.00,13.00,55.00,16.00,23.00,13.50,17.00,70.00,19.00,15.00,14.50,16.00,65.00,21.00,12.50,19.00,18.25,71.00,22.50,20.50,16.00,18.00,77.00,ENG
195,FY1,CE,101,24002170110032,D4,"DHAMELIYA DIRVA
DEVENDRABHAI",DBP,11.00,17.50,11.00,14.25,54.00,20.50,19.50,16.00,13.50,70.00,19.00,14.50,16.00,16.25,66.00,20.50,15.50,15.00,20.50,72.00,21.00,22.00,15.50,16.00,75.00,GUJ
195,FY1,CE,72,24002170110165,D3,SENJALIYA MEET SHARADBHAI,DJU,12.50,20.50,7.50,18.00,59.00,16.00,14.50,13.50,16.50,61.00,10.50,15.50,22.00,14.25,63.00,22.00,16.00,20.50,20.25,79.00,21.50,16.00,18.50,19.00,75.00,GUJ
195,FY2,IT,38,24002170210009,B2,"CHAUDHARI KRISHA
HEMANTBHAI",IAM,13.00,17.50,12.50,17.50,61.00,14.00,22.00,20.00,20.25,77.00,15.00,17.00,14.00,15.50,62.00,15.00,14.50,21.50,21.00,72.00,20.50,20.00,11.00,13.50,65.00,GUJ
195,FY2,IT,58,24002170210110,B2,SHAH DEVARSH PRAMIT,JPM,12.00,20.00,17.50,15.25,65.00,13.00,23.00,10.50,7.50,54.00,16.50,15.50,16.00,17.00,65.00,20.00,19.50,20.50,21.50,82.00,18.00,16.50,17.50,18.75,71.00,ENG
195,FY2,AIDS,23,24002170510028,B1,ODEDRA VIJAY BHARATBHAI,YRP,10.00,24.00,14.50,18.00,67.00,20.00,17.00,9.00,16.00,62.00,14.50,12.00,16.50,13.75,57.00,17.00,15.50,22.00,17.25,72.00,22.00,19.00,15.50,22.50,79.00,GUJ
195,FY4,CSE,73,24002171210119,A3,PATEL ATRI TULSIDAS,ARY,12.50,17.00,11.50,8.25,50.00,20.00,22.50,14.00,14.50,71.00,16.00,16.00,16.50,18.50,67.00,19.50,15.50,19.50,20.00,75.00,22.00,17.00,15.50,19.25,74.00,ENG
201,FY1,CE,35,24002170110021,D2,BHUTKA NIDHI DINESHBHAI,PKS,13.00,18.00,10.50,11.50,53.00,14.00,17.50,14.50,20.50,67.00,16.00,20.50,14.50,21.25,73.00,14.50,15.50,15.50,21.00,67.00,18.50,19.00,17.50,20.50,76.00,GUJ
201,FY1,CE,45,24002170110094,D2,MUKHI QIRAT MUSTAKAHMAD,PKS,13.00,15.50,8.50,16.75,54.00,20.50,20.00,16.50,23.00,80.00,20.00,18.00,17.50,19.25,75.00,17.00,18.50,17.50,16.25,70.00,12.50,14.00,12.50,18.00,57.00,GUJ
201,FY1,CE,49,24002170110199,D2,"VANRA DHRUVKUMAR
BALVANTBHAI",VRS,13.50,21.00,11.00,14.25,60.00,17.00,21.50,15.50,15.50,70.00,19.00,15.50,15.50,16.00,66.00,20.50,18.00,16.00,21.25,76.00,15.00,20.00,11.00,17.75,64.00,GUJ
201,FY2,IT,41,24002170210078,B2,"PATEL PREKSHABEN
RASHIKBHAI",PVS,18.00,16.00,11.50,17.25,63.00,16.50,19.50,16.50,18.50,71.00,16.50,19.50,13.50,15.00,65.00,16.50,14.50,21.50,18.50,71.00,13.50,15.50,18.50,18.50,66.00,GUJ
201,FY4,CSE,156,24002171210025,A5,CHAPADIA VRUTI HARSHADBHA,VVP,12.00,14.50,7.50,12.75,47.00,13.00,20.00,12.00,16.75,62.00,18.00,13.00,16.50,20.25,68.00,24.00,18.00,21.00,20.75,84.00,20.00,19.00,15.00,20.75,75.00,GUJ
201,FY5,CST,52,24002171310121,C2,PATEL ANERI DHRUVBHAI,KGB,12.50,19.50,10.50,14.25,57.00,16.50,18.00,15.00,21.00,71.00,19.50,17.00,15.00,19.25,71.00,17.50,15.50,19.50,15.75,69.00,17.50,16.00,15.00,19.50,68.00,ENG
207,FY2,IT,27,24002170210122,B1,SURATI HONEY HIRENKUMAR,PVS,15.00,16.50,10.50,16.25,59.00,16.50,20.00,17.00,7.50,61.00,17.50,16.00,14.50,16.75,65.00,17.50,14.00,16.00,22.50,70.00,19.50,20.00,18.00,21.75,80.00,ENG
207,FY2,CSD,28,24002170310003,B1,BALOOCH AAKIFAHMEDKHAN Z A,YRP,18.50,21.00,18.50,18.75,77.00,13.50,17.00,10.50,6.50,48.00,16.00,10.50,15.50,14.50,57.00,18.00,20.50,21.00,19.25,79.00,21.00,14.50,20.50,18.00,74.00,GUJ
207,FY4,CSE,122,24002171210002,A4,ALISH KAMLESHBHAI DALSANIA,ASA,14.00,20.50,12.50,16.25,64.00,16.00,15.50,10.50,9.50,52.00,17.00,14.00,16.50,18.50,66.00,18.50,14.50,22.50,21.25,77.00,17.00,19.00,20.50,19.50,76.00,ENG
210,FY4,CSE,89,24002171210075,A3,KHOKHAR PRINCE JAGDISHBHAI,MHM,13.50,19.50,11.50,13.75,59.00,16.00,17.50,17.00,10.50,61.00,21.50,12.50,13.50,18.25,66.00,21.00,12.00,20.50,18.00,72.00,23.00,22.00,15.00,16.00,76.00,GUJ
210,FY5,CST,41,24002171310139,C2,RUTVI VASOYA,KGB,18.50,20.50,11.00,19.50,70.00,18.50,20.00,15.50,16.50,71.00,16.50,16.50,16.50,15.25,65.00,13.50,14.00,19.50,19.50,67.00,13.50,16.50,15.00,15.50,61.00,ENG
210,FY5,CSE_DS,24,24002171810014,C1,KATARIYA YASHKUMAR RAJESH,AMS,17.00,17.50,10.00,10.00,55.00,15.00,21.50,16.00,15.50,68.00,16.00,19.50,18.50,18.50,73.00,14.50,15.50,14.50,16.25,61.00,18.50,21.50,18.00,18.75,77.00,ENG
213,FY1,CE,62,24002170110063,D3,JATIN SETH,DJU,13.00,16.00,10.50,16.25,56.00,9.50,17.50,14.00,18.50,60.00,12.00,14.00,22.00,19.50,68.00,15.50,16.00,21.00,23.25,76.00,18.00,19.00,14.00,21.75,73.00,ENG
213,FY2,IT,16,24002170210094,B1,"RAMANUJ VISHWA
NIRAVKUMAR",JPM,16.50,12.50,11.00,13.25,54.00,16.50,13.50,18.50,18.75,68.00,12.50,12.50,15.00,19.00,59.00,18.50,17.50,19.00,22.00,77.00,16.00,21.50,17.50,19.50,75.00,GUJ
213,FY4,CSE,52,24002171210007,A2,BAGADIA KRISH SACHIN,HSP,13.50,18.00,12.00,15.25,59.00,16.00,12.50,19.50,14.50,63.00,13.50,16.00,16.50,19.25,66.00,18.50,18.00,24.50,15.00,76.00,22.50,15.50,14.50,16.00,69.00,ENG
216,FY1,CE,41,24002170110085,D2,MANDANI JASH BATUKBHAI,DBP,17.00,20.50,16.50,15.50,70.00,17.50,11.00,10.50,8.00,47.00,17.00,20.50,20.00,19.25,77.00,18.00,11.50,18.00,19.25,67.00,18.00,18.00,16.00,18.50,71.00,GUJ
216,FY1,AIML,79,24002170410038,D3,PIYUSHKUMAR THUMMAR,VRS,20.00,22.00,20.50,14.25,77.00,12.00,10.00,12.00,7.00,41.00,20.50,15.00,16.00,15.75,68.00,16.00,14.00,23.00,17.75,71.00,21.50,18.00,14.00,21.00,75.00,ENG
216,FY4,CSE,97,24002171210089,A3,MANSURI AHAMADRAZA YUNUS,ARY,12.50,22.00,14.50,17.50,67.00,14.00,20.50,17.00,13.00,65.00,14.50,11.50,12.00,16.75,55.00,16.00,18.00,20.50,14.25,69.00,18.00,23.00,12.50,22.25,76.00,GUJ
216,FY4,CS&IT,112,24002171410007,A4,BHAVSAR DAKSH NARENDRABH,HSP,19.50,19.50,17.50,18.25,75.00,9.00,13.00,14.00,8.50,45.00,17.00,18.50,11.00,16.00,63.00,21.00,20.50,17.50,16.50,76.00,21.00,17.50,16.00,18.00,73.00,ENG
220,FY4,CS&IT,95,24002171410041,A3,SHAH ARYA SHETULKUMAR,VVV,12.50,15.00,15.00,14.75,58.00,14.50,23.00,17.00,15.00,70.00,16.50,18.50,14.50,18.50,68.00,18.00,19.00,17.00,16.50,71.00,16.50,19.00,11.00,17.50,64.00,ENG
220,FY4,MA&CP,126,24002171610014,A4,PATEL PRANCHI DEVANSHUKUM,NPB,12.50,17.00,14.00,15.75,60.00,19.50,10.50,11.00,13.00,54.00,16.00,18.00,12.50,19.50,66.00,20.00,17.50,16.50,22.50,77.00,22.00,22.00,12.00,17.50,74.00,ENG
222,FY1,CE,65,24002170110116,D3,PARSANA MEET NITINBHAI,PKS,14.50,20.00,8.00,14.25,57.00,12.00,18.50,14.50,16.25,62.00,19.00,11.00,21.00,16.50,68.00,15.50,17.50,15.00,21.00,69.00,20.50,18.00,15.00,20.25,74.00,ENG
222,FY4,CSE,102,24002171210015,A4,"BHAVSAR RUDRA
DEVANGKUMAR",NPB,14.50,16.00,11.50,16.75,59.00,14.00,15.00,12.00,15.25,57.00,12.00,20.00,18.50,16.75,68.00,21.00,18.00,16.50,18.75,75.00,19.00,20.00,14.50,17.50,71.00,ENG
222,FY4,CSE,80,24002171210160,A3,SAINI ARYAN LAXMANBHAI,PJD,15.00,21.50,10.00,17.75,65.00,11.00,18.00,16.50,10.50,56.00,16.00,16.00,15.50,15.75,64.00,20.50,17.00,16.00,21.50,75.00,19.00,14.50,16.00,19.75,70.00,ENG
222,FY4,CS&IT,47,24002171410005,A2,BAGARIA TISHA JIGARBHAI,VVV,16.00,18.00,AB,18.00,52.00,18.00,17.50,16.00,19.50,71.00,16.00,16.00,14.00,17.75,64.00,19.00,18.50,17.50,19.00,74.00,21.50,17.00,10.00,20.50,69.00,ENG
222,FY5,CST,29,24002171310036,C1,GAJERA YASH VIRENDRABHAI,JRC,15.00,16.50,11.50,12.50,56.00,13.00,21.00,13.00,17.25,65.00,17.00,15.00,15.50,14.00,62.00,20.50,16.00,18.00,13.00,68.00,23.50,18.00,16.00,20.75,79.00,GUJ
227,FY1,CE,60,24002170110185,D3,TARPARA KRISH PARESHBHAI,VSA,14.00,17.50,12.00,12.25,56.00,18.50,13.00,19.50,8.25,60.00,13.00,15.50,16.00,17.75,63.00,18.50,18.50,20.00,18.25,76.00,15.00,20.00,17.00,22.00,74.00,ENG
227,FY2,IT,29,24002170210053,B1,"MEHTA MANAV
PRASHANTKUMAR",AIG,19.50,19.00,6.50,17.50,63.00,16.00,20.50,19.00,16.50,72.00,20.00,15.50,13.50,14.00,63.00,16.50,11.00,22.00,18.00,68.00,20.00,17.50,13.50,12.00,63.00,ENG
227,FY4,CSE,116,24002171210063,A4,JANHVI JAYANT CHAUHAN,PJD,16.50,21.50,12.50,13.50,64.00,16.00,14.50,16.00,14.25,61.00,15.00,14.00,21.00,12.00,62.00,18.00,15.50,19.50,19.75,73.00,20.00,19.00,14.00,16.00,69.00,ENG
227,FY5,CST,21,24002171310120,C1,PATEL AARYAN DHRUVBHAI,MDP,12.00,17.50,9.00,14.00,53.00,16.50,22.00,17.50,16.25,73.00,21.50,14.00,16.50,14.00,66.00,21.00,14.00,13.50,15.75,65.00,21.50,14.50,17.00,18.50,72.00,ENG
231,FY1,CE,86,24002170110164,D3,SAVANI YASHVI HITESHBHAI,PVV,14.50,18.50,7.00,15.50,56.00,16.50,21.00,15.00,19.25,72.00,18.00,16.50,11.00,18.75,65.00,17.00,20.50,14.00,21.50,73.00,15.50,16.50,12.00,18.00,62.00,ENG
231,FY4,CSE,87,24002171210029,A3,"CHAUHAN SONIYA
DHARMENDRASINH",BPD,14.50,15.50,14.00,15.00,59.00,18.00,20.00,17.50,13.50,69.00,15.00,19.00,16.00,17.75,68.00,17.50,15.50,13.50,18.75,66.00,19.00,18.00,12.50,16.25,66.00,ENG
231,FY4,CSE,59,24002171210129,A2,PATEL JAIV,VVV,14.50,17.00,13.00,16.50,61.00,14.00,20.50,13.00,15.25,63.00,18.50,11.50,18.00,12.50,61.00,19.50,15.00,18.00,21.00,74.00,17.00,17.00,15.50,19.25,69.00,ENG
231,FY5,CSE_DS,36,24002171810015,C2,LATHIYA DHRUVIN SURESHBHA I,ARP,12.50,18.50,9.50,12.75,54.00,13.50,17.00,18.00,17.00,66.00,19.50,18.00,14.00,14.50,66.00,20.00,16.50,19.00,18.25,74.00,17.00,17.00,19.00,14.50,68.00,GUJ
235,FY2,IT,39,24002170210114,B2,SHAH PRIYANSH VRUTIKBHAI,MMT,17.50,15.00,9.50,13.25,56.00,13.50,20.00,16.00,15.75,66.00,17.50,16.00,18.00,15.00,67.00,19.00,15.50,19.50,17.50,72.00,19.00,15.50,14.00,17.50,66.00,ENG
235,FY2,AIDS,42,24002170510009,B2,DARJI VISHWAM NIRAV,YRP,18.50,19.00,11.50,15.00,64.00,17.00,23.50,18.00,8.50,67.00,13.50,17.00,14.00,15.75,61.00,21.00,14.50,18.50,20.75,75.00,13.00,15.00,13.00,18.75,60.00,ENG
235,FY4,CSE,111,24002171210055,A4,GOSWAMI NIDHIBEN GOVINDPU R,BPD,13.50,23.00,14.50,13.75,65.00,16.00,18.00,16.00,16.25,67.00,16.50,9.00,14.00,12.00,52.00,20.00,21.00,19.50,18.50,79.00,19.00,16.00,13.00,16.00,64.00,GUJ
235,FY4,CSE,20,24002171210152,A1,RAOL YUVRAJSINH PRADYUMA N,PJD,14.50,17.50,16.00,18.00,66.00,18.00,19.50,17.50,11.50,67.00,18.50,16.00,6.50,13.75,55.00,20.00,18.00,19.50,14.75,73.00,18.50,12.00,12.00,23.00,66.00,ENG
235,FY5,CST,58,24002171310063,C2,KOSHIYA SHREYA BHAVESHBHA,ARP,13.00,13.50,9.00,14.00,50.00,16.00,21.00,14.00,6.75,58.00,18.00,20.00,16.50,15.50,70.00,17.50,18.00,17.00,15.50,68.00,19.50,19.50,19.00,23.00,81.00,ENG
235,FY5,CSE_DS,70,24002171810029,C3,SOJITRA DHARA MANISHBHAI,DAS,15.00,15.50,11.00,16.25,58.00,14.00,24.00,21.00,14.75,74.00,12.50,12.00,14.50,10.75,50.00,19.00,17.00,17.00,17.00,70.00,15.00,18.50,21.00,20.00,75.00,ENG
241,FY2,IT,62,24002170210036,B3,"KANSAGARA MANASVI
RAJESHBHAI",PVS,12.00,22.00,10.50,15.00,60.00,18.00,14.50,8.00,12.50,53.00,13.50,14.50,15.00,16.75,60.00,22.00,19.50,22.00,19.50,83.00,17.50,16.00,18.50,17.50,70.00,ENG
241,FY4,CSE,65,24002171210064,A2,JANI DHAIRYA JALPESHBHAI,MHM,15.50,19.00,10.00,11.75,57.00,12.00,20.50,14.50,16.50,64.00,16.00,18.50,12.50,16.75,64.00,17.00,16.00,18.00,18.50,70.00,23.50,15.50,15.00,17.00,71.00,GUJ
241,FY4,CS&IT,171,24002171410014,A6,GURJAR KUMKUM MUKESH,BPD,13.00,19.50,13.00,14.00,60.00,16.50,21.50,15.00,16.00,69.00,16.00,16.00,16.50,13.00,62.00,16.50,12.50,19.50,15.00,64.00,17.50,18.00,17.00,17.75,71.00,Hindi
241,FY4,CS&IT,101,24002171410045,A4,SHARMA TANNU MUKESHBHAI,MHM,17.50,21.00,10.00,12.25,61.00,17.00,25.00,12.50,18.50,73.00,15.50,17.50,13.00,18.75,65.00,21.50,16.50,14.00,18.00,70.00,13.50,18.00,12.00,13.00,57.00,GUJ
241,FY5,CSE_AI,16,24002171710015,C1,MEWATI ARSLAANKHAN SAMEE,DHK,14.00,21.50,10.50,16.25,63.00,15.00,23.00,15.00,16.50,70.00,14.50,16.50,18.00,19.50,69.00,13.00,AB,19.00,15.25,48.00,23.50,16.50,18.00,18.00,76.00,ENG
246,FY1,CE,64,24002170110106,D3,PANCHAL JAYMIN PRAVINBHAI,PDB,15.00,18.00,13.00,17.00,63.00,16.00,16.50,14.50,16.25,64.00,19.50,14.00,14.00,17.50,65.00,18.00,16.50,19.00,18.00,72.00,15.00,16.50,11.00,17.75,61.00,GUJ
246,FY2,IT,32,24002170210054,B2,"MEHTA ASHUTOSH
GAURANGKUMAR",JPM,18.00,17.00,10.50,14.00,60.00,15.00,24.50,13.00,14.50,67.00,13.50,14.50,12.00,12.50,53.00,15.00,17.50,21.00,18.75,73.00,19.50,17.00,19.50,15.50,72.00,ENG
246,FY4,CSE,83,24002171210115,A3,PATEL HET KETAN,VVV,14.50,18.00,11.50,12.50,57.00,13.00,20.00,12.00,11.00,56.00,15.50,12.50,19.00,17.50,65.00,20.00,15.50,17.00,22.00,75.00,17.50,18.00,17.00,19.25,72.00,ENG
249,FY2,IT,61,24002170210086,B3,"PATEL DHRUVISH
UMESHKUMAR",NRS,15.50,17.00,9.50,17.25,60.00,12.50,18.50,12.00,14.00,57.00,16.00,17.00,14.00,19.50,67.00,16.50,18.00,19.00,22.25,76.00,19.00,16.00,10.50,18.50,64.00,GUJ
249,FY2,AIDS,74,24002170510031,B3,PATEL MAHI SAMIR,MMT,15.00,18.00,15.00,10.50,59.00,16.50,16.00,12.00,18.50,63.00,18.50,17.50,15.50,16.75,69.00,19.00,15.50,13.50,15.00,63.00,16.00,16.50,17.50,19.50,70.00,ENG
249,FY4,CS&IT,76,24002171410016,A3,HARSH MAHORI,HSP,20.50,20.50,15.00,18.75,75.00,16.50,14.00,9.00,10.50,50.00,12.00,13.00,10.50,14.50,50.00,18.00,16.00,17.00,20.00,71.00,15.00,24.00,21.00,17.25,78.00,ENG
252,FY1,CE,61,24002170110068,D3,JOTANIA VRUND DILESHBHAI,DBP,16.50,15.50,9.50,14.00,56.00,10.50,14.00,16.00,20.50,61.00,15.50,9.00,15.50,19.25,60.00,19.00,17.50,16.50,19.50,73.00,20.00,18.00,12.50,22.00,73.00,ENG
252,FY2,AIDS,45,24002170510016,B2,JADAV KRISHNA KIRANKUMAR,JPM,19.00,19.00,13.50,18.25,70.00,10.50,23.00,18.50,17.50,70.00,17.50,18.50,17.50,AB,54.00,17.00,19.00,17.00,22.50,76.00,14.50,21.00,17.00,AB,53.00,ENG
252,FY5,CST,47,24002171310157,C2,SHETH KRIYABEN DARSHANKU M,ARP,16.00,20.00,12.50,16.75,66.00,15.50,19.00,13.50,13.00,61.00,17.00,15.00,11.50,16.75,61.00,18.50,13.00,19.50,17.50,69.00,19.50,16.00,15.00,15.50,66.00,ENG
255,FY1,CE,102,24002170110161,D4,SAVALIYA KRISH BIPINBHAI,DJU,15.00,18.00,11.00,13.75,58.00,19.00,23.00,18.00,15.00,75.00,17.00,12.00,16.00,18.00,63.00,11.50,18.50,15.00,19.00,64.00,18.00,14.00,13.00,16.25,62.00,GUJ
255,FY2,IT,19,24002170210127,B1,"THAKAR KAVY
SANDEEPKUMAR",NRS,18.00,23.00,15.00,14.75,71.00,9.50,21.50,11.50,11.50,54.00,16.00,14.00,10.50,11.50,52.00,16.00,20.50,17.50,18.50,73.00,18.00,21.00,13.50,19.50,72.00,GUJ
255,FY4,CSE,117,24002171210084,A4,LODHIYA ADITYA DIVYESHKUM,RMP,18.00,20.50,14.00,14.75,68.00,14.00,17.50,15.00,8.50,55.00,17.50,11.00,13.00,13.75,56.00,21.50,21.00,19.50,15.50,78.00,13.00,21.00,12.00,19.00,65.00,GUJ
255,FY4,CSE,169,24002171210130,A6,PATEL VRUSHTIBEN ALPESHBHA,ARY,10.50,17.00,8.50,10.75,47.00,16.00,15.00,18.00,15.25,65.00,19.50,15.00,13.50,17.00,65.00,20.00,16.00,18.00,22.50,77.00,12.50,17.50,17.50,20.00,68.00,GUJ
255,FY5,CST,63,24002171310146,C3,SHAH VISHWA RONAK,KGB,17.00,18.50,12.00,14.25,62.00,12.00,15.00,13.50,17.75,59.00,20.00,16.50,18.00,14.25,69.00,18.00,13.50,16.00,15.50,63.00,17.00,17.50,16.50,18.00,69.00,ENG
255,FY5,CSE_AI,92,24002171710003,C4,DHOLARIYA ABHAY GHANSHYA,DAS,16.00,17.00,6.00,8.00,47.00,15.50,22.00,15.00,14.25,67.00,17.50,18.50,13.00,15.75,65.00,21.50,15.50,17.00,17.25,72.00,20.50,21.00,13.00,16.00,71.00,GUJ
261,FY1,CE,188,24002170110038,D7,DUDHAT RAJ KAMLESHBHAI,DJU,12.50,17.50,12.50,13.50,56.00,15.50,22.00,15.50,13.50,67.00,19.00,15.00,14.00,9.50,58.00,16.00,15.50,18.50,21.25,72.00,16.00,21.00,12.00,18.25,68.00,GUJ
261,FY4,CSE,166,24002171210135,A6,PATEL DARSHAN MANOJKUMAR,SVC,12.50,18.00,11.00,14.00,56.00,15.50,17.50,14.00,17.50,65.00,15.50,14.50,13.50,19.00,63.00,15.00,17.50,21.00,19.25,73.00,15.00,12.00,15.50,21.50,64.00,GUJ
261,FY4,CSE,134,24002171210143,A5,PRAJAPATI MAHI PIYUSHBHAI,ASA,11.50,18.00,8.50,8.75,47.00,11.50,24.00,13.50,17.50,67.00,14.50,20.00,14.00,18.25,67.00,17.00,16.00,19.50,19.00,72.00,14.00,22.50,17.00,14.00,68.00,GUJ
261,FY5,CST,40,24002171310037,C2,GAJERA ANSH DILIPBHAI,JRC,15.00,21.50,16.00,16.75,70.00,13.00,18.50,5.00,9.75,47.00,14.00,23.50,8.00,11.50,57.00,18.50,19.50,13.00,16.00,67.00,21.00,22.50,16.00,20.50,80.00,GUJ
261,FY5,CST,28,24002171310171,C1,TRIVEDI KRISH KALPESHKUMAR,JAZ,15.00,17.50,11.00,11.75,56.00,16.50,19.50,16.50,10.00,63.00,19.00,18.00,15.50,17.50,70.00,18.50,13.00,18.00,16.50,66.00,16.00,18.00,15.00,16.50,66.00,ENG
261,FY5,CSE_DS,50,24002171810033,C2,VEKARIYA ANSH KISHORBHAI,JAZ,15.50,22.50,14.50,15.00,68.00,13.00,19.00,17.00,16.75,66.00,15.50,15.50,12.50,15.00,59.00,14.50,14.00,17.50,17.50,64.00,15.00,15.50,17.00,16.00,64.00,GUJ
267,FY4,CSE,163,24002171210165,A6,SALOMI MUNAF KURESHI,PAT,13.50,19.00,12.50,18.00,63.00,16.00,15.00,10.50,15.25,57.00,14.50,11.00,10.50,11.75,48.00,18.00,18.00,21.00,18.50,76.00,20.00,17.00,19.00,19.25,76.00,ENG
267,FY4,CSE,150,24002171210185,A5,SORATHIYA GRENSEE MANSUKH,NPB,15.00,12.50,11.00,19.50,58.00,10.00,20.50,14.50,15.75,61.00,18.50,13.00,13.00,20.25,65.00,15.50,17.50,15.50,20.50,69.00,16.50,21.00,13.50,15.25,67.00,GUJ
269,FY1,CE,59,24002170110054,D3,HENIL RAIYANI,VRS,13.50,15.00,8.50,13.00,50.00,15.50,21.00,17.00,18.00,72.00,13.00,14.50,15.00,14.75,58.00,18.00,15.00,20.50,23.25,77.00,15.00,16.50,11.50,18.50,62.00,ENG
269,FY1,AIML,68,24002170410023,D3,MANSURI RUSHAN ZUBERBHAI,VRS,17.00,13.00,11.50,13.25,55.00,11.00,13.50,14.50,14.25,54.00,18.50,15.50,18.00,16.25,69.00,21.50,14.00,14.50,16.00,66.00,18.00,17.50,17.50,21.25,75.00,ENG
269,FY4,CS&IT,146,24002171410054,A5,TARPADA JENIL DINESHBHAI,ASA,16.00,21.00,10.00,16.00,63.00,11.00,21.00,9.00,8.50,50.00,15.00,19.50,10.00,15.75,61.00,14.00,20.00,19.50,17.00,71.00,16.00,22.00,16.00,20.00,74.00,GUJ
272,FY1,CE,92,24002170110191,D4,"VAGHANI SWAYAM
KAUSHIKBHAI",DJU,16.50,22.50,10.50,15.25,65.00,19.00,17.50,16.00,10.00,63.00,19.00,13.00,7.50,15.25,55.00,11.00,18.50,18.00,15.25,63.00,15.50,17.00,19.50,20.00,72.00,GUJ
272,FY4,CSE,69,24002171210196,A3,VAGHANI SOHAM NILESHBHAI,RMP,16.00,21.50,12.00,16.00,66.00,12.00,20.00,14.00,13.25,60.00,20.00,14.00,16.50,11.25,62.00,19.50,10.50,20.00,18.50,69.00,17.00,15.00,11.00,18.00,61.00,GUJ
272,FY4,CS&IT,155,24002171410017,A5,HIRANI VEDANT SUBHASHBHAI,VVV,15.00,18.50,9.50,14.25,58.00,16.50,17.50,12.50,14.00,61.00,16.00,16.50,12.50,13.75,59.00,20.00,20.50,16.50,19.00,76.00,17.00,16.00,17.00,13.50,64.00,GUJ
272,FY4,CS&IT,141,24002171410052,A5,SONI VIVEK SHYAMSUNDAR,RMP,16.00,19.50,11.50,16.50,64.00,13.00,22.00,13.50,12.25,61.00,11.00,13.00,16.00,18.25,59.00,17.50,15.50,18.00,19.25,71.00,18.00,11.00,15.00,18.50,63.00,ENG
272,FY5,CSE_CYBER,42,24002171910005,C2,DAVE KHUSHI SATISHBHAI,KPP,16.00,20.50,10.50,14.50,62.00,13.50,17.00,16.00,14.25,61.00,18.50,15.00,14.00,15.75,64.00,16.00,16.00,18.00,14.00,64.00,15.00,15.00,18.00,18.50,67.00,GUJ
277,FY1,CE,83,24002170110048,D3,"GOSWAMI YASHBHARTHI
CHANDRESHBHARTHI",PBS,8.00,15.50,10.50,11.25,46.00,16.50,20.50,15.00,19.00,71.00,16.50,19.00,14.50,19.00,69.00,11.00,13.00,16.00,21.00,61.00,14.00,21.00,15.00,20.00,70.00,GUJ
277,FY1,CE,87,24002170110139,D3,PATEL DEV PRAGNESHBHAI,RDR,15.00,16.00,6.00,16.75,54.00,11.00,19.00,11.00,13.00,54.00,13.00,19.00,11.00,17.50,61.00,20.00,15.50,18.00,17.00,71.00,20.00,19.00,16.00,21.50,77.00,ENG
277,FY2,IT,72,24002170210064,B3,"PARMAR RONIT
NARENDRABHAI",IAM,16.00,16.00,11.50,16.25,60.00,16.50,11.50,16.00,10.50,55.00,15.00,13.00,12.00,14.25,55.00,18.50,16.00,21.00,17.00,73.00,22.00,19.00,14.50,18.00,74.00,GUJ
277,FY4,CSE,107,24002171210068,A4,"KAKADIYA PRATHAM
MANSUKHBHAI",VVV,14.50,22.00,10.50,15.00,62.00,13.00,16.50,13.00,6.00,49.00,15.00,11.50,15.00,14.50,56.00,22.50,17.00,21.50,21.75,83.00,15.00,20.00,14.00,18.00,67.00,GUJ
277,FY4,CSE,127,24002171210116,A4,PATEL VEDANT KAUSHIKBHAI,PAT,11.50,14.00,9.00,14.00,49.00,15.00,12.50,10.50,16.50,55.00,20.50,14.50,17.00,22.00,74.00,17.00,14.50,16.50,22.00,70.00,16.00,17.00,15.00,20.50,69.00,GUJ
277,FY4,CSE,119,24002171210197,A4,VAGHELA PARTH VRAJLAL,VVV,12.50,19.00,9.50,12.50,54.00,14.00,19.50,17.50,12.75,64.00,17.50,17.50,13.50,15.50,64.00,19.50,17.00,19.50,14.50,71.00,18.50,15.50,13.00,17.00,64.00,GUJ
277,FY5,CSE_CYBER,35,24002171910007,C2,GAJJAR VANSH MEHULKUMAR,AMS,14.50,24.00,12.50,15.00,66.00,17.50,17.00,19.00,16.00,70.00,19.00,22.00,11.50,15.25,68.00,15.50,13.00,13.50,18.00,60.00,17.00,8.50,15.00,12.00,53.00,GUJ
284,FY1,CE,122,24002170110187,D5,THUMMAR SUJAL RAKESHBHAI,DJU,9.50,18.50,10.50,13.00,52.00,12.00,19.00,15.50,12.50,59.00,13.50,10.00,15.00,13.50,52.00,18.00,18.00,19.00,13.50,69.00,20.50,21.00,18.50,23.50,84.00,ENG
284,FY2,IT,52,24002170210021,B2,GADANI DEV JIGNESHBHAI,MMT,15.00,19.00,11.00,13.50,59.00,10.50,20.50,15.00,17.00,63.00,16.50,16.00,15.00,18.25,66.00,14.00,14.00,19.50,12.00,60.00,19.50,14.50,13.50,20.00,68.00,ENG
284,FY2,IT,82,24002170210074,B3,PATEL HETVI ASHOKBHAI,PVS,13.00,14.00,9.50,15.50,52.00,17.50,19.50,11.00,17.50,66.00,17.00,17.00,12.00,15.50,62.00,19.50,17.00,16.50,14.00,67.00,15.00,17.00,19.50,17.50,69.00,GUJ
284,FY4,CSE,104,24002171210069,A4,KALATHIYA DHRUV DHANSUKH B,PJD,13.50,20.50,8.00,10.75,53.00,18.00,17.00,19.50,12.50,67.00,18.00,19.50,13.00,15.75,67.00,18.50,16.50,18.00,18.75,72.00,14.00,9.50,17.50,16.00,57.00,GUJ
284,FY4,CS&IT,151,24002171410002,A5,AMBALIYASANA FAIZALI MOHM,PAT,13.00,17.50,12.50,13.00,56.00,16.50,18.50,15.50,14.50,65.00,14.00,15.50,17.50,18.50,66.00,17.00,18.50,15.00,13.50,64.00,16.00,12.50,16.50,20.00,65.00,ENG
289,FY1,AIML,115,24002170410039,D4,"PRAJAPATI DHRUMIN
PRAKASHKUMAR",PKS,17.00,11.00,11.00,9.00,48.00,18.00,18.00,17.00,17.25,71.00,19.50,14.00,13.50,14.75,62.00,15.00,15.50,14.50,15.75,61.00,15.00,18.00,19.00,20.50,73.00,ENG
289,FY2,IT,80,24002170210107,B3,SHAH AAGAM TEJAS,JPM,17.50,15.50,12.00,15.25,61.00,14.00,15.50,9.00,14.50,53.00,14.00,15.00,17.00,15.25,62.00,18.00,14.00,18.00,17.50,68.00,19.50,19.50,14.50,17.50,71.00,ENG
289,FY5,CST,67,24002171310100,C3,PATEL KRISH VIJAYKUMAR,ADB,15.00,21.00,10.50,19.00,66.00,11.00,20.00,14.50,17.75,64.00,10.50,16.00,12.50,11.50,51.00,15.00,16.00,14.50,18.25,64.00,20.00,18.50,12.00,19.00,70.00,GUJ
292,FY4,CS&IT,57,24002171410047,A2,SHREYA AMISH PATEL,RMP,12.00,17.00,6.00,10.25,46.00,14.50,19.00,14.00,10.50,58.00,16.00,16.50,6.50,20.50,60.00,18.50,17.00,18.00,19.50,73.00,19.00,19.00,18.00,21.00,77.00,ENG
293,FY1,CE,105,24002170110109,D4,PANSARA SANKET PRAVINBHAI,PKS,12.00,14.50,11.50,15.00,53.00,16.00,23.00,15.50,18.75,74.00,16.00,18.00,12.50,17.50,64.00,19.00,15.50,17.00,12.50,64.00,14.00,18.00,12.00,13.25,58.00,GUJ
293,FY1,AIML,114,24002170410020,D4,"MALL MOHITKUMAR
ARVINDKUMAR",PDB,11.50,20.00,9.50,13.75,55.00,13.00,24.00,15.50,9.75,63.00,17.00,14.50,16.00,17.50,65.00,20.00,15.50,12.00,16.25,64.00,15.50,19.00,12.00,19.25,66.00,ENG
293,FY2,IT,53,24002170210052,B2,MEHAK ARORA,IAM,14.00,19.00,7.50,16.75,58.00,14.00,18.50,17.00,14.50,64.00,16.50,16.00,19.50,13.50,66.00,17.00,15.00,21.00,17.50,71.00,13.00,14.00,12.50,14.00,54.00,ENG
293,FY5,CST,59,24002171310114,C2,PATEL ASTHA KISHANBHAI,DAS,18.50,20.00,10.50,16.00,65.00,16.00,19.00,15.50,13.75,65.00,16.00,8.50,14.00,14.50,53.00,11.00,16.00,19.00,15.25,62.00,22.00,14.50,14.00,17.00,68.00,GUJ
293,FY5,CST,61,24002171310138,C3,RUPARELIA SANJNA GAURAV,JAZ,12.50,17.50,9.50,15.25,55.00,15.50,23.00,13.00,16.00,68.00,20.00,14.00,14.00,15.75,64.00,16.00,13.50,12.00,18.50,60.00,16.00,18.00,12.00,19.50,66.00,ENG
298,FY5,CST,60,24002171310014,C2,BUCH MANIN JWALANTBHAI,DHK,12.50,19.50,8.50,12.50,53.00,13.00,20.00,11.50,16.25,61.00,14.50,16.00,13.50,18.00,62.00,17.00,15.00,19.50,14.50,66.00,17.00,17.00,14.50,21.00,70.00,GUJ
298,FY5,CST,78,24002171310099,C3,PATEL AYUSHI ROSHAN,ADB,13.50,16.00,8.00,18.25,56.00,7.00,23.50,12.50,18.75,62.00,16.00,13.00,9.50,13.25,52.00,18.00,14.50,18.00,15.00,66.00,22.00,20.00,16.00,17.50,76.00,ENG
300,FY4,CEA,161,24002171510034,A5,TANK HETVI NILESHKUMAR,MHM,16.50,16.50,11.50,15.75,61.00,12.00,16.00,16.00,9.50,54.00,19.00,13.00,4.50,15.75,53.00,25.00,18.00,22.00,19.00,84.00,19.00,13.00,13.50,13.50,59.00,ENG
300,FY5,CSE_CYBER,26,24002171910009,C1,JOSHI ARYAN RASIKBHAI,DAS,15.50,22.00,10.50,12.25,61.00,16.00,20.50,16.00,19.25,72.00,13.50,14.50,13.50,12.75,55.00,12.50,14.00,12.00,16.50,55.00,18.00,16.00,15.00,18.50,68.00,GUJ
302,FY1,CE,118,24002170110100,D5,OGANJA YASH SURESHBHAI,PDB,10.00,13.00,10.00,12.75,46.00,13.50,14.00,18.00,14.50,60.00,18.50,17.00,15.00,18.50,69.00,16.50,15.50,16.00,17.75,66.00,12.50,20.00,14.00,21.75,69.00,GUJ
302,FY1,CE,104,24002170110190,D4,"VADADORIYA MANDAXI
SATISHKUMAR",PDB,13.00,15.50,8.00,11.00,48.00,17.50,21.50,20.50,11.75,72.00,19.00,16.00,13.00,8.50,57.00,18.50,15.50,13.50,19.25,67.00,14.00,18.00,16.00,17.50,66.00,GUJ
302,FY4,CSE,132,24002171210051,A5,GOKLANI KULDEEP JIGNESHKUM,VVP,15.00,21.00,12.00,12.25,61.00,9.00,16.50,12.50,16.25,55.00,19.00,17.00,11.50,16.50,64.00,19.00,18.00,22.50,18.50,78.00,11.50,12.00,11.50,17.00,52.00,ENG
302,FY4,CSE,157,24002171210167,A5,SANDIP GODHANI,ARY,15.00,22.00,12.00,16.75,66.00,12.50,18.00,13.00,12.00,56.00,13.50,14.50,15.00,13.75,57.00,15.00,18.00,15.00,18.00,66.00,15.50,17.00,14.50,17.75,65.00,ENG
302,FY4,CEA,113,24002171510002,A4,BUTANI KRISHKUMAR GANPATB,MHM,16.50,16.00,11.50,13.50,58.00,15.00,19.00,16.50,13.00,64.00,17.50,23.00,13.50,18.50,73.00,18.50,13.00,18.00,17.50,67.00,19.00,9.50,6.00,13.50,48.00,GUJ
302,FY4,CEA,82,24002171510028,A3,SHAH JENISHA SAURINKUMAR,SVC,16.50,19.50,12.50,11.00,60.00,13.00,16.00,4.50,9.75,44.00,13.00,14.50,12.00,13.50,53.00,19.00,21.00,21.50,19.25,81.00,21.00,22.00,11.00,17.50,72.00,ENG
308,FY1,CE,100,24002170110001,D4,ADROJA ANGEL ATULBHAI,VSA,10.50,17.50,11.50,13.25,53.00,20.00,14.00,12.00,12.00,58.00,16.50,16.00,14.50,16.75,64.00,20.50,13.00,12.50,18.50,65.00,19.50,19.00,14.00,16.50,69.00,GUJ
308,FY2,IT,71,24002170210068,B3,PATEL SMIT DINESHBHAI,PVS,13.00,17.00,10.50,18.50,59.00,18.50,19.00,14.00,20.00,72.00,18.00,16.50,13.00,13.50,61.00,16.00,14.00,18.50,17.75,67.00,18.00,AB,13.50,18.25,50.00,GUJ
310,FY4,CS&IT,138,24002171410024,A5,PATEL VRAJ PINKALBHAI,NPB,11.00,17.50,9.50,9.25,48.00,16.00,11.00,14.50,15.00,57.00,19.00,18.50,15.00,18.75,72.00,17.50,14.50,18.00,20.00,70.00,14.50,14.50,16.00,15.50,61.00,ENG
311,FY1,AIML,106,24002170410011,D4,"HEER ASHUTOSHKUMAR
THAKKAR",PVV,12.00,18.50,10.00,15.00,56.00,13.50,12.00,13.00,11.75,51.00,13.00,12.00,14.00,13.50,53.00,17.50,19.00,19.00,15.25,71.00,17.50,21.00,17.00,20.25,76.00,ENG
311,FY4,CSE,184,24002171210038,A6,DESAI TANAY HRUSHIKESH,HSP,14.50,19.50,12.00,13.75,60.00,17.00,16.00,15.00,14.00,62.00,15.50,10.50,9.00,14.50,50.00,20.00,16.50,20.00,15.25,72.00,19.50,15.00,13.00,15.00,63.00,GUJ
311,FY4,CSE,79,24002171210095,A3,MEVADA PADM SURESHKUMAR,PAT,13.00,18.00,6.00,12.25,50.00,18.00,18.00,13.50,12.00,62.00,15.50,12.00,16.00,14.50,58.00,20.00,13.00,15.50,16.50,65.00,15.00,23.00,13.50,20.00,72.00,GUJ
311,FY4,CSE,115,24002171210184,A4,SONI GAURAV HARENDRA,PAT,17.00,12.50,15.50,19.50,65.00,17.00,11.00,14.00,5.00,47.00,15.00,15.50,15.50,14.50,61.00,18.50,13.00,17.00,15.00,64.00,20.00,21.00,13.00,15.25,70.00,ENG
311,FY5,CST,97,24002171310026,C4,DEVALIYA SOHAN SAVJIBHAI,KPP,11.50,14.00,12.00,8.00,46.00,13.00,22.50,18.00,17.50,71.00,16.50,11.50,13.50,12.75,55.00,17.00,17.00,17.50,17.50,69.00,20.50,17.00,11.00,17.00,66.00,ENG
311,FY5,CST,19,24002171310075,C1,MANGUKIYA RUDRA KARAMSHI,KGB,18.50,23.00,7.00,15.25,64.00,11.50,13.00,14.00,14.50,53.00,14.00,11.00,16.00,13.50,55.00,16.50,13.50,19.50,15.50,65.00,17.50,20.00,11.00,21.50,70.00,GUJ
311,FY5,CST,121,24002171310095,C5,PATEL ISHITA BHAVINBHAI,VHP,15.50,14.50,9.50,12.75,53.00,13.00,22.50,14.50,16.75,67.00,16.50,12.00,14.00,15.50,58.00,19.00,11.50,14.50,14.00,59.00,18.00,17.50,15.00,19.00,70.00,GUJ
318,FY4,CSE,158,24002171210047,A5,FINAVIYA VYOM MAHESHBHAI,ASA,15.00,23.00,5.00,12.25,56.00,12.00,22.50,12.50,11.50,59.00,16.00,13.00,14.00,15.00,58.00,21.00,14.00,17.50,21.75,75.00,17.00,9.50,13.00,17.75,58.00,ENG
318,FY4,CSE,72,24002171210118,A3,PATEL HEER RITESH,VVP,16.00,12.50,8.00,12.50,49.00,16.00,19.00,7.50,14.00,57.00,18.50,14.50,14.00,17.75,65.00,17.50,11.00,13.00,20.25,62.00,19.50,21.50,13.00,18.75,73.00,ENG
318,FY4,CS&IT,145,24002171410043,A5,SHAH MEGH BRIJALKUMAR,ARY,17.50,16.00,8.50,10.00,52.00,13.50,19.00,13.00,16.00,62.00,20.00,10.50,13.50,15.00,59.00,14.50,16.00,19.50,18.50,69.00,17.00,14.50,12.50,19.50,64.00,ENG
318,FY4,CS&IT,75,24002171410053,A3,SURTI MOHAMMED AHMAD MO H,BPD,15.00,18.00,16.00,15.50,65.00,11.00,20.00,15.50,15.00,62.00,14.00,10.00,11.00,12.50,48.00,18.50,11.50,16.00,18.50,65.00,21.00,15.00,17.00,13.00,66.00,ENG
318,FY5,CST,83,24002171310134,C3,RATHOD YASHRAJSINH DILIPSIN,JAZ,16.00,17.00,14.00,14.25,62.00,9.50,12.00,10.50,11.00,43.00,13.50,12.50,13.00,15.75,55.00,22.00,15.50,18.50,18.50,75.00,22.00,16.00,15.50,17.50,71.00,GUJ
318,FY5,CSE_DS,125,24002171810023,C5,PATEL KANVI ROHITBHAI,DAS,9.50,18.50,9.50,13.00,51.00,16.50,22.50,18.00,19.75,77.00,14.50,15.00,12.00,18.75,61.00,18.50,10.50,15.00,16.75,61.00,17.00,16.50,9.00,13.25,56.00,GUJ
324,FY1,CE,82,24002170110046,D3,"GONDALIYA NAIMISH
BHARATBHAI",DJU,16.00,18.00,12.50,12.75,60.00,12.00,12.00,12.50,16.50,53.00,15.00,14.50,14.00,17.25,61.00,20.00,16.50,17.00,18.50,72.00,19.50,14.00,8.00,16.75,59.00,GUJ
324,FY4,CSE,186,24002171210141,A6,PATHAN FAIYAAZKHAN FIROZK H,NPB,13.50,15.00,10.50,14.00,53.00,17.50,18.00,16.00,19.50,71.00,13.50,15.00,10.50,16.25,56.00,15.50,12.00,19.00,23.00,70.00,14.50,11.00,13.00,16.50,55.00,GUJ
324,FY4,CEA,190,24002171510022,A6,PANDEY ALISHA RAJESH,SVC,16.50,18.50,10.00,13.25,59.00,8.00,19.00,11.00,6.50,45.00,12.50,14.00,11.00,15.25,53.00,17.00,16.00,17.00,19.75,70.00,24.00,19.50,16.00,18.00,78.00,ENG
324,FY5,CST,38,24002171310034,C2,DUDHAT PRINCE MANSUKHBHA I,DHK,18.00,22.50,16.00,17.75,75.00,9.00,14.50,11.00,13.75,49.00,15.00,12.50,14.00,8.00,50.00,15.00,14.50,17.50,13.00,60.00,22.50,20.50,10.00,17.75,71.00,GUJ
324,FY5,CST,88,24002171310136,C3,RAVAL PRATHAM NITINKUMAR,VHP,19.00,16.00,8.00,15.75,59.00,11.00,19.00,13.50,15.00,59.00,11.00,13.00,11.50,13.00,49.00,20.50,19.00,20.00,17.75,78.00,20.50,14.50,10.50,14.00,60.00,GUJ
329,FY4,CSE,125,24002171210108,A4,PARMAR JAYVEERSINH GHANSH,MHM,14.50,16.00,7.50,14.25,53.00,16.00,15.00,14.50,11.50,57.00,19.50,15.00,16.50,14.25,66.00,15.00,15.00,22.50,19.25,72.00,11.50,14.50,11.00,18.75,56.00,GUJ
329,FY4,CSE,93,24002171210126,A3,PATEL MAAHI PIYUSH,RMP,12.50,18.00,9.50,11.00,51.00,15.00,10.00,13.00,12.50,51.00,18.00,13.00,10.50,15.25,57.00,18.50,16.50,19.00,16.75,71.00,18.00,21.00,12.50,22.00,74.00,ENG
329,FY4,CSE,128,24002171210198,A4,VAGHELA YOGRAJSINH KIRITSIN,PJD,15.00,19.00,11.00,17.75,63.00,11.00,19.50,11.50,10.50,53.00,12.00,15.00,12.00,14.50,54.00,14.00,15.00,14.00,16.50,60.00,21.50,18.00,18.00,16.00,74.00,GUJ
329,FY5,CST,39,24002171310009,C2,BHUT SRUSHTI SHAILESH,JAZ,11.00,14.00,9.00,11.25,46.00,18.00,19.50,18.00,13.75,70.00,20.00,19.00,11.00,14.50,65.00,17.00,15.00,21.00,19.00,72.00,11.50,15.50,9.00,14.25,51.00,GUJ
329,FY5,CST,96,24002171310039,C4,GHADIA FEMINA ROHITKUMAR,KGB,8.50,12.00,8.00,8.75,38.00,9.00,21.50,16.50,21.75,69.00,13.00,16.00,12.50,16.50,58.00,16.00,18.00,17.50,19.00,71.00,20.50,15.50,10.50,21.00,68.00,GUJ
334,FY2,IT,40,24002170210116,B2,SHIYANI VRAJ BHARATBHAI,NRS,16.00,15.50,11.00,9.50,52.00,21.00,20.50,10.50,14.50,67.00,16.50,13.00,17.00,14.75,62.00,13.50,12.00,18.00,16.25,60.00,20.00,14.00,15.00,12.50,62.00,GUJ
334,FY4,CSE,108,24002171210023,A4,"CHANDEGARA DHARMIK
PRAVINBHAI",VVP,13.00,17.50,8.50,14.00,53.00,13.00,15.00,15.00,15.25,59.00,18.00,13.50,9.50,16.50,58.00,18.50,17.50,20.50,17.00,74.00,18.50,10.00,13.00,17.00,59.00,GUJ
336,FY1,CE,149,24002170110072,D6,"KANDORIYA JAYDIP
ARVINDBHAI",VRS,11.50,17.50,9.50,12.00,51.00,9.00,13.00,11.50,11.00,45.00,17.50,18.50,16.00,15.75,68.00,20.00,13.50,18.00,18.00,70.00,16.00,19.00,16.50,16.00,68.00,GUJ
336,FY2,AIDS,9,24002170510011,B1,DHOLA DENISH GORDHANBHAI,JPM,15.50,16.00,9.00,16.00,57.00,14.50,20.00,8.00,9.00,52.00,19.00,16.50,10.00,13.25,59.00,20.00,15.00,21.50,15.50,72.00,16.00,15.50,12.00,18.50,62.00,GUJ
336,FY4,CS&IT,71,24002171410006,A3,BHATIA RUDRA PIYUSHKUMAR,VVV,13.00,16.50,12.50,15.50,58.00,15.00,19.50,10.50,10.00,55.00,17.00,15.00,14.00,15.00,61.00,20.00,14.50,12.00,16.50,63.00,20.50,15.00,13.00,16.50,65.00,ENG
336,FY5,CSE_AI,49,24002171710009,C2,JANI VISHV RAMKRUSHNBHAI,DHK,15.50,19.00,11.00,13.25,59.00,11.00,23.00,10.00,17.00,61.00,19.00,15.00,16.00,16.75,67.00,19.00,13.00,15.00,14.00,61.00,13.50,7.50,14.00,18.50,54.00,GUJ
336,FY5,CSE_DS,68,24002171810011,C3,JOSHI NIHAL HEMENDRA,AMS,14.50,17.50,7.50,13.25,53.00,14.50,13.00,17.00,14.00,59.00,18.00,11.00,13.00,11.00,53.00,21.00,16.50,18.00,14.75,71.00,18.50,16.00,16.00,15.00,66.00,ENG
341,FY1,AIML,66,24002170410059,D3,ZENY NILESHBHAI POKIYA,PVV,14.00,11.50,6.00,15.00,47.00,12.50,8.50,17.50,12.00,51.00,16.00,13.00,17.50,15.75,63.00,21.50,14.50,15.00,22.00,73.00,16.00,17.00,18.00,15.50,67.00,ENG
341,FY2,IT,87,24002170210135,B3,ZALODIYA YASH MANOJBHAI,JPM,13.00,13.50,9.50,11.50,48.00,12.50,21.50,11.50,13.75,60.00,18.00,14.00,14.00,18.00,64.00,18.50,11.00,17.00,19.50,66.00,17.50,13.50,17.00,14.50,63.00,GUJ
341,FY2,AIDS,49,24002170510047,B2,ZALA KUMARPALSINH MAHEND R,PVS,10.00,18.50,14.00,12.00,55.00,14.50,19.50,12.50,15.00,62.00,15.00,14.00,13.00,16.75,59.00,19.00,12.00,20.00,16.50,68.00,15.50,12.00,9.00,20.25,57.00,GUJ
341,FY5,CSE_AI,138,24002171710001,C5,BORADA JIYA YOGESHBHAI,JAZ,13.00,16.00,12.50,14.00,56.00,12.50,18.00,14.50,12.50,58.00,13.50,11.00,12.50,16.50,54.00,14.50,14.50,23.50,18.00,71.00,20.00,11.00,16.50,14.50,62.00,GUJ
341,FY5,CSE_AI,72,24002171710028,C3,SHAIKH SAWALIHABANU MOHA M,JAZ,13.00,17.50,9.00,16.00,56.00,7.50,17.00,16.00,13.25,54.00,19.50,13.00,14.00,11.75,59.00,16.50,15.50,14.50,12.25,59.00,14.00,18.00,21.00,20.00,73.00,GUJ
346,FY4,CSE,177,24002171210076,A6,KHUNT BANSI PARESHBHAI,RMP,13.50,16.50,8.50,15.50,54.00,12.00,16.50,17.50,15.00,61.00,15.50,10.00,12.50,18.50,57.00,18.00,14.50,15.50,19.00,67.00,14.50,10.50,16.00,20.00,61.00,GUJ
347,FY1,CE,88,24002170110023,D4,BHUVA KRISH JAYESHBHAI,DBP,10.00,16.50,10.00,10.75,48.00,17.50,18.50,14.50,12.50,63.00,20.00,13.00,10.00,13.00,56.00,16.00,15.00,18.50,18.50,68.00,15.50,21.00,12.00,15.50,64.00,GUJ
347,FY1,CE,160,24002170110095,D6,"MUNGALPARA YASHBHAI
PARESHBHAI",VSA,11.00,19.50,9.50,12.00,52.00,15.00,13.00,13.00,15.75,57.00,14.50,11.50,11.50,16.25,54.00,18.50,14.00,18.50,18.50,70.00,18.00,20.00,10.00,17.50,66.00,ENG
347,FY1,AIML,94,24002170410058,D4,YUVRAJ VERMA,PDB,17.00,13.50,11.00,17.25,59.00,12.00,20.50,17.50,16.50,67.00,10.50,13.50,11.50,14.75,51.00,20.50,12.00,14.00,10.50,57.00,17.50,15.00,18.50,14.00,65.00,ENG
347,FY2,IT,75,24002170210050,B3,"MAKWANA MANTRA
SANJAYKUMAR",NRS,13.00,17.00,9.00,14.75,54.00,19.50,20.00,11.00,16.50,67.00,15.50,11.00,3.00,13.75,44.00,17.00,12.50,17.50,19.50,67.00,15.00,20.00,13.50,18.50,67.00,ENG
347,FY4,CSE,118,24002171210136,A4,PATEL JAY DHAVALKUMAR,SVC,14.00,17.00,11.00,19.00,61.00,17.50,17.50,15.00,16.50,67.00,12.00,15.50,9.00,10.50,47.00,9.50,17.50,20.00,17.25,65.00,13.00,10.50,16.50,19.00,59.00,ENG
347,FY4,CSE,130,24002171210149,A4,RAKHOLIYA TRUNAL BHARATBH,SVC,8.50,18.00,11.00,13.75,52.00,17.50,19.50,13.50,9.50,60.00,19.00,17.50,14.50,11.00,62.00,16.00,16.00,17.00,12.50,62.00,17.50,16.50,10.50,18.50,63.00,GUJ
353,FY1,CE,69,24002170110096,D3,MUSABJI JEHAN RIYAJALI,VRS,11.00,15.00,10.00,15.25,52.00,16.00,16.50,15.50,12.50,61.00,13.50,19.00,13.00,13.50,59.00,11.50,14.50,18.50,18.00,63.00,19.50,16.00,13.00,14.00,63.00,GUJ
353,FY1,CE,152,24002170110102,D6,PANCHAL DAX VIJAYBHAI,DJU,15.00,19.00,12.00,15.25,62.00,13.50,17.00,12.00,15.50,58.00,16.00,14.50,16.00,12.75,60.00,19.50,13.50,19.50,14.75,68.00,17.00,10.00,6.00,16.50,50.00,GUJ
353,FY2,IT,149,24002170210028,B6,HADIYA DIVYA JITESHBHAI,IAM,13.00,20.00,7.00,12.75,53.00,17.00,21.00,17.50,12.25,68.00,12.00,9.50,17.00,13.00,52.00,15.00,16.50,15.50,18.50,66.00,14.00,18.00,13.00,13.75,59.00,ENG
356,FY1,CE,91,24002170110006,D4,"AMBALIYA YASHVI
BHARATBHAI",DBP,12.50,15.50,9.00,10.00,47.00,16.00,23.00,19.50,9.25,68.00,18.00,13.50,11.00,17.00,60.00,17.00,15.50,15.50,14.75,63.00,19.00,13.00,12.50,14.25,59.00,GUJ
356,FY1,AIML,125,24002170410001,D5,ANAGHAN PAL KANUBHAI,PKS,13.00,17.50,6.00,13.75,51.00,15.00,17.00,12.50,10.75,56.00,14.00,13.00,13.50,16.75,58.00,17.00,15.50,16.50,18.50,68.00,12.00,21.00,12.00,18.75,64.00,GUJ
356,FY1,AIML,51,24002170410042,D2,"SARDHARA NEERKUMAR
PARESHBHAI",DBP,11.50,14.00,8.00,12.75,47.00,18.50,20.00,13.00,12.50,64.00,15.50,16.50,17.00,15.75,65.00,14.50,14.00,13.50,18.75,61.00,15.00,13.00,16.00,15.50,60.00,GUJ
356,FY5,CST,87,24002171310030,C3,DIVYOM CHAPANERA,MDP,15.50,19.00,10.00,11.75,57.00,13.50,15.00,11.50,10.25,51.00,16.00,17.00,18.00,15.50,67.00,13.50,7.50,18.50,18.50,58.00,21.00,11.00,13.00,18.25,64.00,ENG
356,FY5,CSE_CYBER,152,24002171910016,C6,PATEL SWARA ANJALIBEN,KPP,13.00,23.50,9.00,14.25,60.00,16.00,17.50,12.00,7.50,53.00,16.50,11.50,13.00,12.00,53.00,19.00,9.50,20.00,13.50,62.00,21.00,13.00,16.00,18.50,69.00,GUJ
361,FY1,CE,161,24002170110182,D6,"SUVAGIYA HARSHIL
CHATURBHAI",DBP,11.00,18.00,7.00,15.00,51.00,8.50,17.00,11.00,13.00,50.00,19.00,13.00,11.50,14.00,58.00,15.50,13.50,15.50,18.50,63.00,15.50,22.00,16.50,19.25,74.00,GUJ
361,FY4,CSE,170,24002171210006,A6,ARYA KRISH CHANDRAKANT,ASA,15.50,19.00,7.50,14.50,57.00,16.00,18.00,13.50,6.50,54.00,19.00,15.50,12.50,11.25,59.00,17.50,15.50,14.00,13.75,61.00,16.50,19.00,12.50,17.00,65.00,ENG
361,FY4,CSE,103,24002171210096,A4,MISTRY HARSH HITESHKUMAR,PAT,14.00,19.00,17.50,15.50,66.00,13.00,16.00,11.00,13.00,53.00,17.50,14.00,14.00,14.25,60.00,15.00,13.00,12.50,16.00,57.00,17.50,12.00,11.00,19.50,60.00,ENG
361,FY4,CEA,194,24002171510036,A7,VADHIYA KRISH JIGNESH,ASA,11.00,20.50,11.50,16.75,60.00,16.00,16.50,11.00,14.50,58.00,15.50,15.00,14.00,14.50,59.00,16.50,19.00,11.50,16.25,64.00,19.00,9.00,7.50,19.00,55.00,GUJ
361,FY5,CSE_DS,30,24002171810031,C1,SUTARIYA ARMAN RAMESHBHA,KGB,13.50,21.00,11.00,15.75,62.00,11.50,19.00,19.00,12.25,62.00,9.50,11.00,11.50,15.25,48.00,11.50,16.00,12.00,15.00,55.00,15.00,18.50,18.00,17.50,69.00,GUJ
366,FY1,CE,206,24002170110042,D8,"GHINAIYA DEVANSHU
KISHORBHAI",PVV,12.50,11.00,6.00,8.25,38.00,11.50,18.00,14.00,8.50,52.00,15.00,20.00,16.00,17.50,69.00,19.00,16.00,16.00,17.50,69.00,14.50,20.00,16.00,16.50,67.00,GUJ
366,FY1,CE,96,24002170110141,D4,PATEL SMIT KINJALBHAI,PVV,13.50,17.50,14.50,10.75,57.00,19.00,16.00,17.00,11.25,64.00,17.00,10.00,13.50,12.75,54.00,15.00,17.50,17.50,15.75,66.00,15.50,7.50,14.00,16.25,54.00,ENG
366,FY4,CSE,174,24002171210103,A6,PANCHAL NEEL DINESHBHAI,NPB,14.00,14.50,9.00,12.50,50.00,17.00,12.50,12.50,11.50,54.00,18.00,10.50,14.50,17.75,61.00,12.50,16.50,16.50,20.75,67.00,15.50,16.00,10.00,21.00,63.00,GUJ
366,FY5,CST,31,24002171310131,C2,RANA KEVIN ALKESHBHAI,KPP,16.50,20.50,9.50,12.50,59.00,13.00,19.00,17.00,18.25,68.00,12.00,19.00,17.00,14.00,62.00,17.50,11.50,14.00,17.50,61.00,17.00,13.00,AB,15.00,45.00,ENG
366,FY5,CSE_CYBER,62,24002171910006,C3,GAJAN PARTH JITENDRABHAI,JRC,14.00,18.00,8.00,13.50,54.00,15.00,14.00,14.00,15.75,59.00,15.50,12.50,14.50,14.50,57.00,16.50,17.50,11.00,14.50,60.00,17.00,14.50,14.00,19.00,65.00,GUJ
371,FY1,CE,107,24002170110015,D4,"BHANDERI HENISH
HARESHBHAI",RDR,13.50,14.50,9.00,11.50,49.00,19.50,12.50,16.00,12.50,61.00,18.00,13.50,15.50,17.50,65.00,20.00,13.00,14.00,18.25,66.00,15.00,12.00,12.00,13.25,53.00,GUJ
371,FY1,CE,108,24002170110056,D4,JADAV ARJUN DILUBHAI,PBS,12.50,19.50,9.50,12.25,54.00,14.50,14.50,11.50,12.50,53.00,15.50,11.50,15.00,16.00,58.00,19.00,18.00,17.50,14.50,69.00,17.00,16.00,11.00,15.50,60.00,GUJ
371,FY1,CE,133,24002170110130,D5,PATEL HITKUMAR VINODBHAI,PBS,11.50,17.00,7.50,10.00,46.00,12.00,20.50,12.00,8.75,54.00,17.50,22.00,16.50,17.75,74.00,19.50,13.00,16.00,17.00,66.00,12.50,10.50,14.00,16.50,54.00,GUJ
371,FY1,CE,169,24002170110178,D6,"SOLANKI SUJALBHAI
DINESHBHAI",VRS,12.50,14.50,6.00,12.25,46.00,16.00,17.00,19.00,11.25,64.00,13.50,16.50,14.00,13.25,58.00,14.00,15.00,12.50,16.00,58.00,17.00,17.50,16.50,16.50,68.00,GUJ
371,FY1,AIML,97,24002170410018,D4,"MAKWANA DHARMIK
KAMLESHBHAI",RDR,14.50,21.50,11.00,10.00,57.00,14.00,17.00,16.00,12.00,59.00,17.00,13.00,12.00,14.00,56.00,15.50,13.00,17.50,14.00,60.00,11.50,15.00,18.00,17.00,62.00,ENG
371,FY1,AIML,138,24002170410051,D5,"THAKKAR AARAV
DHARMENDRA",PVV,15.00,14.50,10.50,15.25,56.00,15.50,17.50,15.50,12.00,61.00,20.00,10.00,16.00,11.75,58.00,21.00,15.00,16.00,13.75,66.00,20.00,11.00,8.00,13.50,53.00,ENG
371,FY2,IT,68,24002170210059,B3,ODEDRA ASHA KANDHAJI,MMT,10.50,18.00,9.00,13.25,51.00,11.00,21.00,12.50,14.50,59.00,15.00,15.50,14.50,18.00,63.00,17.50,15.50,13.00,17.75,64.00,12.50,12.00,15.00,17.50,57.00,ENG
371,FY2,IT,134,24002170210060,B5,"PADSUMBIYA DEVENKUMAR
HASHMUKHBHAI",NRS,16.00,21.00,9.00,12.00,58.00,12.00,15.50,14.50,11.50,54.00,12.00,17.50,9.00,14.25,53.00,16.50,12.50,21.50,15.75,67.00,15.00,13.00,17.50,16.50,62.00,GUJ
371,FY2,IT,97,24002170210097,B4,RANK JAIVIK HARESHBHAI,MMT,14.00,12.50,9.50,18.25,55.00,15.00,17.00,13.50,10.25,56.00,12.50,13.00,12.00,16.50,54.00,16.00,13.50,21.00,19.00,70.00,15.50,16.00,16.00,11.00,59.00,GUJ
371,FY4,CSE,124,24002171210083,A4,LADANI BHAVYA HITESHBHAI,HSP,11.50,16.50,10.50,16.00,55.00,22.00,20.00,19.50,10.50,72.00,18.50,9.50,9.50,12.00,50.00,14.00,12.00,15.00,17.00,58.00,12.00,15.00,13.50,18.50,59.00,GUJ
371,FY5,CST,80,24002171310070,C3,LAVANA MAHARSHI SATISHKUM,ARP,15.00,21.50,10.50,17.25,65.00,12.50,6.50,9.00,8.25,37.00,13.50,11.50,12.00,15.50,53.00,18.00,16.00,18.50,18.00,71.00,22.00,12.00,14.00,19.50,68.00,ENG
371,FY5,CST,167,24002171310107,C6,PATEL HELLY KAMALBHAI,AMS,13.00,16.50,8.00,12.00,50.00,6.50,17.50,15.00,8.00,47.00,14.00,13.00,12.00,12.50,52.00,18.00,15.50,19.50,19.50,73.00,22.00,16.50,14.00,19.50,72.00,ENG
371,FY5,CST,113,24002171310123,C4,PAYLA SOHANI AHMEDBHAI,ARP,12.00,15.00,7.50,12.75,48.00,13.50,21.50,14.50,14.00,64.00,9.00,18.00,13.50,15.00,56.00,20.00,16.00,18.50,19.75,75.00,16.00,10.00,11.00,14.00,51.00,GUJ
371,FY5,CST,74,24002171310168,C3,THAKKAR NUPUR PRASHANTBH A,KGB,16.00,19.00,6.50,11.00,53.00,11.00,17.00,9.50,10.75,49.00,15.50,8.50,14.00,10.50,49.00,21.00,14.00,19.00,16.75,71.00,20.50,19.50,15.00,16.50,72.00,ENG
371,FY5,CSE_AI,45,24002171710010,C2,KABA MANAN HIMMATBHAI,ADB,14.50,19.50,8.00,13.75,56.00,14.50,14.00,16.00,15.25,60.00,17.50,17.50,12.00,12.00,59.00,18.00,15.50,20.00,17.50,71.00,10.00,17.50,6.00,14.50,48.00,GUJ
386,FY2,IT,65,24002170210063,B3,"PARMAR KAVYA
ASHISHKUMAR",IAM,15.50,17.00,9.50,12.50,55.00,14.00,12.50,16.50,11.00,54.00,13.00,15.00,13.00,15.25,57.00,19.00,13.50,21.00,14.00,68.00,17.50,19.50,10.00,12.00,59.00,GUJ
386,FY2,AIDS,177,24002170510043,B7,VADDORIYA NEEL CHIRAGBHAI,JPM,11.00,19.50,12.50,13.75,57.00,13.00,16.00,14.00,14.25,58.00,15.00,14.50,14.50,14.00,58.00,18.00,9.00,16.00,16.50,60.00,16.50,12.50,15.50,15.00,60.00,ENG
386,FY2,AIDS,47,24002170510044,B2,VAGHELA JEET MAHESHBHAI,NRS,15.50,15.50,13.50,16.50,61.00,15.50,13.50,11.50,11.00,52.00,13.00,9.50,11.50,15.50,50.00,17.00,20.50,21.50,13.75,73.00,14.00,17.00,5.50,20.00,57.00,GUJ
386,FY4,CSE,74,24002171210087,A3,MALVANIA PARISHA VIPULBHAI,ASA,10.00,19.50,7.00,11.00,48.00,13.00,18.50,10.00,5.00,47.00,19.00,16.00,16.50,18.00,70.00,16.50,13.50,12.50,13.00,56.00,21.50,19.50,9.50,21.00,72.00,ENG
386,FY4,CEA,222,24002171510010,A8,ISOTIYA DHRUVISHA ASHVINBH,NPB,14.00,10.50,8.50,8.25,42.00,18.50,22.00,14.50,17.75,73.00,19.50,12.00,13.00,16.50,61.00,18.50,13.00,20.00,17.00,69.00,11.00,11.00,12.00,14.00,48.00,GUJ
386,FY4,MA&CP,140,24002171610008,A5,GONDALIYA SMIT GHANSHYAM B,PJD,13.00,14.00,11.50,7.25,46.00,17.50,10.50,11.50,8.75,49.00,17.00,20.00,16.00,14.00,67.00,23.00,18.50,14.50,20.75,77.00,16.00,10.00,12.00,15.50,54.00,GUJ
386,FY5,CST,65,24002171310064,C3,KOSHTI MAHEK SACHINBHAI,MDP,15.00,14.50,8.00,11.00,49.00,11.50,17.00,10.50,13.00,52.00,13.50,19.00,17.00,13.00,63.00,15.50,12.50,20.00,20.50,69.00,10.00,14.50,14.00,21.50,60.00,ENG
386,FY5,CST,77,24002171310151,C3,SHAH PARV RAKESHBHAI,VHP,13.50,17.00,9.00,13.00,53.00,12.50,13.00,17.50,13.00,56.00,16.00,15.50,12.50,14.25,59.00,16.00,16.00,18.00,15.50,66.00,17.00,13.00,13.00,15.50,59.00,ENG
394,FY1,CE,119,24002170110117,D5,PATEL PRIANSHEE ARVINDBHAI,VRS,12.00,13.00,5.50,10.75,42.00,9.50,17.50,14.00,15.00,56.00,15.00,15.50,11.00,18.00,60.00,20.00,16.50,16.50,17.00,70.00,12.50,22.00,14.00,15.00,64.00,GUJ
394,FY4,CSE,106,24002171210039,A4,DHAIRYA AMITKUMAR DAVE,SVC,13.00,17.50,8.50,13.75,53.00,13.00,15.50,16.00,11.25,56.00,14.50,16.00,15.00,14.25,60.00,22.00,13.00,17.50,15.00,68.00,16.00,12.50,14.00,12.00,55.00,ENG
394,FY4,CSE,168,24002171210067,A6,JOSHI HENIL SACHINKUMAR,VVP,13.50,15.50,6.50,11.25,47.00,16.00,10.00,15.00,17.00,58.00,14.50,8.00,20.00,16.50,59.00,12.00,13.50,19.00,19.00,64.00,14.50,20.00,9.50,19.50,64.00,GUJ
394,FY5,CSE_CYBER,172,24002171910014,C6,MORADIYA BANSI KALPESHBHA,JRC,14.00,19.00,8.00,11.75,53.00,13.00,22.50,19.00,13.00,68.00,11.50,11.00,16.00,13.75,53.00,15.50,12.00,18.00,15.00,61.00,12.50,11.00,16.00,17.00,57.00,GUJ
398,FY2,IT,46,24002170210034,B2,"KANASAGRA ADITYA
RAJESHBHAI",MMT,13.50,17.00,9.00,16.25,56.00,14.00,17.50,8.00,10.25,50.00,18.00,17.00,14.00,15.75,65.00,16.50,16.00,21.00,16.75,71.00,13.50,8.50,11.00,16.00,49.00,ENG
398,FY2,AIDS,60,24002170510046,B3,YUG RAKESH NANAVATI,MMT,11.00,15.00,10.00,14.50,51.00,12.50,12.50,16.50,14.75,57.00,15.00,12.50,17.50,13.75,59.00,14.50,13.00,17.00,18.50,63.00,16.50,14.50,12.00,17.75,61.00,ENG
398,FY4,CSE,129,24002171210017,A4,BHOJANI NISARG SHAILESHBHAI,RMP,15.00,12.00,8.50,14.50,50.00,11.00,13.00,12.50,15.00,52.00,19.50,14.50,17.00,17.00,68.00,15.50,14.00,15.00,17.50,62.00,15.00,15.50,16.50,11.50,59.00,ENG
398,FY4,CSE,178,24002171210097,A6,NAGPARA PARTH RATILAL,SVC,13.00,15.50,7.00,10.25,46.00,14.00,17.00,14.50,17.00,63.00,13.50,10.50,8.50,14.25,47.00,15.50,14.50,20.50,17.50,68.00,11.50,19.50,15.00,20.50,67.00,GUJ
398,FY4,CSE,147,24002171210099,A5,NEEL JATINBHAI SHAH,BPD,13.50,19.50,8.50,13.50,55.00,14.00,17.50,13.50,14.00,59.00,15.00,7.50,14.00,14.75,52.00,12.50,15.00,20.50,17.50,66.00,14.00,17.50,8.00,19.00,59.00,ENG
398,FY5,CST,127,24002171310071,C5,MAKWANA BHAGVATEE RAMES,JAZ,12.50,17.00,7.50,13.00,50.00,16.00,20.50,13.00,16.50,66.00,11.50,6.00,14.00,12.75,45.00,17.50,13.00,18.00,17.50,66.00,16.50,18.50,10.00,18.50,64.00,ENG
398,FY5,CST,95,24002171310088,C4,PADSALA KAUSHAL ASHOKBHAI,JRC,10.00,15.00,10.50,11.25,47.00,9.00,15.50,13.00,15.00,53.00,14.50,18.00,12.50,15.00,60.00,15.00,12.50,17.50,19.00,64.00,21.00,15.00,12.50,18.50,67.00,GUJ
398,FY5,CSE_AI,64,24002171710021,C3,PATEL DHRUVAL BIPINBHAI,KPP,15.50,14.00,7.50,13.25,51.00,9.50,19.00,10.50,17.75,57.00,12.50,14.00,9.00,14.00,50.00,21.50,12.50,15.00,15.00,64.00,18.00,11.00,22.00,17.50,69.00,GUJ
398,FY5,CSE_CYBER,44,24002171910017,C2,PATEL PRITHVIBEN TUSHARBHA,VHP,13.00,22.00,9.00,9.25,54.00,16.50,20.00,13.00,10.00,60.00,17.00,12.00,12.00,15.00,56.00,20.00,13.50,17.00,17.50,68.00,13.00,14.00,12.00,13.50,53.00,GUJ
407,FY1,CE,98,24002170110036,D4,"DOBARIYA AKASH
PRAFULLBHAI",DJU,12.50,19.00,7.50,13.25,53.00,19.50,17.00,14.00,14.50,65.00,18.00,14.00,11.50,14.50,58.00,10.00,13.50,16.50,21.00,61.00,16.00,13.00,11.00,13.00,53.00,GUJ
407,FY1,CE,80,24002170110047,D3,"GORSIYA SALONI
HARSHADBHAI",VSA,13.50,16.00,12.50,16.50,59.00,17.00,17.00,15.00,13.00,62.00,18.00,15.50,10.50,14.00,58.00,15.50,14.50,16.00,18.75,65.00,14.00,9.00,12.00,10.75,46.00,GUJ
407,FY1,AIML,183,24002170410017,D7,"KUMBHANI PRIYANSI
BHAVESHBHAI",PBS,14.50,20.50,5.00,13.25,54.00,13.00,21.00,14.50,6.50,55.00,10.50,13.50,12.50,11.75,49.00,17.50,13.50,13.00,16.00,60.00,16.00,20.00,16.50,18.75,72.00,GUJ
407,FY4,CSE,179,24002171210157,A6,RUDANI JAY JITENDRABHAI,VVV,11.00,17.00,7.00,14.00,49.00,10.00,15.50,15.00,19.50,60.00,17.50,9.50,13.00,13.50,54.00,16.00,15.00,19.00,16.00,66.00,19.50,18.50,8.00,15.00,61.00,ENG
407,FY4,CS&IT,175,24002171410033,A6,PUROHIT YUVRAJ DINESHKUMA,PAT,13.50,16.00,12.00,14.50,56.00,20.00,16.00,11.50,14.50,62.00,14.50,12.50,7.00,16.75,51.00,19.50,15.00,15.00,16.00,66.00,13.00,16.00,8.00,17.50,55.00,GUJ
407,FY5,CSE_AI,27,24002171710011,C1,KATARIYA SAHIL HITESHBHAI,DHK,17.50,21.50,8.50,12.75,61.00,13.50,8.00,9.50,10.50,42.00,18.50,16.00,13.50,11.00,59.00,18.50,15.50,18.50,17.50,70.00,17.00,16.00,10.00,15.00,58.00,ENG
413,FY1,CE,116,24002170110030,D4,CHAVDA OM PRAKASHKUMAR,PVV,11.50,14.50,13.50,9.00,49.00,14.50,12.00,10.50,13.75,51.00,18.50,17.50,15.50,16.25,68.00,14.00,12.50,18.50,18.00,63.00,15.50,14.00,13.00,15.00,58.00,GUJ
413,FY1,CE,134,24002170110061,D5,JAIN MEET ABHISHEK,PDB,10.50,15.00,9.50,9.25,45.00,14.50,19.00,12.50,19.00,65.00,17.50,12.00,17.00,15.75,63.00,11.50,13.00,16.50,12.50,54.00,12.50,16.00,16.50,16.50,62.00,ENG
413,FY1,CE,166,24002170110167,D6,SHAH JAIVAL CHIRAGBHAI,PVV,17.50,23.50,13.00,16.50,71.00,8.00,14.00,7.00,7.50,37.00,6.00,12.00,16.50,12.50,47.00,13.50,17.00,11.50,18.25,61.00,15.00,19.00,20.50,17.75,73.00,ENG
413,FY1,CE,159,24002170110176,D6,SOLANKI CHIRAG MUKESHBHAI,VRS,9.50,18.50,7.50,12.75,49.00,11.00,21.50,11.50,11.25,56.00,12.50,12.50,10.00,13.00,48.00,18.00,18.00,17.00,19.00,72.00,10.50,21.00,16.50,15.50,64.00,GUJ
413,FY2,IT,64,24002170210083,B3,PATEL HET PRAKASHCHANDRA,YRP,14.00,15.00,10.50,14.50,54.00,14.50,14.00,16.50,15.50,61.00,12.50,15.50,15.00,10.75,54.00,19.50,14.00,18.00,17.50,69.00,13.00,12.50,10.00,14.75,51.00,GUJ
413,FY2,AIDS,63,24002170510045,B3,"VIROLIYA TANVI
MAHENDRABHAI",AIG,18.00,16.50,10.50,11.75,57.00,8.00,17.00,10.00,13.50,49.00,16.50,10.00,18.00,14.50,59.00,18.00,12.00,17.00,13.25,61.00,21.50,11.50,15.00,15.00,63.00,GUJ
413,FY5,CST,147,24002171310001,C5,AMIPARA AVIRAJ MANAHARBHA,DAS,15.00,15.00,7.00,16.25,54.00,12.00,16.00,10.50,11.00,50.00,11.50,14.50,10.50,18.50,55.00,19.00,15.00,17.50,12.75,65.00,18.50,16.00,11.50,18.25,65.00,GUJ
413,FY5,CST,118,24002171310049,C4,JAIN SOMYA AMITKUMAR,KGB,10.50,13.50,6.50,12.25,43.00,11.50,20.50,9.50,12.75,55.00,14.00,19.00,13.00,19.00,65.00,17.00,16.00,12.50,15.50,61.00,15.50,16.50,13.00,19.50,65.00,ENG
413,FY5,CST,76,24002171310162,C3,SOLANKI DHANLAXMI MAHEND R,MDP,13.00,17.50,9.00,11.50,51.00,10.50,20.50,12.50,11.00,55.00,16.50,10.50,11.50,16.00,55.00,18.00,12.50,18.00,16.50,65.00,15.00,19.00,11.00,17.50,63.00,GUJ
422,FY1,CE,93,24002170110069,D4,KADIA MAHI DHRUV,PBS,10.50,12.50,9.50,14.25,47.00,13.00,21.50,18.00,16.00,69.00,16.50,14.50,11.00,15.50,58.00,14.00,15.00,14.00,17.00,60.00,13.00,13.00,10.00,18.00,54.00,ENG
422,FY1,CE,57,24002170110086,D2,"MANKU RAJDEEPSINGH
RAGHUVIRSINGH",RDR,11.50,12.50,8.50,10.75,44.00,17.50,18.00,15.00,15.50,66.00,17.50,15.50,10.00,20.00,63.00,12.50,12.00,15.00,16.25,56.00,13.50,15.00,13.00,16.75,59.00,GUJ
422,FY1,CE,147,24002170110156,D6,RAMANI VISHVAM KISHORBHAI,RDR,10.50,20.00,9.50,16.25,57.00,12.00,20.50,9.00,5.25,47.00,12.00,14.50,13.00,13.75,54.00,15.00,15.00,18.00,17.00,65.00,14.50,14.50,15.50,20.00,65.00,GUJ
422,FY1,AIML,113,24002170410010,D4,"HAKIMJI MOHAMMED ANAS
MOHAMMED AYAZ",PBS,AB,16.50,9.00,15.50,41.00,16.00,20.00,19.50,16.50,72.00,AB,13.50,13.00,18.25,45.00,16.00,13.00,22.50,20.50,72.00,AB,22.00,19.00,16.75,58.00,ENG
422,FY2,IT,55,24002170210007,B2,BUDDHDEV PINAL PRAGNESH,NRS,12.00,11.00,8.00,14.25,46.00,11.00,20.00,14.00,14.25,60.00,14.50,18.00,13.00,14.25,60.00,15.50,12.50,17.00,17.50,63.00,14.50,18.50,11.50,13.75,59.00,ENG
422,FY2,IT,78,24002170210032,B3,JIVANI UDAY ASHVINBHAI,AIG,11.00,16.50,9.50,13.25,51.00,13.00,17.50,8.00,13.50,52.00,12.50,12.00,16.00,15.50,56.00,21.00,13.50,18.50,18.50,72.00,19.00,14.00,12.00,11.50,57.00,GUJ
422,FY2,AIDS,84,24002170510024,B3,"MAGTARPARA PRINCE
DINESHBHAI",NRS,12.50,18.00,9.00,12.75,53.00,10.00,19.50,8.00,13.75,52.00,17.50,14.50,11.50,14.00,58.00,18.50,12.00,17.50,17.50,66.00,16.00,16.00,12.50,14.25,59.00,GUJ
422,FY4,CSE,142,24002171210093,A5,MEHTA YATHARTH HEMANG,SVC,9.50,18.50,4.50,9.00,42.00,17.00,18.00,15.50,5.00,56.00,15.50,14.50,17.00,14.75,62.00,20.00,18.00,14.00,19.50,72.00,16.00,18.50,9.50,11.50,56.00,ENG
422,FY4,CSE,123,24002171210121,A4,PATEL NISARG MANOJKUMAR,BPD,16.50,14.50,7.50,12.50,51.00,15.00,14.50,14.50,15.50,60.00,18.00,13.00,15.50,15.00,62.00,17.50,14.50,14.00,16.50,63.00,11.00,11.50,10.50,18.25,52.00,GUJ
422,FY4,CSE,160,24002171210138,A5,PATEL DEV RAJNISHKUMAR,HSP,15.00,17.00,9.50,14.50,56.00,12.50,17.50,10.00,4.75,45.00,16.50,15.50,11.50,16.50,60.00,19.00,15.00,20.50,18.75,74.00,12.00,11.00,12.00,18.00,53.00,ENG
422,FY4,CSE,212,24002171210169,A7,SAVALIYA RIYA PANKAJBHAI,PJD,14.00,17.50,11.50,12.75,56.00,17.00,15.50,11.00,6.50,50.00,15.50,17.50,11.50,15.00,60.00,15.00,19.00,16.00,16.50,67.00,20.00,14.00,10.50,10.50,55.00,GUJ
422,FY4,CS&IT,159,24002171410015,A5,HAIWALA AHMAD JAVED,BPD,14.50,21.50,13.50,14.50,64.00,9.00,20.00,12.00,17.00,58.00,11.00,10.00,11.00,11.75,44.00,18.00,14.00,16.00,14.00,62.00,18.50,10.00,17.00,14.25,60.00,ENG
422,FY5,CST,110,24002171310022,C4,DALAL PRIYATI ANKITBHAI,VHP,16.00,15.50,9.50,8.25,50.00,10.50,17.50,12.50,14.75,56.00,9.00,14.50,11.00,13.75,49.00,18.50,16.00,15.00,15.00,65.00,19.50,16.50,13.00,18.50,68.00,ENG
422,FY5,CST,133,24002171310053,C5,JOY JASVANTKUMAR MODI,ADB,12.00,16.00,7.00,7.75,43.00,11.50,12.00,14.00,10.50,48.00,15.00,15.00,16.00,19.25,66.00,18.00,15.00,13.50,13.50,60.00,21.00,16.00,12.50,21.50,71.00,ENG
422,FY5,CST,116,24002171310065,C4,KOTADIYA PRAGATI RAJESHBHA,JAZ,15.00,18.50,10.50,11.50,56.00,12.50,10.00,10.50,7.75,41.00,15.00,11.00,9.50,10.50,46.00,22.00,14.50,17.50,18.50,73.00,22.00,21.00,12.00,17.00,72.00,GUJ
422,FY5,CST,179,24002171310067,C7,KUMARE JIYA DILESHKUMAR,ARP,17.50,20.00,7.00,12.50,57.00,7.00,13.00,11.50,12.50,44.00,15.00,13.50,7.50,11.75,48.00,18.50,18.50,20.50,13.00,71.00,18.50,18.50,11.00,20.00,68.00,ENG
422,FY5,CST,149,24002171310150,C6,SHAH PARSHVA JIGNESH,JAZ,16.00,21.00,13.00,15.25,66.00,4.50,15.00,10.50,10.75,41.00,13.50,10.00,11.00,15.75,51.00,19.50,15.00,15.00,16.25,66.00,16.50,16.00,15.00,16.50,64.00,ENG
439,FY1,CE,77,24002170110152,D3,PRAJAPATI SUJAL BHARATBHAI,RDR,11.00,14.00,6.50,9.50,41.00,12.00,22.00,13.00,14.00,61.00,14.50,18.50,12.50,16.25,62.00,20.00,14.50,17.50,14.50,67.00,14.00,11.50,11.00,19.25,56.00,GUJ
439,FY1,CE,126,24002170110166,D5,"SHAH HARSHIL
KAMLESHKUMAR",PVV,13.00,18.00,7.50,12.00,51.00,9.50,18.00,17.00,9.25,54.00,18.00,15.00,11.50,17.25,62.00,13.00,16.00,16.50,17.00,63.00,12.00,13.50,12.00,18.75,57.00,GUJ
439,FY2,AIDS,89,24002170510001,B4,AAGAM DILIPBHAI SHAH,PVS,17.50,17.50,12.50,15.00,63.00,14.50,15.50,8.00,8.00,46.00,16.50,13.50,13.00,18.00,61.00,15.00,16.50,9.50,17.50,59.00,18.50,14.50,10.50,14.00,58.00,ENG
439,FY4,CSE,24,24002171210156,A1,RUDANI SAVAN RAJESHKUMAR,VVP,17.50,22.00,18.50,12.00,70.00,17.00,14.50,10.50,3.50,46.00,17.00,9.50,11.00,11.75,50.00,22.00,16.50,18.00,14.25,71.00,15.50,14.00,11.00,9.00,50.00,GUJ
439,FY5,CST,69,24002171310068,C3,LABDHI SHAH,ARP,11.50,16.50,7.50,11.75,48.00,17.00,21.00,15.50,23.00,77.00,12.50,6.50,7.00,14.25,41.00,13.50,13.00,18.00,17.00,62.00,22.00,12.00,12.00,12.50,59.00,ENG
439,FY5,CST,57,24002171310124,C2,PORE KRISHA CHETANBHAI,AMS,11.50,20.00,5.50,11.75,49.00,16.00,19.00,14.50,10.25,60.00,13.50,16.00,9.00,15.50,54.00,14.50,13.00,19.00,15.75,63.00,20.50,10.00,16.00,14.50,61.00,ENG
445,FY1,CE,129,24002170110093,D5,"MOTKA DARSHAN
SURYAKANTBHAI",VRS,13.50,16.50,10.00,14.75,55.00,10.50,17.00,10.00,15.50,53.00,8.50,14.00,10.50,15.25,49.00,16.50,15.50,18.50,16.50,67.00,14.00,13.50,16.00,17.75,62.00,GUJ
445,FY2,IT,44,24002170210112,B2,SHAH DIYA ROHITBHAI,IAM,12.50,15.00,8.50,11.25,48.00,16.00,19.50,12.50,14.50,63.00,18.00,14.00,11.50,11.75,56.00,18.50,17.50,13.50,16.25,66.00,10.00,11.00,15.00,17.00,53.00,ENG
445,FY4,CSE,149,24002171210012,A5,BHARAD LAKSH JITENDRABHAI,MHM,10.50,17.00,6.50,11.25,46.00,11.00,21.50,15.50,14.00,62.00,14.50,14.50,14.00,14.75,58.00,16.50,16.00,16.00,13.50,62.00,15.00,13.50,11.50,17.50,58.00,GUJ
445,FY5,CSE_AI,23,24002171710018,C1,PATEL RUTVIK VIPULBHAI,ADB,14.00,18.50,11.50,13.25,58.00,13.50,15.00,15.00,9.75,54.00,13.50,13.00,11.50,7.50,46.00,20.00,12.50,18.00,14.00,65.00,19.00,16.00,17.00,11.00,63.00,GUJ
449,FY1,CE,67,24002170110005,D3,AHIR MAHIPAL LALJIBHAI,RDR,12.50,13.50,7.00,13.50,47.00,13.00,7.50,16.00,10.75,48.00,18.50,7.00,10.00,16.50,52.00,14.00,13.50,17.00,18.50,63.00,21.50,20.00,13.50,19.50,75.00,ENG
449,FY1,CE,190,24002170110202,D7,"VIJAPURA KASIMHUSAIN
AKABARALI",VSA,14.50,22.00,11.00,15.00,63.00,11.00,20.50,17.00,6.50,55.00,9.00,14.00,3.50,15.50,42.00,19.00,14.00,14.50,13.00,61.00,17.00,21.00,10.50,15.50,64.00,ENG
449,FY2,IT,129,24002170210134,B5,ZALA DARSHRAJSINH GHANSHY A,IAM,19.00,14.50,9.50,12.25,56.00,15.00,16.50,13.00,13.50,58.00,14.00,9.00,8.00,13.25,45.00,17.00,14.00,22.50,18.25,72.00,15.00,12.50,12.50,13.75,54.00,GUJ
449,FY2,AIDS,116,24002170510019,B4,KOHAD KARTIK RAKESHBHAI,IAM,17.00,15.50,10.50,16.25,60.00,14.50,12.00,14.50,16.75,58.00,12.50,15.00,14.00,16.50,58.00,16.00,13.00,18.00,17.75,65.00,6.50,10.50,12.50,14.25,44.00,ENG
449,FY2,AIDS,118,24002170510041,B5,"SOLANKI KRISHNARAJSINH
JAYENDRASINH",YRP,14.50,14.50,9.00,13.75,52.00,10.00,16.00,7.00,6.25,40.00,17.50,12.50,11.50,16.25,58.00,19.00,19.00,16.00,12.25,67.00,20.00,17.00,11.50,19.00,68.00,GUJ
449,FY5,CST,120,24002171310018,C5,CHAVDA NITESH RATILAL,MDP,11.50,15.50,8.00,10.25,46.00,10.00,24.00,15.00,16.50,66.00,11.50,11.50,11.50,14.00,49.00,19.00,12.50,18.00,13.00,63.00,14.00,14.00,14.00,18.50,61.00,GUJ
449,FY5,CST,104,24002171310090,C4,PARMAR YUVRAJ MITESHBHAI,DHK,18.00,16.50,12.50,13.25,61.00,5.50,18.50,13.50,12.50,50.00,16.00,11.00,7.00,17.25,52.00,13.00,13.00,14.00,17.50,58.00,22.00,12.00,12.00,17.50,64.00,ENG
449,FY5,CST,33,24002171310174,C2,VAGHELA PRATHAM SARJUBHAI,VHP,21.00,24.50,18.00,20.00,84.00,12.50,13.00,9.00,12.50,47.00,8.00,19.00,9.00,8.25,45.00,8.50,13.50,15.00,12.00,49.00,14.50,16.00,9.00,20.00,60.00,ENG
449,FY5,CSE_AI,158,24002171710020,C6,PATEL PREY SAURABHKUMAR,DAS,15.50,14.00,8.50,11.50,50.00,11.50,9.00,10.00,12.25,43.00,13.00,13.50,8.00,14.25,49.00,13.50,16.00,16.00,16.25,62.00,20.00,21.00,20.00,20.00,81.00,ENG
449,FY5,CSE_DS,105,24002171810030,C4,SUTARIYA KRISH ASHOKKUMAR,JAZ,14.00,18.00,8.50,9.50,50.00,14.50,18.00,21.00,14.00,68.00,15.00,9.00,11.50,9.75,46.00,15.50,12.50,14.50,16.50,59.00,13.00,15.00,14.00,20.00,62.00,GUJ
459,FY1,CE,50,24002170110009,D2,ANTALA TIRTH ARVINDBHAI,VSA,14.50,17.00,6.00,AB,38.00,16.50,21.50,12.00,AB,50.00,20.00,16.50,16.00,16.25,69.00,23.00,16.00,19.50,AB,59.00,19.50,17.00,16.00,15.50,68.00,GUJ
459,FY4,CSE,153,24002171210203,A5,VEKARIYA PRIYANSH VIPULBHA,RMP,17.00,17.00,14.50,18.75,68.00,9.00,10.50,11.50,12.75,44.00,15.50,9.50,13.00,11.75,50.00,14.00,20.50,17.00,15.00,67.00,14.50,14.00,12.00,14.50,55.00,GUJ
459,FY5,CSE_DS,109,24002171810022,C4,PATEL SAHIL NITINBHAI,MDP,14.00,19.00,9.00,10.00,52.00,16.50,18.50,17.00,15.75,68.00,14.00,14.00,13.00,8.00,49.00,12.50,9.00,19.50,13.75,55.00,14.00,13.00,16.00,16.25,60.00,GUJ
462,FY1,CE,99,24002170110175,D4,SOLANKI JEET VIJAYBHAI,VRS,8.50,17.00,10.50,11.50,48.00,15.00,22.50,15.50,10.00,63.00,11.50,11.00,10.00,10.25,43.00,21.00,13.50,6.00,16.50,57.00,20.00,20.00,12.00,19.25,72.00,GUJ
462,FY2,IT,108,24002170210026,B4,"GHANCHI MAHAMMADZAID
MAHAMMADHANIF",JPM,10.00,18.50,9.50,12.75,51.00,13.00,13.50,14.00,11.25,52.00,14.00,15.50,14.50,16.25,61.00,18.00,12.00,18.00,15.50,64.00,14.00,12.50,14.50,13.50,55.00,GUJ
462,FY5,CST,75,24002171310025,C3,DESAI PRIYAM PARTHIV,KPP,16.00,18.50,11.50,17.25,64.00,9.00,14.50,11.00,10.75,46.00,10.50,11.00,12.50,11.00,45.00,15.00,15.50,16.00,14.50,61.00,18.50,18.00,13.00,16.75,67.00,ENG
462,FY5,CST,165,24002171310051,C6,JIYA THAKKAR,VHP,13.50,16.00,7.50,14.25,52.00,12.50,14.50,16.00,6.25,50.00,14.50,10.50,12.00,13.00,50.00,13.00,14.00,19.00,17.00,63.00,17.50,18.00,11.50,21.00,68.00,ENG
462,FY5,CST,37,24002171310132,C2,RANPARIYA KRUTI AMITKUMAR,DAS,16.00,AB,10.50,17.75,45.00,12.50,20.00,14.50,19.50,67.00,16.50,AB,21.00,21.75,60.00,16.00,AB,19.50,17.00,53.00,21.50,AB,14.00,22.00,58.00,ENG
462,FY5,CSE_AI,159,24002171710027,C6,SHAH RIYA DARSHANKUMAR,DHK,14.50,18.50,10.50,12.75,57.00,11.50,AB,14.00,15.25,41.00,14.50,17.50,14.50,10.50,57.00,15.50,14.00,16.50,14.00,60.00,13.00,17.50,20.00,17.50,68.00,ENG
468,FY1,CE,85,24002170110003,D3,"AGHARIYA
MAHAMMADHUSAIN",PKS,10.00,17.50,7.50,12.50,48.00,19.50,14.00,14.00,18.75,67.00,16.50,15.50,16.00,15.75,64.00,11.00,9.00,17.00,18.50,56.00,11.50,12.00,8.00,15.50,47.00,ENG
468,FY1,CE,3,24002170110154,D1,RAHUL LUMBHANI,PBS,AB,20.50,12.50,17.50,51.00,AB,23.00,19.00,19.50,62.00,AB,17.00,20.00,19.00,56.00,AB,17.50,19.50,19.00,56.00,AB,17.00,19.50,19.75,57.00,ENG
468,FY1,AIML,110,24002170410037,D4,"PATEL MEETKUMAR
CHIRAGKUMAR",VSA,15.50,13.00,7.50,11.25,48.00,15.00,6.50,11.50,8.25,42.00,8.50,14.50,15.50,15.50,54.00,17.50,16.00,16.50,15.50,66.00,15.50,18.00,17.50,20.75,72.00,ENG
468,FY2,IT,96,24002170210022,B4,GAJERA SMIT RAJESHBHAI,PVS,11.00,12.50,5.50,12.50,42.00,12.00,18.50,15.50,15.50,62.00,16.00,14.50,15.00,17.00,63.00,17.00,14.50,14.50,17.50,64.00,9.00,16.50,8.50,17.00,51.00,GUJ
468,FY2,IT,152,24002170210072,B6,"PATEL TUSHARKUMAR
PRAVINBHAI",NRS,13.00,16.00,10.50,14.75,55.00,11.50,18.00,14.00,14.50,58.00,11.00,14.50,13.50,14.25,54.00,14.00,12.00,15.50,15.75,58.00,13.00,16.00,11.50,16.00,57.00,GUJ
468,FY4,CSE,231,24002171210019,A8,BHUVA ABHISHEK KISHORBHAI,BPD,12.50,12.00,11.50,12.25,49.00,19.00,17.50,13.00,12.00,62.00,19.00,12.50,10.50,8.75,51.00,20.00,16.50,16.00,17.75,71.00,11.50,17.00,10.50,10.00,49.00,GUJ
468,FY4,CSE,209,24002171210062,A7,JAIVAL ANKITBHAI PATEL,MHM,14.00,18.00,6.00,12.25,51.00,7.00,17.00,4.50,5.00,34.00,14.50,17.50,9.50,12.50,54.00,19.50,18.50,18.00,20.25,77.00,16.50,19.00,15.00,15.50,66.00,ENG
468,FY4,CSE,121,24002171210131,A4,PATEL PARSHWA UMESHBHAI,ARY,17.50,18.50,17.50,15.00,69.00,9.50,14.00,7.50,7.25,39.00,14.50,9.50,10.50,8.50,43.00,16.50,14.50,19.50,13.25,64.00,19.00,18.00,16.50,13.00,67.00,GUJ
468,FY5,CSE_CYBER,103,24002171910015,C4,PATEL KARMIT PANTHAKKUMA,DAS,13.00,22.00,8.00,13.50,57.00,15.00,11.50,16.00,17.00,60.00,13.50,13.00,10.50,14.75,52.00,15.50,10.50,13.50,19.25,59.00,13.00,4.50,15.00,20.75,54.00,ENG
477,FY1,CE,148,24002170110120,D6,PATEL DHYAN VANITKUMAR,RDR,11.00,14.50,9.00,12.00,47.00,7.50,21.50,14.50,11.75,56.00,16.00,13.00,10.00,14.50,54.00,17.50,15.50,15.50,18.50,67.00,15.50,18.50,9.00,14.00,57.00,GUJ
477,FY2,IT,79,24002170210117,B3,SHUKLA SHIVAM OMPRAKASH,YRP,11.00,13.50,9.50,11.25,46.00,15.00,11.50,11.50,9.50,48.00,15.00,11.50,18.00,17.75,63.00,16.50,12.00,17.00,15.00,61.00,18.50,16.00,13.50,15.00,63.00,ENG
477,FY2,AIDS,92,24002170510008,B4,"CHHODAVADIA FEEL
HARSHADBHAI",IAM,12.50,18.50,9.00,15.75,56.00,10.50,17.00,11.50,7.25,47.00,10.50,14.50,9.50,15.25,50.00,19.50,15.00,22.00,16.50,73.00,16.00,16.00,10.50,12.25,55.00,GUJ
477,FY4,CSE,258,24002171210114,A9,PATEL AALISHA NARENDRAKUM,NPB,14.50,16.00,9.50,11.50,52.00,10.00,16.50,5.50,10.50,43.00,18.00,8.50,13.50,10.75,51.00,18.00,11.00,21.50,15.75,67.00,19.50,18.00,13.00,17.00,68.00,GUJ
477,FY5,CST,148,24002171310135,C6,RATHOD DIPAK MERUBHAI,DHK,14.50,21.50,11.50,17.25,65.00,9.50,13.00,11.50,15.00,49.00,17.50,9.00,12.50,11.50,51.00,15.00,7.50,18.50,11.75,53.00,16.00,16.00,12.50,18.00,63.00,GUJ
477,FY5,CST,168,24002171310141,C6,SATAPRA RAHUL MUKESHBHAI,ARP,17.50,22.50,13.00,18.25,72.00,13.50,15.00,10.50,8.00,47.00,9.00,9.00,7.50,10.00,36.00,19.00,15.50,15.00,14.50,64.00,17.00,15.50,16.00,13.50,62.00,GUJ
483,FY1,CE,155,24002170110143,D6,PATEL VED DINESHKUMAR,PKS,13.50,18.50,7.50,13.25,53.00,11.00,17.00,10.50,6.00,45.00,18.00,14.00,11.50,13.25,57.00,17.00,17.50,18.50,17.75,71.00,13.50,12.50,12.50,15.25,54.00,GUJ
483,FY2,IT,59,24002170210082,B3,PATEL YASH BHARATBHAI,IAM,15.50,14.00,10.50,15.00,55.00,13.00,13.50,5.00,10.25,42.00,11.00,14.50,11.00,13.75,51.00,17.50,10.50,17.00,15.00,60.00,21.50,15.50,17.00,17.25,72.00,GUJ
483,FY4,CSE,240,24002171210041,A8,DHAMELIYA DIPKUMAR NILESH B,VVP,11.50,13.00,7.00,12.50,44.00,16.00,17.50,14.00,11.25,59.00,18.00,12.50,12.00,15.75,59.00,16.50,15.00,17.50,15.25,65.00,17.50,13.00,9.00,13.50,53.00,GUJ
483,FY4,CSE,198,24002171210113,A7,PATEL PARTH BHUPESHBHAI,NPB,13.50,13.00,5.00,12.50,44.00,14.00,12.00,12.50,9.00,48.00,14.00,13.00,10.00,11.00,48.00,23.50,12.50,22.00,19.50,78.00,18.50,17.50,13.00,12.50,62.00,GUJ
483,FY4,CEA,193,24002171510001,A7,BHATIYA HARSH KALPESHKUMA,ARY,15.50,17.50,11.50,14.00,59.00,13.00,14.50,10.00,13.25,51.00,10.50,8.50,7.00,13.50,40.00,13.50,17.00,19.00,19.50,69.00,17.00,14.50,13.00,16.00,61.00,GUJ
483,FY5,CST,112,24002171310038,C4,GAMI MEGHKUMAR RAJESHBHA,AMS,11.50,12.50,8.00,7.75,40.00,15.50,20.50,16.00,15.50,68.00,9.00,8.00,11.00,15.00,43.00,17.00,16.00,17.00,20.50,71.00,11.00,15.50,14.00,17.00,58.00,GUJ
483,FY5,CST,101,24002171310060,C4,KAPADIA RAJVEE HIMANSHU,AMS,14.50,13.00,8.50,12.25,49.00,13.50,17.50,15.50,12.25,59.00,15.50,14.00,9.50,8.50,48.00,16.50,14.00,11.50,15.00,57.00,19.50,14.50,12.50,20.00,67.00,ENG
483,FY5,CST,124,24002171310127,C5,PUROHIT MAYUR DINESH,ARP,11.50,17.50,6.50,13.50,49.00,9.50,10.00,13.00,11.50,44.00,15.50,10.50,9.50,13.50,49.00,17.00,15.50,15.50,13.25,62.00,21.50,22.50,13.00,18.50,76.00,ENG
483,FY5,CSE_DS,53,24002171810017,C2,MEWADA HET KETANKUMAR,KPP,9.50,19.00,10.50,16.00,55.00,16.00,14.00,20.00,10.75,61.00,13.00,16.50,9.00,11.00,50.00,9.00,12.50,15.00,14.00,51.00,14.50,14.00,17.00,17.25,63.00,GUJ
492,FY1,CE,139,24002170110033,D5,"DHORAJIYA PARTH
PARESHBHAI",VRS,13.00,15.50,12.00,13.75,55.00,11.00,13.50,12.50,12.25,50.00,15.50,13.00,12.50,13.00,54.00,12.50,12.00,15.50,18.00,58.00,17.50,14.00,13.00,17.00,62.00,GUJ
492,FY1,AIML,95,24002170410043,D4,SATA ABHAY BHARAT,PKS,10.50,16.00,8.50,14.50,50.00,12.00,13.50,17.50,9.50,53.00,14.50,9.00,12.00,14.25,50.00,19.00,18.50,13.50,17.00,68.00,19.00,11.00,16.00,11.50,58.00,GUJ
492,FY2,AIDS,67,24002170510033,B3,"POSHIYA DARSHIT
MANSUKHBHAI",NRS,16.00,17.50,12.00,13.50,59.00,14.00,13.50,11.00,11.00,50.00,17.50,14.50,12.00,13.50,58.00,22.00,5.50,17.00,18.25,63.00,10.50,12.50,9.00,16.25,49.00,GUJ
492,FY4,CS&IT,223,24002171410010,A8,DHANANI TIRTH RAMJIBHAI,PAT,10.00,16.00,9.00,11.75,47.00,14.00,19.50,12.50,18.00,64.00,15.00,13.50,12.50,15.25,57.00,14.50,15.00,14.00,12.50,56.00,12.50,14.50,13.00,15.00,55.00,GUJ
492,FY5,CST,94,24002171310003,C4,ANJALI DUBEY,JAZ,13.50,16.00,7.00,14.25,51.00,9.50,16.00,11.50,10.75,48.00,7.50,16.50,16.00,14.00,54.00,13.50,15.00,15.50,13.00,57.00,19.00,11.50,16.50,21.50,69.00,ENG
492,FY5,CST,250,24002171310023,C9,DAVE HETAL JAYESHKUMAR,KGB,12.50,16.50,5.50,9.75,45.00,9.00,23.00,9.50,13.75,56.00,9.00,14.00,9.00,15.50,48.00,13.50,16.50,17.00,15.00,62.00,18.00,15.00,15.00,20.00,68.00,GUJ
492,FY5,CST,85,24002171310046,C3,JADAV DISHAN RITESHBHAI,KGB,13.50,16.50,8.00,14.75,53.00,10.50,16.00,11.00,8.75,47.00,14.00,14.00,15.50,12.75,57.00,13.50,11.00,12.50,16.00,53.00,19.00,16.00,15.50,18.00,69.00,GUJ
492,FY5,CSE_CYBER,89,24002171910001,C3,AMRUTIYA MAULI ASHVINBHAI,ADB,14.00,17.50,7.00,13.25,52.00,14.50,18.50,13.00,11.50,58.00,8.00,4.50,13.00,12.75,39.00,13.50,12.50,17.00,15.00,58.00,19.00,15.00,16.50,21.50,72.00,GUJ
500,FY1,CE,71,24002170110196,D3,VAJARIYA DHRUVIT KALPESH,DBP,12.50,21.50,8.00,12.50,55.00,16.00,18.00,13.00,10.50,58.00,16.00,12.50,15.00,13.75,58.00,7.50,11.50,15.00,13.50,48.00,16.00,14.50,12.00,16.50,59.00,GUJ
500,FY2,AIDS,93,24002170510040,B4,SINDHI AMAN KASAMBHAI,NRS,12.50,14.00,9.00,14.00,50.00,12.50,15.00,14.50,12.25,55.00,12.00,18.00,14.00,18.00,62.00,12.00,12.50,18.00,13.25,56.00,17.50,13.00,8.50,16.00,55.00,GUJ
500,FY4,CSE,148,24002171210162,A5,SAKHIYA NANDINI JAYESHBHAI,HSP,10.50,12.00,11.00,10.50,44.00,11.00,13.00,13.00,8.50,46.00,16.50,17.50,14.50,18.75,68.00,17.00,18.00,16.50,14.50,66.00,12.00,12.00,14.50,15.50,54.00,GUJ
500,FY5,CST,169,24002171310061,C6,KHOLIYA RAJVI VINODBHAI,DAS,12.00,14.00,8.00,14.25,49.00,8.50,10.00,8.00,12.75,40.00,10.00,7.00,13.50,8.75,40.00,16.50,15.50,14.50,18.00,65.00,21.00,22.00,19.50,21.50,84.00,GUJ
500,FY5,CST,46,24002171310163,C2,SONI AKHAND VIPULKUMAR,AMS,11.50,17.50,11.50,10.75,52.00,13.00,18.00,14.50,14.00,60.00,9.50,10.50,12.50,15.00,48.00,16.50,14.50,19.00,15.50,66.00,15.50,10.50,11.00,15.00,52.00,ENG
500,FY5,CSE_DS,132,24002171810028,C5,SIYA MEHTA,VHP,11.00,17.50,8.00,11.75,49.00,16.50,14.00,9.00,12.75,53.00,10.50,10.00,11.00,13.00,45.00,15.50,11.50,15.50,17.75,61.00,18.50,14.50,19.00,17.50,70.00,ENG
500,FY5,CSE_CYBER,99,24002171910008,C4,HET KISHOR VAGHJIYANI,VHP,10.50,22.50,8.00,10.75,52.00,13.00,13.50,10.00,11.75,49.00,11.50,13.00,10.00,7.75,43.00,16.50,12.50,13.00,15.50,58.00,18.00,20.00,17.00,20.50,76.00,ENG
507,FY4,CSE,99,24002171210048,A3,GADHIYA PRIYANSHI ASHVINBH,BPD,13.50,15.00,5.00,12.25,46.00,15.00,21.00,14.00,13.00,63.00,AB,14.00,14.00,17.75,46.00,15.00,16.50,15.00,13.50,60.00,16.00,16.50,12.50,16.50,62.00,GUJ
507,FY4,CSE,182,24002171210090,A6,MASHRU DEVAM JAYESH,ASA,12.50,14.50,10.50,15.25,53.00,14.00,11.50,13.50,13.50,53.00,14.50,8.00,12.00,13.75,49.00,13.50,14.00,17.50,15.00,60.00,18.00,14.00,12.00,17.50,62.00,ENG
507,FY5,CST,102,24002171310004,C4,ATHARVA MANAN SHAH,ARP,17.00,20.50,13.00,18.50,69.00,9.50,8.00,12.00,3.25,33.00,6.00,8.00,13.50,15.75,44.00,14.50,14.00,20.00,14.50,63.00,21.50,14.00,10.50,21.75,68.00,ENG
507,FY5,CST,155,24002171310005,C6,BAGADA JATIN RAMESHBHAI,ADB,16.00,17.00,9.50,15.25,58.00,12.50,11.50,10.50,9.75,45.00,7.00,9.50,13.00,13.50,43.00,19.00,17.00,16.00,16.50,69.00,14.50,18.00,11.00,18.00,62.00,GUJ
507,FY5,CST,129,24002171310062,C5,KOLHE DEVANSH MANISHKUMA,KGB,13.00,21.50,7.00,14.25,56.00,10.50,8.00,16.00,6.50,41.00,9.00,14.00,15.50,12.50,51.00,14.50,14.00,20.00,15.50,64.00,17.00,17.00,14.00,16.50,65.00,ENG
507,FY5,CST,126,24002171310115,C5,PATEL KRISH VIPULKUMAR,DHK,14.50,18.00,9.00,11.75,54.00,14.00,14.00,13.50,15.00,57.00,6.50,12.50,10.00,14.25,44.00,19.50,10.00,16.50,14.75,61.00,20.50,13.00,9.50,17.50,61.00,ENG
507,FY5,CSE_DS,79,24002171810013,C3,KARTIK ANEJA,AMS,15.50,20.00,13.00,13.50,62.00,10.50,15.00,9.00,2.50,37.00,9.00,11.50,9.00,8.75,39.00,15.50,22.50,20.00,17.00,75.00,12.50,20.50,14.00,17.00,64.00,Hindi
507,FY5,CSE_CYBER,151,24002171910011,C6,KHUJA MOHAMMADALI KASAM,KGB,11.50,16.50,11.50,12.50,52.00,12.00,10.50,21.00,10.00,54.00,14.50,11.50,9.50,17.50,53.00,12.00,15.50,14.00,14.00,56.00,14.50,19.50,15.00,12.50,62.00,GUJ
515,FY1,CE,204,24002170110160,D8,SARADVA YATRI PRAVINBHAI,PDB,11.00,17.50,6.50,13.25,49.00,11.00,18.00,17.50,15.00,62.00,13.50,12.00,10.00,15.75,52.00,11.50,15.50,14.00,16.75,58.00,15.50,11.50,10.00,17.50,55.00,GUJ
515,FY1,CE,163,24002170110179,D6,SOLANKI JAYDIP GAUTAMBHAI,PBS,9.00,19.00,9.50,12.50,50.00,11.00,19.50,13.00,AB,44.00,14.00,11.50,13.00,16.25,55.00,14.50,12.50,16.00,15.00,58.00,17.50,20.00,15.50,15.50,69.00,GUJ
515,FY1,CE,209,24002170110205,D8,ZALA YASH ASHVINKUMAR,VRS,10.00,20.00,5.00,9.50,45.00,9.50,16.00,18.00,8.25,52.00,16.50,14.50,10.00,14.75,56.00,18.00,11.00,15.50,15.50,60.00,15.00,16.00,11.50,20.00,63.00,GUJ
515,FY2,IT,133,24002170210100,B5,ROKAD MEET JAGDISHBHAI,AIG,11.50,14.50,6.50,10.00,43.00,12.00,18.50,15.00,10.50,56.00,15.50,21.50,13.50,14.00,65.00,18.00,13.50,16.50,15.00,63.00,13.50,14.00,11.50,9.50,49.00,GUJ
515,FY2,IT,85,24002170210129,B3,THESIYA HAPPY NATWARLAL,AIG,15.00,11.00,13.00,14.75,54.00,14.00,18.50,7.00,9.00,49.00,16.00,14.00,8.50,11.50,50.00,17.50,18.50,15.50,19.50,71.00,13.00,12.00,10.50,16.00,52.00,GUJ
515,FY4,CSE,91,24002171210155,A3,RAVAL HARSH SAMIR,PAT,11.00,15.50,12.50,12.25,52.00,7.00,16.00,7.50,10.00,41.00,16.00,13.50,10.50,15.50,56.00,14.50,18.50,19.00,16.00,68.00,20.50,10.00,15.50,12.75,59.00,ENG
515,FY4,CEA,173,24002171510008,A6,GHEVARIYA MANAVKUMAR GH A,MHM,13.00,11.50,12.00,12.50,49.00,16.50,14.50,13.00,10.75,55.00,14.50,13.50,9.50,14.00,52.00,21.00,12.50,15.50,15.00,64.00,20.00,12.00,9.00,14.50,56.00,GUJ
515,FY5,CST,142,24002171310040,C5,GODANI YASHVI NITESHBHAI,MDP,12.50,18.50,7.50,11.50,50.00,10.00,16.00,14.50,11.00,52.00,9.00,10.00,14.50,14.25,48.00,17.00,14.00,17.00,19.00,67.00,15.50,9.50,14.00,19.50,59.00,GUJ
515,FY5,CST,51,24002171310092,C2,PATEL YASHKUMAR GHANSHYA,JRC,14.50,20.50,8.00,16.25,60.00,11.50,15.50,11.00,14.25,53.00,10.00,16.00,8.00,11.75,46.00,15.50,13.00,15.00,14.50,58.00,12.00,17.00,13.00,16.50,59.00,GUJ
524,FY2,IT,189,24002170210006,B7,"BRAHMANIYA ROSHANI
SURESHBHAI",YRP,8.00,14.50,4.50,11.50,39.00,16.00,20.00,15.00,20.50,72.00,11.50,16.00,9.00,15.25,52.00,17.00,13.50,13.00,12.50,56.00,11.50,16.50,16.00,12.00,56.00,GUJ
524,FY2,IT,43,24002170210085,B2,PATEL HEEYA RAJESHBHAI,AIG,11.50,15.50,9.00,12.00,48.00,12.50,18.00,15.50,10.50,57.00,13.00,15.50,11.00,13.50,53.00,17.00,14.50,19.50,17.00,68.00,13.50,18.00,7.00,10.00,49.00,ENG
524,FY2,IT,98,24002170210095,B4,RANA PRATIK KANUBHAI,YRP,11.50,15.50,10.50,13.00,51.00,11.50,18.50,12.00,10.25,53.00,12.50,10.50,12.50,21.50,57.00,13.50,15.00,15.50,17.00,61.00,14.50,12.00,12.50,13.50,53.00,GUJ
524,FY2,IT,50,24002170210099,B2,RATHOD KRISH VIJAYKUMAR,AIG,16.50,15.50,11.00,16.00,59.00,11.00,18.00,10.50,12.00,52.00,15.00,15.50,15.00,12.75,59.00,12.00,13.00,18.00,15.25,59.00,12.00,10.00,6.00,17.50,46.00,ENG
524,FY2,AIDS,139,24002170510038,B5,"SATANI KRUPABEN
SUBHASHBHAI",NRS,10.50,12.00,10.00,11.50,44.00,11.50,7.00,12.00,10.75,42.00,17.00,16.50,12.00,11.75,58.00,12.50,15.50,19.00,19.50,67.00,17.00,17.00,14.00,15.50,64.00,GUJ
524,FY4,CS&IT,235,24002171410039,A8,SEVAK KUSH HEMANTBHAI,PAT,13.50,17.50,9.50,11.75,53.00,16.50,16.00,7.00,11.00,51.00,9.00,17.50,16.00,15.50,58.00,20.00,12.00,14.00,14.00,60.00,14.00,9.00,15.00,15.00,53.00,ENG
524,FY5,CST,98,24002171310091,C4,PATEL JAYNIL KAMLESHBHAI,MDP,13.00,14.00,9.00,9.75,46.00,14.00,17.50,14.00,14.75,61.00,14.00,15.00,14.00,14.00,57.00,13.00,12.00,17.00,13.50,56.00,15.50,14.00,12.00,13.50,55.00,GUJ
524,FY5,CST,82,24002171310156,C3,SHAIKH MUZAMMIL ABDUL KHA,DHK,14.50,17.00,6.00,11.75,50.00,11.50,21.00,13.50,12.00,58.00,10.50,9.50,5.50,9.50,35.00,21.00,12.50,15.00,15.75,65.00,20.00,16.00,12.00,19.00,67.00,ENG
524,FY5,CSE_DS,223,24002171810002,C8,ARYAN CHHATRODIYA,ARP,11.50,15.00,7.00,9.00,43.00,10.50,20.50,17.00,10.25,59.00,13.50,11.00,15.00,13.25,53.00,16.00,12.00,18.50,14.00,61.00,15.00,14.00,12.00,17.50,59.00,ENG
524,FY5,BIOTECH,266,24002172110001,C10,BHATT MEET SHAILESHKUMAR,AMS,10.50,20.00,9.00,12.25,52.00,14.00,14.00,10.00,13.50,52.00,15.00,22.00,16.00,10.50,64.00,16.00,12.50,13.00,16.25,58.00,13.50,9.00,13.00,13.00,49.00,GUJ
534,FY1,CE,132,24002170110014,D5,"BHALANI PRUSHTI
CHETANBHAI",DJU,12.50,17.00,8.50,10.00,48.00,11.00,10.50,7.50,14.00,43.00,17.50,13.00,12.50,16.75,60.00,15.00,14.00,14.00,17.00,60.00,14.00,19.00,14.00,15.50,63.00,ENG
534,FY1,CE,120,24002170110168,D5,SHAH AATMAN HARSH,VSA,11.50,18.00,7.50,10.25,48.00,8.00,16.50,12.50,11.75,49.00,15.50,17.50,9.00,14.50,57.00,15.00,13.50,11.00,10.00,50.00,15.50,20.00,14.00,19.75,70.00,ENG
534,FY2,IT,48,24002170210056,B2,MISTRY NIRAV MAHESHBHAI,YRP,13.50,17.50,7.00,16.00,54.00,AB,24.00,11.00,12.00,47.00,11.50,14.00,16.00,10.25,52.00,14.50,13.50,20.00,20.25,69.00,11.50,17.50,7.50,15.50,52.00,GUJ
534,FY4,CS&IT,187,24002171410012,A6,GAJERA MOKSHANG RITESHBHA,PAT,14.00,15.00,7.50,9.50,46.00,11.50,15.50,13.00,14.00,54.00,18.50,16.00,10.00,10.00,55.00,18.00,15.00,16.00,16.50,66.00,14.00,10.00,15.00,14.00,53.00,ENG
534,FY5,CSE_AI,115,24002171710017,C4,PATEL DEVANSH BABUBHAI,DHK,11.00,16.50,7.50,9.75,45.00,9.00,20.00,15.00,12.50,57.00,14.00,14.50,10.50,15.25,55.00,16.00,13.50,15.00,16.50,61.00,13.00,8.50,15.00,19.50,56.00,ENG
534,FY5,CSE_CYBER,122,24002171910013,C5,MAKWANA DHARMI NARENDRA,ADB,8.00,18.00,9.00,11.75,47.00,15.50,16.00,11.00,14.50,57.00,12.00,16.00,13.00,15.25,57.00,13.00,14.50,10.50,14.50,53.00,11.50,13.50,22.00,13.00,60.00,GUJ
540,FY1,CE,211,24002170110192,D8,"VAGHASIYA PRINCE
DALASUKHBHAI",DBP,9.00,13.50,7.00,11.75,42.00,9.50,17.50,17.00,11.75,56.00,14.00,10.50,10.00,17.50,52.00,17.50,13.50,15.00,17.50,64.00,12.50,17.00,9.00,19.75,59.00,GUJ
540,FY1,AIML,25,24002170410040,D1,RANGWALA TAHER MURTAZA,PKS,18.00,13.50,AB,21.25,53.00,14.00,23.50,AB,18.00,56.00,15.00,16.00,AB,18.50,50.00,16.50,17.50,AB,17.25,52.00,23.50,22.50,AB,15.50,62.00,ENG
540,FY4,CEA,213,24002171510007,A7,GHEVARIYA DHRUV ARVINDBH A,RMP,12.50,16.50,12.00,10.00,51.00,12.50,16.50,6.50,8.50,44.00,16.00,17.00,14.00,12.50,60.00,21.50,14.50,19.00,14.50,70.00,18.00,9.00,10.00,10.50,48.00,GUJ
540,FY5,CSE_DS,170,24002171810008,C6,FICHADIYA ARYAN MAYURBHAI,DHK,13.00,18.00,13.00,10.75,55.00,10.50,11.00,14.00,13.50,49.00,15.00,9.00,6.00,13.50,44.00,18.00,11.00,16.50,16.75,63.00,13.50,15.00,17.00,16.50,62.00,ENG
544,FY2,CSD,109,24002170310009,B4,"KHANPARA MADHVI
NILESHKUMAR",NRS,13.50,11.50,8.00,16.00,49.00,9.50,19.00,11.50,9.50,50.00,10.00,12.00,12.00,14.50,49.00,14.50,11.50,13.00,18.50,58.00,19.50,17.00,12.50,16.75,66.00,ENG
544,FY4,CSE,206,24002171210132,A7,PATEL BRINDA RAMESHBHAI,ASA,11.00,15.50,6.50,9.00,42.00,11.00,6.50,11.00,11.75,41.00,17.00,15.50,12.00,19.00,64.00,20.00,13.50,14.00,20.00,68.00,16.50,10.00,14.50,15.50,57.00,GUJ
544,FY5,CST,143,24002171310076,C5,MANSURI MOHAMMADAFTAB FI R,VHP,15.00,21.00,8.00,15.25,60.00,11.50,15.00,11.50,14.50,53.00,11.00,11.00,9.50,17.25,49.00,13.00,14.50,15.00,12.00,55.00,16.00,9.00,10.00,20.00,55.00,GUJ
547,FY1,CE,123,24002170110135,D5,PATEL MANSHI ASHWINBHAI,PBS,12.00,14.00,7.50,9.75,44.00,15.00,17.00,13.00,10.00,55.00,16.50,13.50,11.50,13.25,55.00,17.50,12.00,19.00,13.50,62.00,9.00,13.50,14.00,17.75,55.00,GUJ
547,FY1,CE,136,24002170110181,D5,"SUTHAR NAKSHATRA
HEMANTKUMAR",PVV,11.50,20.50,6.00,13.00,51.00,10.50,14.00,11.50,9.75,46.00,19.00,12.00,11.00,13.25,56.00,19.00,13.50,15.00,12.50,60.00,15.50,10.50,11.50,20.25,58.00,GUJ
547,FY4,CSE,219,24002171210092,A7,MEHTA PALASH BHASKARBHAI,BPD,11.00,17.00,6.50,16.00,51.00,7.00,AB,15.50,9.50,32.00,16.50,16.00,10.00,12.50,55.00,14.50,16.50,19.00,17.25,68.00,17.00,16.50,12.50,18.50,65.00,GUJ
547,FY4,CSE,172,24002171210168,A6,SAVALIYA RAVI BHAVESHBHAI,HSP,12.50,14.50,13.50,13.50,54.00,10.50,23.00,12.00,7.75,54.00,12.50,7.00,8.50,14.75,43.00,13.00,20.50,17.50,16.50,68.00,15.50,17.00,7.50,11.75,52.00,GUJ
551,FY1,CE,182,24002170110204,D7,"VORA RISHIKUMAR
RAMESHBHAI",DJU,12.00,17.50,7.50,10.75,48.00,12.00,16.00,11.50,6.50,46.00,9.00,15.50,13.00,12.25,50.00,9.00,15.50,17.00,17.75,60.00,15.50,18.00,14.00,18.00,66.00,GUJ
551,FY2,IT,94,24002170210087,B4,"PATEL SACHIN
KAMLESHKUMAR",AIG,11.00,14.50,9.50,10.50,46.00,11.00,15.00,10.50,10.50,47.00,15.00,12.00,13.00,14.00,54.00,16.50,14.00,16.50,16.25,64.00,19.00,13.00,11.50,15.00,59.00,GUJ
551,FY4,CS&IT,197,24002171410044,A7,SHAIKH TANVIR MAZHAR,MHM,14.50,18.00,8.00,11.75,53.00,6.00,11.00,14.50,8.00,40.00,14.00,19.00,11.00,13.50,58.00,15.50,17.00,17.00,16.50,66.00,15.50,9.50,10.00,18.00,53.00,ENG
551,FY5,CST,141,24002171310093,C5,PATEL KEYANKUMAR JIGNESHB,KPP,11.50,15.50,10.00,12.00,49.00,13.00,14.50,16.00,10.50,54.00,13.00,15.50,9.50,14.25,53.00,17.50,16.50,15.00,14.00,63.00,20.50,11.00,8.00,11.50,51.00,GUJ
551,FY5,CST,131,24002171310147,C5,SHAH DIYA DHRUVINKUMAR,MDP,12.00,15.00,12.50,11.00,51.00,14.50,19.00,10.50,14.50,59.00,15.50,9.50,8.00,15.75,49.00,17.00,11.00,16.50,12.75,58.00,13.00,13.50,12.50,14.00,53.00,ENG
556,FY1,CE,124,24002170110142,D5,PATEL HANI VASANTBHAI,PDB,14.50,20.00,9.00,11.00,55.00,10.50,12.00,8.50,15.00,46.00,16.00,12.50,11.50,10.00,50.00,9.00,17.00,20.50,9.75,57.00,17.50,9.00,17.00,17.25,61.00,GUJ
557,FY1,CE,48,24002170110078,D2,"KHATRI MOHMADKAIF
ABDULRAZAK",PVV,14.50,22.50,11.50,14.75,64.00,7.50,16.50,8.00,11.50,44.00,17.50,11.50,10.50,8.00,48.00,14.50,17.50,14.00,13.50,60.00,15.00,14.00,11.00,11.75,52.00,GUJ
557,FY1,AIML,171,24002170410029,D6,"PANCHAL VISHAKHA
JAGDISHBHAI",DBP,13.00,11.50,8.00,10.50,43.00,10.00,20.00,12.00,13.00,55.00,13.00,17.50,12.50,11.25,55.00,15.00,11.00,17.00,16.50,60.00,14.50,12.50,11.00,16.25,55.00,GUJ
557,FY4,CSE,120,24002171210146,A4,RABARA RUTU SANJAYBHAI,VVP,12.50,16.00,9.00,9.00,47.00,16.50,15.50,10.00,7.00,49.00,12.00,16.50,11.00,14.25,54.00,20.00,11.00,17.00,19.00,67.00,14.00,9.00,10.00,17.25,51.00,GUJ
557,FY5,CST,54,24002171310069,C2,LAKHATARIYA RAHUL NAGINBH,MDP,11.50,19.50,8.00,10.75,50.00,18.50,14.50,17.50,10.75,62.00,11.00,12.50,12.50,11.75,48.00,14.00,12.50,19.50,17.00,63.00,12.50,11.00,12.00,9.50,45.00,GUJ
557,FY5,CST,174,24002171310086,C6,NAYAN BHATU,KPP,11.50,17.50,6.50,12.50,48.00,7.00,10.00,7.50,13.00,38.00,11.50,12.50,14.00,14.00,52.00,15.50,18.00,15.00,10.00,59.00,23.00,17.50,13.00,17.00,71.00,ENG
557,FY5,CST,192,24002171310108,C7,PATEL PRINCY PARESHKUMAR,DHK,10.00,13.00,8.50,10.75,43.00,15.00,19.00,12.00,13.50,60.00,10.50,17.00,13.00,14.75,56.00,15.50,13.50,16.50,14.00,60.00,10.00,15.50,9.00,14.50,49.00,GUJ
563,FY1,CE,167,24002170110170,D6,SHASTRI MITANSH SHRENIK,RDR,11.00,16.00,6.50,12.00,46.00,10.50,22.50,15.00,9.75,58.00,14.00,12.50,10.00,12.75,50.00,15.50,14.00,11.00,16.75,58.00,10.00,20.00,11.00,14.00,55.00,ENG
563,FY2,CSD,107,24002170310012,B4,PARMAR PRITESH GUNAVANTBH,IAM,16.00,12.00,10.50,12.50,51.00,11.00,15.00,13.00,6.50,46.00,14.50,7.00,14.00,12.50,48.00,17.50,13.50,18.50,19.25,69.00,10.50,20.00,8.00,14.00,53.00,GUJ
563,FY4,CS&IT,188,24002171410035,A6,RAVAL JAY HARSHADBHAI,PJD,11.00,11.00,6.50,11.00,40.00,10.00,13.00,11.50,9.75,45.00,10.50,19.00,11.50,16.25,58.00,15.50,17.00,17.00,16.00,66.00,16.50,18.50,7.00,16.00,58.00,GUJ
563,FY4,CEA,183,24002171510029,A6,SHINGALA DARSHIT NIKUNJBHA,BPD,15.00,17.00,9.00,11.25,53.00,7.50,20.00,16.00,6.50,50.00,12.50,11.00,9.00,14.00,47.00,12.50,14.00,12.50,18.25,58.00,15.50,11.00,13.50,19.00,59.00,ENG
563,FY5,CST,114,24002171310035,C4,GADHIA ANSH SHRIKANT,DAS,11.00,19.50,9.50,9.75,50.00,15.50,4.50,15.00,11.75,47.00,11.00,10.50,13.00,17.25,52.00,13.50,13.00,18.50,16.00,61.00,15.00,10.50,11.00,20.25,57.00,ENG
568,FY1,CE,89,24002170110019,D4,"BHINGRADIYA LAKSH
LALITBHAI",VRS,11.00,15.00,7.00,10.00,43.00,16.50,10.50,13.00,13.50,54.00,17.50,10.50,9.00,15.50,53.00,12.50,15.00,17.00,15.50,60.00,15.50,13.00,14.00,13.25,56.00,GUJ
568,FY1,CE,70,24002170110084,D3,MANAV RAKHOLIYA,VSA,14.50,16.00,9.50,12.00,52.00,5.50,9.50,12.00,10.00,37.00,19.00,9.00,11.00,17.00,56.00,19.00,15.00,16.00,13.50,64.00,16.00,17.00,8.50,15.50,57.00,ENG
568,FY1,AIML,131,24002170410028,D5,"PANCHAL HARSHIL
VIRALKUMAR",DBP,14.00,13.50,12.50,14.50,55.00,12.00,17.50,13.00,6.75,50.00,10.50,11.00,10.50,15.00,47.00,8.50,14.00,18.00,17.50,58.00,11.50,15.00,9.00,20.25,56.00,ENG
568,FY2,IT,81,24002170210128,B3,THAKKAR DIYA NITINKUMAR,MMT,15.00,13.50,10.00,13.75,53.00,9.50,17.50,8.50,13.00,49.00,13.50,8.00,11.50,11.25,45.00,14.50,15.50,15.00,16.50,62.00,19.00,12.00,11.50,14.00,57.00,GUJ
568,FY2,AIDS,70,24002170510018,B3,KALAL DHRUVIBEN BHARATBHA,YRP,14.00,15.00,9.00,13.50,52.00,18.50,8.00,10.00,17.50,54.00,8.00,10.00,12.50,9.75,41.00,18.50,11.50,16.00,13.00,59.00,16.50,17.00,13.50,12.75,60.00,GUJ
568,FY5,CST,108,24002171310149,C4,SHAH JINANG PRAMIT,KPP,11.50,15.00,6.50,13.25,47.00,17.50,13.00,8.00,11.00,50.00,14.00,7.00,11.50,14.75,48.00,17.50,12.00,15.00,15.25,60.00,15.50,11.00,15.00,19.00,61.00,ENG
574,FY1,CE,117,24002170110108,D5,PANDYA YASH VIJAYKUMAR,RDR,12.50,13.00,9.50,10.75,46.00,12.00,16.00,17.00,16.00,61.00,11.50,13.00,15.00,17.00,57.00,18.00,12.00,14.50,17.00,62.00,9.50,9.50,8.00,11.50,39.00,GUJ
574,FY5,CST,134,24002171310169,C5,THAKKAR DHRUVI NILESH,AMS,12.00,15.00,9.00,15.50,52.00,8.00,14.00,13.00,14.00,49.00,10.00,8.50,11.00,17.00,47.00,18.50,12.50,14.00,14.25,60.00,15.00,16.00,8.00,17.50,57.00,ENG
574,FY5,CSE_AI,139,24002171710029,C5,SHARMA PRIYANKA PRADIPKUM,JRC,11.50,17.50,7.50,10.75,48.00,11.00,17.50,13.50,14.00,56.00,12.00,5.00,8.50,13.00,39.00,15.50,12.00,16.00,15.00,59.00,20.00,14.50,15.00,13.50,63.00,ENG
577,FY1,CE,127,24002170110022,D5,BHUVA JAY VIPULBHAI,RDR,12.50,11.50,10.50,10.50,45.00,14.00,12.00,4.50,15.25,46.00,17.00,11.50,11.00,13.50,53.00,13.00,13.50,16.00,18.50,61.00,13.50,18.50,7.50,19.25,59.00,GUJ
577,FY1,CE,173,24002170110037,D6,DODIYA KALP JIGAR,PBS,14.00,21.00,10.50,14.50,60.00,14.50,18.00,5.50,8.50,47.00,14.00,11.50,6.50,8.50,41.00,11.00,13.00,16.50,19.50,60.00,18.00,11.00,11.50,15.50,56.00,GUJ
577,FY1,CE,145,24002170110043,D5,GOHEL SUMIT KANAIYALAL,PKS,8.00,14.50,7.50,8.25,39.00,12.00,11.50,7.00,14.75,46.00,19.50,17.50,13.00,15.00,65.00,16.50,15.00,15.50,17.00,64.00,13.50,12.50,10.50,13.25,50.00,GUJ
577,FY1,CE,208,24002170110155,D8,RAIYANI KRISH CHETANBHAI,PDB,10.00,16.00,9.50,8.50,44.00,6.00,14.00,14.50,11.50,46.00,14.50,17.00,10.00,12.25,54.00,13.50,15.50,15.50,14.00,59.00,17.00,15.00,10.50,18.25,61.00,GUJ
577,FY1,AIML,172,24002170410019,D6,"MAKWANA VISHVAJITSINH
VANRAJSINH",DJU,11.00,20.50,8.50,9.75,50.00,11.50,16.00,12.50,10.00,50.00,10.00,12.50,12.50,12.50,48.00,13.00,12.00,17.50,16.50,59.00,11.50,22.00,12.00,10.75,57.00,GUJ
577,FY2,IT,69,24002170210010,B3,"CHAUHAN DHRUV
RAJESHKUMAR",JPM,12.50,16.00,9.50,11.75,50.00,15.50,18.50,11.50,13.00,59.00,14.00,15.50,9.00,15.00,54.00,14.50,12.00,12.50,14.00,53.00,12.50,14.50,9.00,11.75,48.00,GUJ
583,FY1,CE,168,24002170110098,D6,"NAKUM KHUSHBU
RAMESHBHAI",VSA,8.50,15.50,8.00,7.00,39.00,12.50,21.00,11.50,18.50,64.00,21.00,9.00,13.00,10.25,54.00,13.00,11.50,14.00,16.50,55.00,11.50,15.50,9.00,15.00,51.00,GUJ
583,FY2,CSD,102,24002170310016,B4,PRINCE DIPESHBHAI PAWAR,MMT,13.50,15.50,13.50,14.75,58.00,13.00,10.50,9.00,9.00,42.00,11.50,13.00,11.00,18.00,54.00,10.00,9.00,17.00,20.50,57.00,12.50,11.50,12.00,15.50,52.00,ENG
585,FY1,CE,233,24002170110201,D9,"VASANI DARSHIT
HIMANSHUBHAI",PBS,6.50,14.50,7.00,8.50,37.00,6.00,10.50,10.00,3.00,30.00,14.00,15.50,21.00,15.50,66.00,16.00,12.00,12.50,17.00,58.00,18.50,23.00,15.50,13.50,71.00,ENG
585,FY1,AIML,157,24002170410044,D6,"SATASIYA YAGNIKBHAI
RAJESHBHAI",RDR,10.00,11.50,7.50,13.25,43.00,8.00,16.00,9.50,13.50,47.00,18.00,14.50,9.00,14.00,56.00,10.50,17.50,14.00,15.00,57.00,20.00,13.50,11.00,14.00,59.00,GUJ
585,FY2,IT,123,24002170210013,B5,"DAFTARY DHYEY
MITESHKUMAR",MMT,11.00,17.50,5.00,12.00,46.00,11.50,12.00,8.00,11.50,43.00,15.00,12.50,15.50,14.25,58.00,11.00,13.00,12.50,12.75,50.00,19.00,9.50,17.50,18.75,65.00,GUJ
585,FY4,CS&IT,210,24002171410020,A7,LUKHI OM ARVINDBHAI,NPB,14.50,16.50,9.00,5.75,46.00,9.00,12.50,11.00,6.50,39.00,19.00,11.50,9.00,14.75,55.00,17.00,13.00,15.00,16.00,61.00,15.50,14.00,16.00,15.50,61.00,GUJ
585,FY5,CST,229,24002171310015,C8,CHATROLA PARTH DINESHBHAI,KPP,12.00,17.00,8.00,9.25,47.00,14.00,16.00,17.00,9.50,57.00,12.50,8.50,14.50,8.50,44.00,15.00,11.50,17.00,17.00,61.00,18.50,11.50,8.00,14.75,53.00,GUJ
585,FY5,CST,209,24002171310048,C8,JAGODANA DIVYESH HITESHKU M,VHP,10.00,12.50,7.50,8.50,39.00,11.00,13.00,16.50,17.00,58.00,10.50,13.00,14.50,15.25,54.00,9.50,12.00,18.00,16.00,56.00,15.50,13.00,12.50,14.00,55.00,GUJ
585,FY5,CSE_CYBER,66,24002171910020,C3,TIWARI HARSHIT,VHP,11.00,21.00,9.00,12.75,54.00,8.00,6.00,10.00,9.50,34.00,11.50,8.50,15.00,9.25,45.00,18.00,14.50,16.00,11.00,60.00,21.00,12.00,17.00,19.00,69.00,ENG
592,FY1,CE,151,24002170110136,D6,PATEL SAHIL RAJESHBHAI,DBP,16.00,18.00,5.00,11.75,51.00,11.00,15.50,15.50,5.50,48.00,16.00,12.50,11.00,14.25,54.00,15.00,13.00,14.00,16.00,58.00,13.50,12.00,9.50,14.25,50.00,ENG
592,FY2,IT,110,24002170210092,B4,PRAJAPATI ABHISHEK RAKESH,MMT,13.50,11.50,8.00,12.50,46.00,15.00,19.50,11.00,5.00,51.00,14.00,10.50,13.00,12.75,51.00,15.00,14.50,17.50,11.00,58.00,16.50,15.00,11.00,12.50,55.00,ENG
592,FY4,CS&IT,228,24002171410025,A8,PATEL AKSHAR NARESHBHAI,VVP,11.00,13.00,8.50,12.25,45.00,10.00,15.50,16.50,11.00,53.00,15.00,15.50,14.00,12.00,57.00,18.00,11.50,14.00,13.50,57.00,8.00,11.50,16.00,13.00,49.00,GUJ
595,FY1,CE,195,24002170110025,D7,BORAD JENSI PARESHBHAI,PKS,10.50,15.00,8.50,10.25,45.00,12.00,17.50,11.00,15.00,56.00,14.00,14.50,14.50,18.25,62.00,11.00,13.50,14.00,14.00,53.00,11.50,10.00,8.00,14.50,44.00,GUJ
595,FY2,IT,57,24002170210018,B2,DOBARIA HARSH KISHORBHAI,AIG,12.50,17.50,9.00,12.25,52.00,11.00,7.00,10.00,11.50,40.00,16.00,14.50,9.50,18.50,59.00,13.00,15.00,12.00,15.25,56.00,12.50,16.50,11.00,13.00,53.00,ENG
595,FY2,IT,91,24002170210084,B4,PATEL ANSH VIRENDRAKUMAR,YRP,12.50,12.50,8.00,14.25,48.00,9.00,8.50,13.00,8.25,39.00,18.50,14.00,11.50,13.00,57.00,19.50,12.50,14.00,18.00,64.00,14.00,15.00,9.50,13.50,52.00,GUJ
595,FY2,IT,76,24002170210125,B3,TALSANIYA NISARGKUMAR AMI,IAM,13.00,13.50,8.50,10.00,45.00,12.00,13.50,9.50,8.00,43.00,15.50,16.00,11.50,11.50,55.00,11.50,17.50,14.50,18.00,62.00,16.50,12.00,10.50,15.50,55.00,GUJ
595,FY5,CSE_AI,100,24002171710016,C4,MUNSHI SIBTAINHAIDAR ZAHIR A,ADB,16.50,17.00,9.00,11.50,54.00,7.50,16.00,13.00,9.75,47.00,9.50,11.00,14.50,7.75,43.00,19.00,12.00,12.00,16.75,60.00,14.00,13.00,15.00,13.50,56.00,GUJ
595,FY5,CSE_CYBER,157,24002171910018,C6,PRAJAPATI MIHIRKUMAR ASHOK,ARP,8.50,18.00,9.50,12.25,49.00,14.50,15.00,13.00,8.50,51.00,10.50,11.00,11.50,9.25,43.00,13.00,11.50,11.00,17.25,53.00,16.00,15.00,14.00,18.50,64.00,ENG
601,FY1,CE,179,24002170110145,D7,PATEL MAHIN MANISHKUMAR,VRS,10.00,15.00,9.50,8.75,44.00,12.50,15.50,15.50,8.50,52.00,17.00,10.00,17.00,13.25,58.00,17.00,13.00,15.50,17.00,63.00,9.00,8.00,10.00,14.50,42.00,GUJ
601,FY1,AIML,191,24002170410012,D7,JOLAPARA SHREYA SHEETAL,DBP,14.50,19.00,10.00,14.00,58.00,12.50,10.00,13.00,11.50,47.00,8.00,11.50,12.00,11.75,44.00,13.50,10.00,11.00,10.00,45.00,18.50,18.00,8.50,20.00,65.00,ENG
601,FY4,CS&IT,249,24002171410013,A8,GOHIL JENISH SANJAYBHAI,RMP,14.50,17.00,11.50,16.00,59.00,7.50,8.50,13.00,13.00,42.00,10.50,11.00,9.50,15.50,47.00,15.00,14.00,15.00,17.00,61.00,15.00,12.00,13.00,9.50,50.00,ENG
601,FY4,CS&IT,244,24002171410034,A8,RABARI NISHIT VISHNUBHAI,HSP,6.50,13.50,9.00,11.00,40.00,17.50,25.00,19.50,17.00,79.00,12.50,10.00,9.50,12.50,45.00,17.50,11.50,9.00,16.50,55.00,13.50,6.00,8.00,12.00,40.00,GUJ
601,FY4,CEA,237,24002171510020,A8,MEHTA MAHIPAL BHARATBHAI,RMP,7.00,14.50,12.50,9.75,44.00,13.00,19.00,15.00,7.00,54.00,14.00,12.00,11.50,13.75,52.00,4.50,14.00,19.00,16.50,54.00,19.00,14.50,10.00,11.00,55.00,GUJ
601,FY5,CSE_AI,106,24002171710024,C4,PATEL VRUSHI JAYESHBHAI,JRC,13.50,18.50,10.00,11.50,54.00,9.00,10.00,11.00,15.50,46.00,13.50,7.50,11.50,11.50,44.00,17.50,14.50,15.00,13.75,61.00,17.00,9.50,14.00,13.50,54.00,GUJ
607,FY1,CE,217,24002170110162,D8,"SAVALIYA VARSHIL
KISHORBHAI",RDR,9.50,19.00,7.00,7.75,44.00,11.50,10.00,11.00,6.25,39.00,14.00,10.50,14.00,9.50,48.00,20.00,18.50,14.50,20.00,73.00,15.00,12.00,14.50,11.75,54.00,GUJ
607,FY2,IT,88,24002170210076,B4,PATEL PRINCE MANUBHAI,MMT,16.50,21.50,11.00,15.00,64.00,8.50,14.00,13.00,6.50,42.00,13.00,9.50,5.50,12.00,40.00,16.50,15.00,18.50,16.25,67.00,17.50,9.00,9.50,9.00,45.00,GUJ
607,FY2,IT,66,24002170210091,B3,"PRAJAPATI RIDHAM
NAILESHBHAI",JPM,15.50,14.00,8.00,13.50,51.00,12.00,13.00,7.00,7.00,39.00,13.00,13.00,11.50,17.25,55.00,10.50,15.50,17.50,12.50,56.00,18.00,14.50,13.00,11.50,57.00,GUJ
607,FY2,AIDS,90,24002170510039,B4,"SHAH ATHARVA
NAVEENKUMAR",NRS,13.50,18.50,7.50,15.75,56.00,7.50,14.00,10.50,12.25,45.00,11.00,8.00,7.00,13.25,40.00,11.50,15.50,14.50,21.00,63.00,16.00,13.00,9.50,15.00,54.00,ENG
607,FY4,CSE,251,24002171210078,A8,KIKANI KRISHNA PARESHBHAI,VVV,11.00,13.00,5.50,8.00,38.00,11.00,14.50,10.00,9.25,45.00,14.50,12.50,10.50,18.00,56.00,17.00,16.00,16.00,19.00,68.00,13.00,8.50,13.00,16.00,51.00,GUJ
607,FY4,CSE,137,24002171210109,A5,PARMAR MEET MANISHKUMAR,MHM,16.00,18.00,7.50,11.00,53.00,17.00,8.00,11.50,7.50,44.00,10.00,14.50,7.00,12.00,44.00,18.50,18.00,16.50,16.00,69.00,16.00,7.00,10.00,14.50,48.00,GUJ
607,FY4,CSE,199,24002171210207,A7,VYAS MAHARSHI BHARGAV,PAT,10.50,15.50,11.50,12.75,51.00,8.00,13.00,13.00,12.50,47.00,14.50,14.50,5.50,14.50,49.00,12.50,13.00,13.00,20.50,59.00,10.00,15.00,11.50,15.50,52.00,GUJ
607,FY5,CST,111,24002171310058,C4,KALDAR BREHAN MZUBER,ADB,13.50,16.50,8.00,12.50,51.00,10.50,13.50,14.00,10.00,48.00,8.50,13.00,9.50,13.25,45.00,10.50,9.00,14.50,17.00,51.00,19.00,12.00,12.50,19.00,63.00,ENG
607,FY5,CST,71,24002171310164,C3,SONI KHUSHI VINAY,DHK,12.00,14.50,10.50,9.75,47.00,13.00,17.50,14.00,12.50,57.00,9.50,10.00,11.00,10.00,41.00,17.50,11.00,19.00,13.50,61.00,15.00,11.00,11.00,15.00,52.00,ENG
607,FY5,CSE_AI,73,24002171710033,C3,ZARA AMITBHAI PANJVANI,JRC,13.00,18.00,10.00,11.50,53.00,9.00,12.00,10.00,9.25,41.00,7.00,16.00,15.00,14.25,53.00,11.50,9.00,15.00,17.50,53.00,13.00,11.00,19.00,14.50,58.00,ENG
617,FY1,AIML,137,24002170410047,D5,SHAH URVA JIGNESHBHAI,RDR,12.00,8.50,7.50,12.50,41.00,15.00,12.50,17.50,7.50,53.00,15.00,15.00,16.00,13.25,60.00,18.50,14.00,14.50,13.00,60.00,9.50,11.00,10.00,12.50,43.00,ENG
617,FY2,IT,111,24002170210031,B4,JILKA PREM NITESHKUMAR,PVS,14.50,17.50,6.50,13.25,52.00,10.00,13.00,7.00,4.50,35.00,12.00,15.50,11.50,14.75,54.00,16.00,16.50,18.50,18.75,70.00,13.50,11.50,11.00,9.50,46.00,GUJ
617,FY2,IT,83,24002170210047,B3,MAHI SHAILESH THAKKAR,YRP,9.00,12.00,6.00,8.75,36.00,16.00,17.00,9.00,17.50,60.00,15.00,11.50,11.50,14.00,52.00,17.50,11.00,11.50,13.25,54.00,18.50,13.50,11.50,11.00,55.00,ENG
617,FY2,AIDS,113,24002170510034,B4,PRAJWAL NANDISH KUBASAD,AIG,14.50,12.50,11.50,15.75,55.00,14.50,13.00,10.00,9.50,47.00,15.00,15.50,13.50,12.25,57.00,16.50,13.50,14.50,13.75,59.00,10.50,9.00,3.00,15.75,39.00,ENG
617,FY4,CS&IT,288,24002171410022,A10,"PADHARSHI SAJIDBHAI
SIKANDARBHAI",VVP,12.00,14.50,9.00,10.00,46.00,12.50,17.50,15.00,13.00,58.00,5.50,15.50,12.00,13.50,47.00,14.50,10.00,16.00,17.00,58.00,9.00,11.00,12.00,15.75,48.00,GUJ
617,FY5,CSE_BIO,267,24002172010001,C10,SHAH DIYA SHAILEN,ARP,8.00,12.00,8.00,9.00,37.00,10.50,15.50,14.00,13.00,53.00,19.00,17.00,14.50,11.00,62.00,14.00,13.00,12.00,13.75,53.00,15.00,7.50,10.50,18.50,52.00,ENG
623,FY1,CE,200,24002170110074,D7,"KANZARIYA JAYKUMAR
HARSHADBHAI",VSA,8.00,13.50,9.00,11.00,42.00,8.00,18.50,12.00,10.50,49.00,16.00,10.00,12.50,15.25,54.00,14.50,12.00,15.00,13.50,55.00,11.00,17.50,12.00,15.00,56.00,GUJ
623,FY1,CE,193,24002170110121,D7,PATEL SHYAM BHARATBHAI,PBS,12.50,18.00,10.00,11.25,52.00,10.50,12.50,15.50,15.00,54.00,7.50,11.00,9.50,11.50,40.00,11.50,13.50,16.00,13.50,55.00,12.00,14.00,8.00,20.75,55.00,GUJ
623,FY1,AIML,109,24002170410002,D4,AUM BHAVIN OZA,VRS,17.00,17.50,6.00,15.50,56.00,14.00,11.50,13.50,7.50,47.00,13.50,10.50,12.00,12.00,48.00,13.00,15.00,17.00,10.75,56.00,9.50,14.00,11.00,14.50,49.00,ENG
623,FY2,AIDS,137,24002170510025,B5,MANTHAN JAIN,JPM,12.00,16.00,12.50,14.75,56.00,10.50,16.50,13.00,8.50,49.00,8.50,12.50,5.50,10.75,38.00,7.50,12.00,17.50,15.00,52.00,18.50,17.00,8.00,17.25,61.00,ENG
623,FY4,CSE,143,24002171210172,A5,SHAH DHRUVI BAKUL,VVV,15.50,16.50,AB,15.25,48.00,9.50,18.00,10.50,5.50,44.00,15.50,15.50,AB,15.25,47.00,19.50,15.50,19.00,16.50,71.00,13.00,8.00,11.00,13.50,46.00,ENG
623,FY4,CS&IT,217,24002171410040,A7,SHAH SAUMYA NIRAV,ARY,14.50,12.00,11.00,11.75,50.00,8.50,12.00,11.00,10.75,43.00,14.00,14.50,9.00,14.50,52.00,15.00,12.50,13.50,15.00,56.00,16.00,8.00,18.00,13.00,55.00,ENG
629,FY1,CE,238,24002170110017,D9,BHANOTAR JAY SURESHBHAI,RDR,10.00,14.00,7.00,10.50,42.00,13.00,9.50,14.00,8.50,45.00,15.50,8.00,17.00,18.25,59.00,12.50,13.50,16.00,17.00,59.00,14.00,10.00,11.50,13.75,50.00,GUJ
629,FY4,CSE,167,24002171210011,A6,BHANDARI MEET SANJAY,VVV,9.00,13.50,10.50,8.75,42.00,9.00,14.50,8.50,12.00,44.00,11.50,10.50,10.50,11.25,44.00,13.50,16.00,17.00,15.50,62.00,16.50,17.00,12.50,17.00,63.00,ENG
629,FY4,CSE,185,24002171210145,A6,PRAJAPATI KRISH BHAVESHBHA,MHM,16.00,11.50,7.00,10.00,45.00,19.00,16.00,11.50,10.50,57.00,14.00,10.00,11.50,13.00,49.00,14.50,10.00,14.00,14.50,53.00,14.00,14.00,6.50,15.75,51.00,GUJ
629,FY5,CST,166,24002171310028,C6,DHANANI TAKSHEEL AJITBHAI,ADB,14.50,13.50,9.00,8.75,46.00,10.00,18.00,13.00,10.75,52.00,9.00,8.00,11.00,11.75,40.00,14.00,11.00,16.50,17.50,59.00,18.00,13.00,13.00,13.50,58.00,GUJ
629,FY5,CST,182,24002171310112,C7,PATEL PARAM ASHISH,JAZ,9.00,14.00,6.50,9.50,39.00,11.00,14.50,14.50,13.50,54.00,12.50,13.00,9.50,13.75,49.00,16.50,12.50,16.50,18.25,64.00,12.50,14.00,10.00,12.00,49.00,ENG
629,FY5,CST,154,24002171310173,C6,VAGHASIYA KAMAL CHANDRAK,VHP,10.50,14.50,8.00,9.75,43.00,13.50,8.00,10.00,10.00,42.00,13.50,12.00,8.50,14.75,49.00,15.50,14.00,17.00,16.50,63.00,16.00,15.00,12.00,15.00,58.00,GUJ
635,FY1,CE,158,24002170110031,D6,"CHUNDAWAT INDRAKSHI KIRTI
PRATAP",VRS,10.00,18.50,12.00,11.50,52.00,10.00,4.00,14.00,5.50,34.00,17.50,6.50,13.00,12.75,50.00,18.00,14.00,17.50,16.00,66.00,11.50,17.00,7.50,15.50,52.00,ENG
635,FY1,AIML,142,24002170410048,D5,"SHINGALA TARUN
PRAVINKUMAR",DJU,16.50,13.50,5.50,13.25,49.00,17.50,12.50,4.50,7.25,42.00,14.00,11.00,18.00,9.25,53.00,14.00,15.00,17.00,15.50,62.00,16.00,8.00,11.00,12.50,48.00,GUJ
635,FY4,CSE,242,24002171210045,A8,"DOBARIYA KHUSHI
PIYUSHBHAI",ASA,8.50,15.50,4.00,10.00,38.00,10.00,19.50,12.50,10.00,52.00,16.00,16.50,14.00,14.00,61.00,16.00,16.50,15.00,12.50,60.00,11.00,10.50,7.50,13.25,43.00,GUJ
635,FY4,CSE,176,24002171210054,A6,"GONDALIYA JALAK
SANDIPBHAI",PJD,10.50,11.00,6.50,13.75,42.00,15.00,15.50,13.00,13.00,57.00,16.00,11.50,9.50,13.50,51.00,12.50,12.00,14.00,16.00,55.00,10.00,15.00,11.00,12.25,49.00,GUJ
635,FY5,CST,189,24002171310047,C7,JADAV MOHIT SANJAYBHAI,AMS,14.00,15.00,10.00,14.25,54.00,6.50,10.50,10.00,10.25,38.00,5.50,14.00,11.50,12.75,44.00,15.00,13.00,16.50,18.00,63.00,15.50,14.50,10.50,14.00,55.00,GUJ
635,FY5,BIOTECH,264,24002172110004,C10,PANDYA SIDDHIBEN HARDIKKU M,VHP,12.00,AB,9.00,14.50,36.00,13.50,17.00,11.00,10.00,52.00,20.00,AB,19.50,19.50,59.00,13.50,11.50,14.00,11.00,50.00,19.50,9.50,9.00,19.00,57.00,GUJ
641,FY1,CE,135,24002170110018,D5,BHARODIYA HET SANJAYBHAI,PKS,8.00,17.50,8.50,10.50,45.00,12.50,11.50,13.00,12.75,50.00,16.50,16.00,11.50,15.00,59.00,14.50,11.50,16.00,10.50,53.00,13.00,7.00,12.50,13.50,46.00,GUJ
641,FY4,CSE,221,24002171210060,A7,"JADAV MEETKUMAR
ARVINDBHAI",MHM,14.00,15.00,6.50,10.50,46.00,14.00,16.00,11.00,12.50,54.00,13.00,17.00,13.00,10.00,53.00,10.50,14.00,18.00,10.50,53.00,6.50,13.00,14.00,13.00,47.00,GUJ
641,FY4,CSE,230,24002171210079,A8,KOSHIYA HELLY HITESHKUMAR,ASA,10.50,12.00,5.00,13.25,41.00,14.00,13.00,11.00,9.75,48.00,15.50,7.50,12.50,12.00,48.00,19.00,17.50,13.00,13.00,63.00,16.00,11.50,12.50,12.50,53.00,GUJ
641,FY4,CSE,196,24002171210104,A7,PANCHAL RIYABEN TARUNKUM A,HSP,12.00,14.00,8.50,13.25,48.00,15.00,15.50,12.00,8.00,51.00,11.00,8.50,10.50,11.50,42.00,16.00,14.00,15.00,20.00,65.00,10.50,12.50,9.50,14.00,47.00,GUJ
641,FY4,MA&CP,181,24002171610007,A6,GAUDANI PRINCE NAINESHBHAI,ARY,12.00,11.50,12.50,9.50,46.00,13.50,8.50,10.50,9.00,42.00,11.50,11.50,10.50,9.00,43.00,11.50,12.50,18.00,16.00,58.00,19.50,16.50,15.00,13.00,64.00,GUJ
641,FY5,CST,119,24002171310010,C5,BHUVA VAIBHAV SHAILESHBHA I,KPP,11.00,14.50,6.00,10.00,42.00,9.50,14.50,10.00,10.75,45.00,15.50,10.00,9.00,12.75,48.00,13.00,12.00,17.00,14.50,57.00,16.50,14.50,14.00,16.00,61.00,GUJ
641,FY5,CST,117,24002171310052,C4,JOGANI ZENIL BHAVESHBHAI,JRC,10.00,13.50,7.00,10.50,41.00,9.50,18.00,13.50,14.50,56.00,13.00,9.00,6.00,11.75,40.00,16.50,13.50,17.00,15.50,63.00,16.00,9.50,11.50,16.00,53.00,GUJ
641,FY5,CST,86,24002171310082,C3,MOKSHIL SHAH,KPP,15.00,18.00,5.50,13.75,53.00,2.50,10.00,9.00,8.75,31.00,15.00,7.00,9.50,10.25,42.00,13.00,15.00,17.00,17.00,62.00,16.00,15.50,13.00,20.50,65.00,ENG
649,FY1,CE,187,24002170110027,D7,"CHAUHAN ANIRUDH
RAJESHKUMAR",RDR,12.00,18.00,12.00,10.25,53.00,13.00,16.50,13.00,10.50,53.00,18.00,13.50,13.00,5.50,50.00,12.50,13.00,11.50,15.50,53.00,9.00,14.00,7.00,12.50,43.00,GUJ
649,FY1,CE,180,24002170110099,D7,NAVADIYA YAGNIK RAJUBHAI,VSA,13.00,14.00,9.00,12.50,49.00,15.00,15.00,16.00,14.00,60.00,11.00,7.50,14.00,16.50,49.00,8.00,13.00,17.50,11.50,50.00,13.50,5.00,11.00,14.00,44.00,GUJ
649,FY1,CE,229,24002170110132,D8,PATEL JALP PRASHANTBHAI,VRS,14.00,14.50,9.00,8.50,46.00,7.50,15.50,12.50,5.50,41.00,12.00,13.00,12.50,17.00,55.00,16.50,13.00,16.50,15.75,62.00,14.50,9.00,8.00,15.75,48.00,GUJ
649,FY1,CE,213,24002170110151,D8,POLARA RIYAN ANISHBHAI,PBS,14.50,17.00,6.00,16.25,54.00,14.00,21.00,12.00,6.25,54.00,14.00,11.50,9.00,10.75,46.00,12.00,15.50,12.50,15.75,56.00,17.50,6.50,4.00,13.25,42.00,GUJ
649,FY2,IT,77,24002170210071,B3,PATEL BHAVYA ROHITKUMAR,PVS,13.00,15.00,7.50,12.25,48.00,12.00,10.00,7.00,11.50,41.00,11.50,13.50,9.00,11.00,45.00,14.00,12.00,15.50,17.50,59.00,15.00,19.00,9.50,14.75,59.00,GUJ
649,FY2,CSD,100,24002170310002,B4,"AKOLA DARSHNIKA
VINODKUMAR",JPM,12.50,16.00,9.50,12.25,51.00,9.00,14.00,9.50,6.00,39.00,16.00,9.00,12.00,15.25,53.00,12.50,12.00,16.00,20.00,61.00,11.50,10.50,11.00,14.75,48.00,ENG
649,FY4,CEA,165,24002171510021,A6,MODH PRINCE RAKESHKUMAR,RMP,9.50,11.50,9.00,10.00,40.00,16.50,15.00,11.00,11.50,54.00,11.50,8.00,7.50,15.50,43.00,16.50,10.50,16.00,15.50,59.00,17.00,12.00,12.00,14.50,56.00,GUJ
649,FY5,CST,203,24002171310020,C7,CHHUNCHHA HEM SHASHIKANT,DHK,11.00,16.50,7.00,12.50,47.00,9.50,20.00,9.50,11.00,50.00,16.50,11.50,7.50,14.75,51.00,16.00,13.00,13.00,16.50,59.00,18.50,11.00,5.00,10.50,45.00,GUJ
649,FY5,CST,183,24002171310094,C7,PATEL SLOK RAJENDRABHAI,JRC,14.50,18.00,8.00,13.75,55.00,13.00,16.50,9.00,12.00,51.00,12.00,10.00,10.00,11.25,44.00,13.50,14.00,11.00,9.50,48.00,16.00,12.00,11.00,14.50,54.00,GUJ
649,FY5,CSE_CYBER,90,24002171910003,C4,CHAUDHARY DISHAN VIPULKUM,AMS,14.00,17.50,9.00,9.75,51.00,13.50,10.00,17.00,14.25,55.00,13.50,11.50,6.00,13.50,45.00,16.50,12.50,10.50,14.50,54.00,16.00,7.00,11.00,13.00,47.00,GUJ
659,FY1,AIML,156,24002170410057,D6,VORA PRIT DILIPBHAI,PVV,11.50,10.00,5.00,13.50,40.00,13.00,16.50,11.50,8.00,49.00,11.00,17.00,14.50,13.50,56.00,11.50,14.00,15.00,18.00,59.00,13.00,11.50,9.00,13.50,47.00,GUJ
659,FY2,IT,106,24002170210015,B4,DESAI KHUSH JATINKUMAR,AIG,13.50,16.50,9.00,14.25,54.00,13.00,13.00,9.50,5.00,41.00,13.00,14.00,7.50,14.75,50.00,14.50,11.50,17.00,9.00,52.00,11.50,11.00,16.00,15.50,54.00,ENG
659,FY4,CSE,180,24002171210194,A6,THUMMAR DEVANG KAMLESHB H,VVP,17.00,18.50,14.50,15.00,65.00,11.00,13.00,10.50,10.00,45.00,5.50,9.00,10.00,7.50,32.00,12.50,16.00,17.00,14.50,60.00,8.00,16.00,7.00,18.00,49.00,GUJ
659,FY5,CST,130,24002171310106,C5,PATEL JEEL KALPESHBHAI,KPP,7.50,14.00,11.00,9.00,42.00,10.00,14.50,10.50,10.00,45.00,8.50,16.50,13.00,14.50,53.00,12.50,12.00,16.50,14.25,56.00,15.00,8.50,11.00,20.00,55.00,ENG
663,FY1,CE,207,24002170110008,D8,"ANSARI ZUBIYAH
VASIMHUSAIN",RDR,13.50,17.00,7.00,11.00,49.00,16.50,15.00,12.00,10.25,54.00,14.50,11.50,17.00,6.75,50.00,15.00,12.00,9.00,13.50,50.00,11.00,10.00,12.50,13.00,47.00,GUJ
663,FY1,CE,164,24002170110010,D6,"ASODIYA MIHIR
VASANTKUMAR",PDB,12.50,13.50,9.00,14.25,50.00,11.00,14.00,12.50,13.25,51.00,12.00,9.50,10.50,10.00,42.00,9.00,13.00,14.50,13.50,50.00,12.00,13.00,14.00,17.75,57.00,GUJ
663,FY1,CE,205,24002170110128,D8,PATEL LIMSI KAMLESHKUMAR,PKS,8.50,16.00,6.50,10.50,42.00,10.00,10.50,11.00,10.50,42.00,10.00,12.50,11.00,11.50,45.00,18.50,12.50,14.00,15.50,61.00,16.00,10.50,14.50,18.75,60.00,GUJ
663,FY1,AIML,220,24002170410045,D8,SAVALIYA FENIL SAMIRBHAI,VSA,12.00,13.50,5.50,11.00,42.00,17.50,20.00,15.50,7.00,60.00,12.50,11.50,9.00,10.50,44.00,17.50,13.00,11.00,16.00,58.00,12.50,12.00,9.50,11.50,46.00,GUJ
663,FY2,IT,147,24002170210045,B6,"KUNJADIYA HERIN
CHANDRESHBHAI",YRP,13.50,19.50,8.00,12.00,53.00,9.00,3.00,12.00,9.00,33.00,11.50,8.00,13.00,16.25,49.00,17.50,14.50,14.00,14.75,61.00,15.50,12.50,12.00,13.50,54.00,GUJ
663,FY2,IT,122,24002170210073,B5,PATEL PRINCE BHARATBHAI,NRS,8.00,13.00,6.00,10.75,38.00,13.50,18.00,16.00,16.50,64.00,11.00,7.50,14.00,10.50,43.00,16.50,12.50,17.50,12.75,60.00,11.50,13.50,8.50,11.50,45.00,GUJ
663,FY4,CSE,205,24002171210202,A7,VAVDIYA NISARGI JAGDISHBHA I,ARY,15.00,14.50,7.00,11.50,48.00,9.00,6.00,9.00,10.25,35.00,15.50,13.00,11.00,13.50,53.00,16.00,11.00,18.50,14.75,61.00,13.50,15.00,12.00,12.50,53.00,GUJ
670,FY1,AIML,201,24002170410052,D7,"VAGHASIYA DHRUVIN
TULSHIBHAI",DBP,12.50,12.50,6.00,9.75,41.00,15.50,17.00,13.00,12.00,58.00,8.50,7.00,14.00,11.25,41.00,17.00,12.00,14.00,13.50,57.00,13.50,14.00,15.00,9.00,52.00,ENG
670,FY1,AIML,175,24002170410053,D7,"VANDAN MAHENDRAKUMAR
PATEL",PKS,15.00,11.50,8.00,13.00,48.00,9.50,14.50,12.50,5.50,42.00,10.50,13.00,12.50,13.25,50.00,11.50,10.00,13.00,15.00,50.00,15.00,12.00,12.50,19.00,59.00,ENG
670,FY2,IT,140,24002170210096,B5,RANK AXITA RAMESHBHAI,YRP,10.50,11.00,7.50,11.75,41.00,13.50,15.50,8.00,13.75,51.00,8.00,14.50,12.00,16.00,51.00,17.50,12.00,16.50,17.50,64.00,9.50,13.50,7.50,11.50,42.00,GUJ
670,FY2,IT,154,24002170210132,B6,VASOYA KRISH VIPULBHAI,PVS,11.50,12.00,4.50,9.50,38.00,15.00,17.50,13.00,9.00,55.00,16.00,13.00,10.50,10.75,51.00,17.00,15.00,14.00,16.50,63.00,13.00,8.00,9.00,11.50,42.00,GUJ
670,FY4,CSE,226,24002171210003,A8,AMDAVADIYA JATINKUMAR SA N,SVC,9.50,12.00,8.00,10.50,40.00,15.00,15.00,13.00,6.75,50.00,18.00,14.00,11.00,8.75,52.00,14.00,12.50,17.50,12.25,57.00,10.00,14.00,13.50,12.00,50.00,GUJ
670,FY4,CSE,271,24002171210170,A9,SAVANI DIVYA CHETANKUMAR,PAT,8.50,16.00,8.00,9.25,42.00,9.50,14.50,7.50,9.50,41.00,13.50,17.00,16.50,15.25,63.00,12.50,13.00,13.00,14.50,53.00,18.00,10.00,11.50,9.75,50.00,ENG
670,FY4,MA&CP,214,24002171610010,A7,KEVADIYA ROMIN PARESHBHAI,SVC,13.00,14.50,7.50,10.50,46.00,14.50,17.00,17.50,17.25,67.00,15.50,11.00,9.00,14.00,50.00,14.00,9.00,14.50,16.00,54.00,10.50,5.00,2.00,14.50,32.00,GUJ
670,FY5,CST,175,24002171310031,C6,DOSHI HARSHIT SHREYANSKUM,MDP,11.50,20.00,5.50,12.25,50.00,13.00,10.50,6.00,15.25,45.00,9.50,7.50,7.00,9.50,34.00,14.50,12.50,18.00,18.00,63.00,13.00,11.50,13.00,18.75,57.00,ENG
670,FY5,CSE_AI,180,24002171710005,C7,GHEEWALA AMMAR HUSENI,DAS,14.50,18.50,AB,15.75,49.00,8.50,23.00,AB,13.50,45.00,12.00,19.00,AB,15.50,47.00,16.50,15.50,AB,15.50,48.00,19.00,22.00,AB,18.50,60.00,ENG
670,FY5,BIOTECH,269,24002172110003,C10,CHAUHAN VEDANT HITESHKUM,DHK,12.00,20.50,8.00,14.75,56.00,7.00,12.00,14.00,9.50,43.00,22.00,16.00,16.00,11.00,65.00,15.00,6.00,14.50,6.50,42.00,15.50,9.00,11.00,7.00,43.00,GUJ
680,FY2,IT,105,24002170210041,B4,KHUNT DHRUVIL ARVINDBHAI,PVS,18.00,17.50,8.00,11.50,55.00,16.00,8.50,11.00,10.00,46.00,14.50,10.50,8.00,12.50,46.00,16.50,12.50,18.50,12.50,60.00,9.50,9.00,9.50,12.25,41.00,GUJ
680,FY2,IT,103,24002170210131,B4,TWISHA AGRAWAL,NRS,10.00,10.50,9.00,10.75,41.00,9.00,11.00,18.00,10.75,49.00,12.00,9.00,12.50,14.25,48.00,16.00,10.50,15.00,19.75,62.00,11.50,10.50,10.50,15.50,48.00,ENG
680,FY4,CSE,200,24002171210074,A7,KATHIRIYA KHUSHI KISHORBHA,PJD,10.50,17.50,6.50,12.75,48.00,11.00,14.00,8.50,11.50,45.00,16.00,10.50,11.00,9.50,47.00,14.50,12.50,14.00,15.50,57.00,11.00,11.50,12.50,16.00,51.00,GUJ
683,FY1,CE,186,24002170110064,D7,JAVADE NETRA HEMANTBHAI,PVV,10.00,11.50,8.50,9.50,40.00,15.00,9.50,13.00,16.00,54.00,14.00,11.50,11.50,10.50,48.00,17.00,12.50,15.50,14.00,59.00,8.00,16.00,7.00,15.00,46.00,GUJ
683,FY2,IT,112,24002170210079,B4,"PATEL MILANKUMAR
AMITKUMAR",YRP,10.00,13.50,6.50,15.25,46.00,16.00,13.00,13.50,11.50,54.00,13.00,8.00,10.00,10.00,41.00,16.50,13.00,11.00,12.50,53.00,15.00,15.00,11.00,11.50,53.00,ENG
683,FY2,CSD,143,24002170310007,B5,DIVAN SHIKHA PRAKASHCHAND,JPM,12.00,11.50,9.50,8.50,42.00,8.00,15.00,11.50,12.00,47.00,10.00,6.00,12.00,13.75,42.00,14.50,16.00,12.50,12.50,56.00,12.50,16.50,13.00,17.25,60.00,ENG
683,FY4,CSE,229,24002171210010,A8,BHALANI JAYNIL RASIKBHAI,ARY,10.00,19.00,12.00,13.00,54.00,12.00,15.50,7.00,16.00,51.00,14.00,8.50,13.00,7.50,43.00,16.00,10.00,15.00,14.75,56.00,7.50,14.00,11.50,10.00,43.00,GUJ
683,FY4,CSE,207,24002171210182,A7,SOJITRA KRUNAL JITENDRABHA,BPD,11.00,16.00,10.50,8.75,47.00,10.00,9.00,9.50,5.50,34.00,15.50,14.00,15.00,11.75,57.00,16.50,13.00,18.00,15.50,63.00,11.00,11.00,10.00,13.50,46.00,GUJ
683,FY5,CST,128,24002171310032,C5,DOSHI DOLEN SACHIN,JRC,13.00,18.00,6.00,13.00,50.00,12.50,13.50,12.00,13.00,51.00,7.00,5.00,14.50,13.00,40.00,14.00,13.50,10.00,16.00,54.00,14.00,13.00,12.00,12.25,52.00,GUJ
683,FY5,CSE_CYBER,190,24002171910019,C7,SHARMA VEDANT ASHISH,ARP,9.50,15.50,5.50,12.25,43.00,7.00,10.00,11.00,8.50,37.00,16.00,13.00,14.00,14.50,58.00,13.50,13.00,14.00,14.00,55.00,15.00,14.50,11.00,13.00,54.00,ENG
690,FY1,CE,130,24002170110007,D5,"AMBARIYA VIVEK
VIPULKUMAR",VSA,13.50,14.00,6.50,9.00,43.00,8.00,8.50,10.00,16.00,43.00,14.50,15.50,14.00,14.75,59.00,11.50,14.50,15.50,12.50,54.00,13.00,11.00,8.50,14.25,47.00,ENG
690,FY1,AIML,236,24002170410031,D9,"PATEL NIJKUMAR
RAJENDRABHAI",PVV,7.00,12.50,5.00,10.75,36.00,13.50,16.00,17.50,8.75,56.00,9.50,12.00,12.50,13.00,47.00,14.50,12.00,17.00,13.25,57.00,13.50,13.00,7.00,16.50,50.00,GUJ
690,FY1,AIML,197,24002170410036,D7,PATEL DHARM SANJAYBHAI,RDR,11.00,13.00,6.00,10.25,41.00,16.00,18.00,15.50,11.50,61.00,9.00,12.50,10.00,10.75,43.00,14.00,12.00,10.00,15.50,52.00,14.50,12.50,7.50,14.00,49.00,GUJ
690,FY2,IT,146,24002170210030,B6,JASANI DHRUV VIPULBHAI,PVS,11.50,20.00,8.00,9.00,49.00,12.50,15.50,16.00,13.75,58.00,11.50,9.00,11.00,12.00,44.00,15.50,16.00,12.50,8.00,52.00,12.50,12.50,5.00,12.50,43.00,GUJ
690,FY2,IT,117,24002170210062,B5,PARMAR URVISH ASHOKBHAI,PVS,12.00,17.00,8.00,15.25,53.00,11.00,12.50,8.00,13.25,45.00,9.50,7.50,17.00,12.00,46.00,12.00,8.50,11.50,15.75,48.00,9.50,14.00,14.00,16.50,54.00,GUJ
690,FY4,CSE,6,24002171210085,A1,MAITHIL VIPULBHAI KORAT,NPB,AB,19.50,15.50,17.75,53.00,AB,18.00,12.00,18.50,49.00,AB,14.50,18.00,22.50,55.00,AB,17.50,AB,16.50,34.00,AB,18.00,14.50,22.00,55.00,ENG
690,FY4,CSE,218,24002171210137,A7,PATEL DEV ALPESHKUMAR,ASA,10.50,14.00,6.50,6.25,38.00,9.00,20.50,8.50,8.50,47.00,12.50,16.50,8.50,10.00,48.00,19.00,12.00,16.00,18.75,66.00,11.00,9.00,12.50,14.50,47.00,GUJ
690,FY4,CSE,136,24002171210158,A5,RUDRA CHIRAG SHAH,HSP,12.00,15.00,7.00,8.00,42.00,12.50,12.00,12.50,15.00,52.00,14.50,9.00,13.50,13.00,50.00,13.50,15.50,13.00,15.00,57.00,11.50,11.00,9.00,13.00,45.00,ENG
690,FY4,CS&IT,248,24002171410056,A8,VAGHASIYA AAYUSHI CHANDRE,PJD,9.00,14.00,13.00,11.25,48.00,10.50,19.00,8.50,12.75,51.00,9.00,14.50,10.00,10.25,44.00,15.50,10.50,16.50,15.00,58.00,14.00,13.50,7.00,10.50,45.00,GUJ
690,FY4,CEA,246,24002171510032,A8,SOLANKI KEVAL KEYURBHAI,NPB,10.00,13.50,10.50,5.50,40.00,15.00,12.00,14.50,8.50,50.00,14.00,12.00,14.00,12.00,52.00,16.00,14.00,11.00,15.75,57.00,13.50,9.00,12.00,12.00,47.00,GUJ
690,FY5,CST,213,24002171310142,C8,SAVALIYA ARKIT BHARATBHAI,DAS,11.00,15.00,8.00,11.00,45.00,13.00,17.00,14.00,10.00,54.00,12.00,7.00,11.50,12.75,44.00,13.00,12.00,17.00,12.00,54.00,12.50,11.00,10.50,14.50,49.00,GUJ
690,FY5,CST,237,24002171310177,C9,VASANI KEVIN LALITKUMAR,JAZ,10.50,13.50,5.00,12.00,41.00,12.00,9.50,6.00,11.50,39.00,12.50,9.00,4.00,15.50,41.00,16.50,16.50,17.00,17.75,68.00,17.00,15.00,7.00,18.00,57.00,GUJ
702,FY1,CE,150,24002170110123,D6,PATEL PAVAN KAMLESHBHAI,VSA,13.00,17.50,7.50,12.50,51.00,11.00,13.00,11.50,13.50,49.00,9.50,9.00,12.50,9.25,41.00,10.50,12.50,13.50,18.00,55.00,12.00,17.00,9.00,10.75,49.00,GUJ
702,FY5,CST,81,24002171310078,C3,MAVLI UTBAN SAMIR AHMAD,DAS,10.00,17.00,6.50,11.75,46.00,4.00,8.50,11.00,13.25,37.00,12.50,10.50,10.00,16.25,50.00,12.50,13.00,18.50,11.50,56.00,16.00,13.00,5.00,22.00,56.00,ENG
702,FY5,CSE_DS,135,24002171810018,C5,MISTRY JIYA NIMESH,ARP,12.50,20.00,9.50,14.25,57.00,16.50,10.50,5.00,7.50,40.00,9.00,10.00,8.50,11.25,39.00,12.00,11.00,19.00,13.75,56.00,17.50,9.00,15.00,11.50,53.00,ENG
705,FY5,CST,210,24002171310113,C8,PATEL DEV NAVNITBHAI,ADB,8.00,12.00,5.00,9.00,34.00,16.50,18.00,10.50,11.50,57.00,9.00,10.00,9.50,17.50,46.00,15.00,13.00,17.00,12.25,58.00,14.00,11.00,13.00,10.50,49.00,GUJ
706,FY1,AIML,153,24002170410003,D6,"BHALALA KRISHABEN
PARESHBHAI",PBS,9.50,15.50,4.00,11.25,41.00,14.00,22.00,8.50,6.50,51.00,11.50,13.00,16.00,10.50,51.00,15.50,10.00,12.00,10.00,48.00,11.50,17.00,12.00,11.00,52.00,GUJ
706,FY2,IT,104,24002170210024,B4,"GAUSWAMI DHARMIKGIRI
SANJAYGIRI",YRP,9.50,12.00,7.50,9.25,39.00,15.00,11.00,12.00,13.00,51.00,12.50,13.00,14.00,13.50,53.00,17.00,11.00,14.50,16.50,59.00,11.50,7.50,6.50,15.00,41.00,GUJ
706,FY4,CSE,154,24002171210028,A5,CHAUHAN ARPIT NARESHJI,SVC,14.00,14.00,2.00,13.25,44.00,14.00,17.00,9.00,5.75,46.00,16.50,14.00,10.00,13.25,54.00,12.50,12.00,12.00,14.00,51.00,14.00,9.00,14.50,10.50,48.00,GUJ
706,FY4,CSE,202,24002171210044,A7,DOBARIYA ZEEL MANISHBHAI,SVC,11.50,18.50,5.00,13.25,49.00,10.00,12.00,11.50,15.75,50.00,13.00,6.00,10.00,13.00,42.00,15.00,15.00,14.50,15.50,60.00,9.50,13.50,7.50,11.25,42.00,GUJ
706,FY4,CSE,225,24002171210139,A8,PATEL RIA SANJAY,RMP,9.50,13.00,10.00,10.75,44.00,11.00,9.00,9.50,7.00,37.00,10.00,5.50,12.00,12.00,40.00,13.50,16.50,17.50,19.25,67.00,12.00,13.00,11.00,19.00,55.00,ENG
706,FY4,CEA,238,24002171510026,A8,PATIVALA DHRUVIK HITESHBHA,SVC,15.00,15.50,6.00,13.75,51.00,10.50,18.00,9.00,5.50,43.00,11.50,11.00,12.50,12.50,48.00,14.00,13.50,13.50,13.50,55.00,10.00,9.50,12.50,13.50,46.00,GUJ
706,FY4,MA&CP,195,24002171610016,A7,RATHOD KSHISH MUKESHBHAI,BPD,11.00,13.50,10.50,9.50,45.00,7.50,9.50,13.00,10.00,40.00,8.00,11.00,12.00,10.25,42.00,12.00,16.00,19.00,15.00,62.00,13.50,11.50,13.00,16.00,54.00,Hindi
713,FY1,AIML,252,24002170410004,D9,BHAYANI PRIT ISHWARBHAI,DJU,14.50,19.50,7.00,10.00,51.00,13.00,13.00,9.50,2.50,38.00,10.00,5.00,12.50,10.25,38.00,15.00,11.00,15.00,14.00,55.00,16.50,16.00,12.50,14.50,60.00,GUJ
713,FY1,AIML,162,24002170410015,D6,"KATHIRIYA SWASTIK
JITENDRABHAI",DJU,8.50,19.50,7.00,11.50,47.00,13.00,9.00,11.00,4.50,38.00,14.50,13.50,14.00,8.00,50.00,12.00,9.00,18.50,12.00,52.00,13.50,20.00,10.00,11.50,55.00,GUJ
713,FY4,CSE,253,24002171210053,A9,GONDALIYA DHRUVILBHAI SUR E,ARY,13.00,11.50,4.50,10.25,40.00,15.00,16.50,4.50,8.50,45.00,16.00,11.50,12.00,12.00,52.00,15.00,11.00,15.50,16.50,58.00,15.00,12.00,9.00,11.00,47.00,GUJ
713,FY4,CS&IT,256,24002171410055,A9,TRIVEDI DEVANSHI KETANBHAI,HSP,9.00,14.50,10.00,9.50,43.00,11.50,15.00,11.50,13.50,52.00,11.00,14.50,8.50,13.50,48.00,9.00,13.00,12.50,13.50,48.00,17.00,15.00,8.00,10.50,51.00,ENG
717,FY1,CE,231,24002170110197,D8,"VALA DHRUVKUMAR
MANSINHBHAI",DBP,9.00,17.50,4.50,7.25,39.00,10.00,12.00,11.00,7.00,40.00,12.00,15.00,12.50,12.00,52.00,13.00,15.00,10.00,14.25,53.00,17.00,14.00,9.00,16.75,57.00,GUJ
717,FY2,AIDS,127,24002170510037,B5,"SARVAIYA VISHW
HARESHKUMAR",PVS,7.50,10.00,5.50,11.75,35.00,11.50,24.00,9.50,16.00,61.00,13.00,11.00,12.50,16.00,53.00,11.00,12.50,10.00,11.25,45.00,11.00,12.50,7.00,16.00,47.00,ENG
717,FY4,CSE,250,24002171210107,A8,PARMAR SANJANA PRAKASHBH A,SVC,10.50,13.00,3.50,6.00,33.00,8.00,18.00,13.00,13.00,52.00,8.50,9.00,12.50,11.25,42.00,15.50,13.50,17.50,16.50,63.00,9.00,13.00,15.00,14.00,51.00,GUJ
717,FY5,CST,217,24002171310044,C8,HET S PUJARA,KGB,10.50,15.50,5.50,9.25,41.00,10.50,14.00,9.50,4.75,39.00,7.00,12.00,8.50,13.00,41.00,17.50,12.00,14.00,14.00,58.00,20.50,17.50,11.50,12.00,62.00,ENG
717,FY5,CST,178,24002171310056,C7,KAKADIYA MEET NILESHBHAI,AMS,8.00,16.50,8.50,11.50,45.00,9.00,21.00,10.00,4.50,45.00,5.50,18.00,11.50,12.00,47.00,16.50,15.00,15.00,14.50,61.00,13.00,11.00,7.00,11.50,43.00,GUJ
717,FY5,CST,184,24002171310066,C7,KRISHNANI SALONI MUKESHBH A,KGB,10.50,15.00,7.00,11.00,44.00,10.50,20.00,11.00,9.75,52.00,5.50,12.00,12.50,14.75,45.00,14.00,13.50,14.50,11.00,53.00,17.00,11.00,6.00,12.50,47.00,ENG
723,FY1,CE,241,24002170110193,D9,VAGHELA ISHIT ATULBHAI,DBP,14.50,21.50,2.50,13.25,52.00,13.00,16.00,12.50,7.50,49.00,13.00,9.50,10.00,9.00,42.00,14.50,16.00,7.50,5.50,44.00,17.00,15.00,9.50,11.00,53.00,ENG
723,FY1,AIML,154,24002170410007,D6,"DANGASHIYA ARYAN
JAYESHBHAI",PDB,9.00,13.00,5.50,12.00,40.00,9.00,8.50,16.50,11.00,45.00,8.50,12.50,13.50,10.50,45.00,12.50,12.50,12.00,15.75,53.00,10.50,15.00,18.00,12.75,57.00,GUJ
723,FY4,CSE,278,24002171210043,A9,DHYEY KETANKUMAR KAVAIYA,ASA,14.50,16.50,7.00,12.00,50.00,5.00,10.50,8.50,16.25,41.00,10.50,9.00,11.50,18.50,50.00,13.00,10.00,11.50,15.25,50.00,14.00,10.00,10.00,14.50,49.00,ENG
723,FY4,CSE,139,24002171210061,A5,JAIN RAHIL DHIRAJKUMAR,PAT,13.00,14.50,5.00,8.75,42.00,15.00,14.50,9.50,6.00,45.00,13.00,4.00,16.50,14.25,48.00,17.50,13.50,16.50,16.50,64.00,11.00,10.00,9.00,11.00,41.00,ENG
723,FY4,CSE,236,24002171210088,A8,MANGUKIYA MALAYKUMAR JIG,PJD,14.50,14.00,9.00,11.00,49.00,15.00,5.00,11.00,5.00,36.00,15.00,11.50,13.00,12.50,52.00,11.50,16.00,14.00,13.50,55.00,10.00,16.00,9.50,12.00,48.00,GUJ
723,FY4,CS&IT,201,24002171410042,A7,SHAH HARSIDDH KETAN,RMP,14.00,18.50,8.00,10.75,52.00,10.50,12.00,9.50,5.00,37.00,11.50,10.00,9.00,11.75,43.00,16.00,12.50,17.00,13.00,59.00,12.00,10.00,11.00,16.00,49.00,ENG
729,FY1,CE,215,24002170110020,D8,BHOLA MANSI NANUBHAI,PKS,9.00,11.50,6.50,9.75,37.00,12.50,13.00,11.00,12.50,49.00,15.00,10.50,10.50,13.25,50.00,15.00,12.50,15.00,19.00,62.00,10.50,9.00,8.50,13.00,41.00,GUJ
729,FY1,CE,181,24002170110066,D7,"JETPARIYA PRINCE
DEVKRUSHNABHAI",DBP,15.00,13.00,11.00,13.50,53.00,8.00,16.00,9.50,8.50,42.00,11.50,7.00,10.00,13.25,42.00,14.50,15.00,15.50,16.75,62.00,6.50,11.50,10.50,11.00,40.00,GUJ
729,FY1,CE,178,24002170110082,D7,KOYANI YUG KETANBHAI,DBP,11.00,13.50,10.50,14.50,50.00,11.50,15.50,5.50,11.50,44.00,12.50,9.00,8.00,13.25,43.00,14.50,13.00,18.00,11.25,57.00,11.00,8.00,12.00,14.00,45.00,GUJ
729,FY1,CE,111,24002170110113,D4,PARMAR UMANG ASHOKBHAI,DBP,10.50,8.00,5.50,9.75,34.00,10.50,13.00,15.50,12.00,51.00,15.50,10.50,11.50,11.00,49.00,19.00,10.50,18.50,16.25,65.00,12.50,7.00,11.00,9.50,40.00,GUJ
729,FY1,CE,223,24002170110119,D8,PATEL KRISH ALKESHBHAI,PBS,9.00,13.00,5.50,7.75,36.00,13.00,17.00,12.00,16.25,59.00,12.50,12.00,13.50,12.25,51.00,14.00,9.50,14.00,17.00,55.00,9.50,11.50,4.00,12.25,38.00,GUJ
729,FY2,IT,56,24002170210029,B2,JANI BANSAL BHAVESHKUMAR,YRP,16.00,19.00,9.00,9.50,54.00,15.50,13.00,7.00,7.00,43.00,13.50,11.00,17.00,5.50,47.00,17.00,11.00,14.50,12.00,55.00,9.50,13.50,6.50,10.25,40.00,GUJ
729,FY2,IT,130,24002170210111,B5,SHAH KUSHAL KETANKUMAR,MMT,10.50,10.00,9.00,9.00,39.00,11.00,15.50,10.50,9.00,46.00,14.50,12.00,10.50,10.00,47.00,13.50,11.00,12.50,16.25,54.00,14.50,16.00,13.50,9.00,53.00,GUJ
729,FY2,AIDS,145,24002170510012,B6,"DHORAJIYA ISHAN
SURESHBHAI",NRS,14.00,12.00,8.00,13.00,47.00,12.50,11.50,12.00,11.50,48.00,7.00,16.50,13.00,9.50,46.00,10.00,15.00,14.50,15.00,55.00,12.00,5.00,11.50,13.75,43.00,GUJ
729,FY4,CSE,227,24002171210098,A8,NAVEENA ADVANI,VVV,10.00,10.00,10.50,12.25,43.00,10.00,8.00,12.50,10.00,41.00,13.50,7.00,7.50,10.25,39.00,14.50,16.50,16.00,17.00,64.00,14.50,14.00,11.50,12.00,52.00,ENG
729,FY5,CST,164,24002171310096,C6,PATEL RUSHI SIDDHARTHKUMA R,MDP,8.50,21.00,9.50,13.25,53.00,10.00,11.00,9.00,2.50,33.00,6.50,15.00,9.50,9.25,41.00,13.00,16.50,11.50,13.50,55.00,17.50,13.00,10.50,16.00,57.00,GUJ
729,FY5,CST,150,24002171310098,C6,PATEL ARYAN SHIVANG,JRC,13.00,13.00,8.50,11.50,46.00,11.50,9.50,9.00,7.00,37.00,10.50,12.00,10.50,11.50,45.00,12.50,12.00,18.00,10.50,53.00,17.50,10.00,14.00,16.50,58.00,ENG
729,FY5,CSE_DS,171,24002171810001,C6,AAYUSHI BHAVESHBHAI MAV,JAZ,10.00,15.00,5.50,9.00,40.00,15.00,6.00,14.00,9.50,45.00,6.00,10.50,6.00,10.50,33.00,15.00,12.00,16.00,16.50,60.00,16.00,10.50,19.00,15.00,61.00,ENG
741,FY1,CE,141,24002170110097,D5,"NAKUM ANJANSINH
HIRENKUMAR",DBP,7.50,12.00,7.50,10.50,38.00,8.50,13.50,6.00,8.50,37.00,14.50,11.50,15.00,15.00,56.00,16.00,11.00,14.50,12.00,54.00,14.50,12.00,12.00,14.00,53.00,GUJ
741,FY1,AIML,174,24002170410049,D6,"SHUKLA NILAYKUMAR
ASHUTOSHBHAI",PDB,11.50,13.50,7.00,17.50,50.00,13.00,10.00,13.00,4.00,40.00,13.50,8.50,16.00,12.25,51.00,11.50,10.00,12.00,15.25,49.00,16.50,8.00,8.00,15.00,48.00,ENG
741,FY2,CSD,121,24002170310008,B5,JOSHI PALSHREE KAUSHIK,IAM,13.50,10.50,9.00,13.75,47.00,12.00,3.00,8.50,4.00,28.00,9.00,12.00,15.00,12.50,49.00,6.00,11.00,14.00,13.75,45.00,19.50,19.50,11.50,17.75,69.00,ENG
741,FY4,CSE,211,24002171210056,A7,GOTHI DARSHAN DILIPBHAI,PAT,10.50,14.00,3.50,11.00,39.00,9.00,16.50,11.00,10.25,47.00,14.50,11.00,8.50,15.25,50.00,18.00,12.00,17.00,17.75,65.00,6.00,8.00,13.00,10.00,37.00,GUJ
741,FY4,CSE,260,24002171210186,A9,SURIYA MIHIR JITENDRABHAI,PJD,12.50,17.00,7.00,14.50,51.00,10.00,11.00,11.00,13.25,46.00,11.50,11.00,10.00,12.00,45.00,11.50,10.50,14.00,14.00,50.00,13.00,6.00,13.00,13.75,46.00,GUJ
741,FY4,CSE,94,24002171210191,A3,THAKKAR DHRUVI NEHULKUMA,SVC,13.00,17.00,11.00,12.00,53.00,12.00,9.50,9.00,14.00,45.00,15.50,11.50,12.00,6.75,46.00,17.50,3.50,17.50,13.50,52.00,9.50,7.00,9.00,16.00,42.00,ENG
741,FY5,CST,191,24002171310033,C7,DOSHI DEVAM DHARMESHBHAI,DAS,11.00,14.50,7.50,14.75,48.00,7.00,6.00,9.00,8.25,31.00,10.00,10.00,10.50,9.50,40.00,13.00,13.00,18.50,13.50,58.00,17.00,16.00,7.50,20.50,61.00,ENG
741,FY5,CST,123,24002171310128,C5,RAGHAV GUPTA,AMS,12.50,20.00,5.50,9.50,48.00,7.00,19.00,6.00,5.50,38.00,9.00,8.00,9.00,15.00,41.00,14.00,13.50,12.50,11.50,52.00,23.00,12.50,12.00,11.00,59.00,ENG
741,FY5,CST,260,24002171310144,C9,SHAH KEYA HARDIK,JRC,14.00,16.50,13.50,14.00,58.00,7.00,15.00,11.50,5.50,39.00,13.50,11.00,8.00,12.25,45.00,11.00,8.00,12.00,13.75,45.00,17.00,10.00,14.50,9.00,51.00,ENG
750,FY1,CE,140,24002170110049,D5,GOTHI CHINTAN UPENDRABHAI,VSA,10.00,10.00,9.00,8.25,38.00,12.00,11.50,10.50,9.00,43.00,12.00,6.50,12.00,14.75,46.00,20.00,12.00,18.00,14.00,64.00,10.00,9.50,11.50,14.25,46.00,GUJ
750,FY1,CE,230,24002170110090,D8,MERULIYA OM HARESHBHAI,VSA,7.50,9.50,9.00,5.50,32.00,8.50,14.50,9.50,8.75,42.00,11.00,7.00,14.00,16.75,49.00,14.50,11.50,17.50,17.75,62.00,11.00,16.00,13.00,12.00,52.00,GUJ
750,FY1,AIML,219,24002170410005,D8,BHUT KISHAN RAJESHBHAI,VRS,11.50,13.50,4.50,9.00,39.00,13.00,9.00,10.00,4.75,37.00,9.00,17.50,10.50,8.25,46.00,16.00,12.00,14.50,16.50,59.00,16.00,16.00,10.50,13.25,56.00,GUJ
750,FY1,AIML,196,24002170410006,D7,BORKAR HEET MUKESHBHAI,PVV,10.50,13.00,5.50,11.50,41.00,11.00,16.00,13.00,3.00,43.00,16.00,6.50,15.50,11.75,50.00,13.00,11.00,12.00,11.75,48.00,15.00,13.00,10.00,16.50,55.00,ENG
750,FY2,IT,99,24002170210027,B4,"GOSWAMI CHELSY
PANKAJKUMAR",AIG,14.50,16.50,5.50,13.00,50.00,13.00,15.50,7.00,6.50,42.00,13.50,12.50,9.00,10.25,46.00,15.00,13.50,12.50,13.75,55.00,12.00,11.50,9.00,11.00,44.00,ENG
750,FY2,IT,101,24002170210044,B4,"KUMBHANI HARSHIL
KAMLESHBHAI",IAM,10.50,12.00,7.00,14.25,44.00,10.00,6.50,9.00,12.00,38.00,13.50,12.00,9.00,15.50,50.00,17.00,13.00,13.00,17.25,61.00,12.00,9.00,7.50,15.50,44.00,ENG
750,FY5,CST,160,24002171310122,C6,PATHAN NAIMKHAN ALIKHAN,JAZ,7.50,17.50,9.50,10.25,45.00,6.00,10.00,10.00,6.75,33.00,3.00,8.00,15.00,15.50,42.00,11.00,11.00,15.50,16.25,54.00,17.00,17.00,14.00,15.00,63.00,ENG
750,FY5,CST,156,24002171310161,C6,SOLANKI MEET PANKAJBHAI,AMS,10.50,12.00,7.00,9.25,39.00,15.50,13.00,9.00,17.50,55.00,3.00,8.00,6.00,17.50,35.00,15.00,13.00,14.00,17.00,59.00,19.00,12.50,2.00,15.50,49.00,GUJ
758,FY1,CE,210,24002170110041,D8,GAJJAR RAHUL VIMALBHAI,VSA,10.00,16.50,7.50,9.50,44.00,15.00,15.00,7.00,11.00,48.00,14.50,15.50,6.50,12.00,49.00,11.00,12.00,12.00,17.50,53.00,11.50,14.00,6.00,10.50,42.00,ENG
758,FY2,IT,125,24002170210019,B5,"DOBARIYA RONAK
SANJAYBHAI",YRP,11.00,14.50,5.50,10.75,42.00,16.50,14.00,12.00,13.75,57.00,9.00,6.50,15.00,10.75,42.00,13.50,13.50,16.50,9.75,54.00,11.00,10.00,10.00,9.50,41.00,GUJ
758,FY2,IT,151,24002170210039,B6,"KATHIRIYA PRATHAM
SHAILESHKUMAR",MMT,10.00,13.00,5.50,10.50,39.00,11.00,7.00,16.00,10.25,45.00,12.00,15.00,14.50,14.00,56.00,14.00,16.00,14.50,14.75,60.00,9.00,8.00,5.50,13.00,36.00,GUJ
758,FY4,CSE,192,24002171210179,A7,SHAIKH MOHAMMED AASHIM A Z,VVP,11.50,20.00,12.00,16.00,60.00,10.00,12.00,11.00,6.50,40.00,10.50,9.50,10.00,13.50,44.00,10.00,11.00,14.00,19.00,54.00,17.50,9.00,2.50,8.75,38.00,GUJ
758,FY4,CSE,216,24002171210192,A7,THAKOR KANAIYA MALAKHANS,VVP,11.00,16.00,6.50,11.75,46.00,9.50,8.00,12.50,12.00,42.00,13.00,17.00,10.50,15.75,57.00,12.00,11.50,12.50,12.00,48.00,11.50,11.00,7.00,13.00,43.00,GUJ
758,FY5,CST,146,24002171310055,C5,KACHHADIYA KRISH MAGANBH A,ARP,12.00,16.50,5.50,8.00,42.00,6.50,15.00,9.50,9.50,41.00,10.00,15.00,11.50,12.25,49.00,16.00,11.00,15.00,10.00,52.00,13.00,9.50,11.50,18.00,52.00,GUJ
758,FY5,CSE_DS,55,24002171810016,C2,LENCHIYA DHRUVANSHU MINES,VHP,12.50,14.50,6.50,8.00,42.00,11.00,16.50,17.00,9.25,54.00,10.00,10.50,10.50,15.75,47.00,10.00,10.00,14.00,10.50,45.00,11.50,6.00,16.00,14.00,48.00,ENG
765,FY1,CE,128,24002170110198,D5,VAMJA UTSAV SURESHBHAI,PKS,12.50,14.50,5.50,11.00,44.00,9.00,10.50,13.50,7.50,41.00,13.50,11.50,12.00,8.25,46.00,16.00,12.50,16.00,13.00,58.00,11.50,15.00,6.50,13.00,46.00,GUJ
765,FY2,IT,73,24002170210055,B3,MEWADA HET VIREN,AIG,15.00,15.50,9.00,13.25,53.00,18.50,11.00,15.00,10.00,55.00,12.50,14.50,11.00,3.25,42.00,16.50,9.50,9.00,6.75,42.00,14.50,10.00,7.00,11.50,43.00,ENG
765,FY2,IT,135,24002170210124,B5,TALAVIYA RUTU SURESHBHAI,IAM,13.00,14.00,8.00,10.00,45.00,10.50,9.50,8.00,5.00,33.00,13.00,9.50,13.50,8.25,45.00,13.50,13.00,15.00,13.00,55.00,14.50,17.50,13.00,11.50,57.00,GUJ
765,FY2,AIDS,170,24002170510032,B6,PATEL VRAJ VINAYKUMAR,IAM,11.00,17.50,8.50,15.50,53.00,6.50,14.00,9.50,6.75,37.00,10.00,14.50,10.00,14.00,49.00,11.00,14.00,14.50,10.50,50.00,8.00,11.00,10.00,16.50,46.00,GUJ
765,FY5,CST,153,24002171310117,C6,PATEL RUDRA UPESHKUMAR,MDP,10.50,15.00,6.00,8.75,41.00,7.00,13.00,7.50,9.50,37.00,14.00,10.00,8.00,17.50,50.00,11.50,14.00,12.00,14.25,52.00,17.50,9.00,12.00,16.00,55.00,ENG
765,FY5,CST,161,24002171310160,C6,SOLANKI YASHRAJSINH RAJEND,JRC,11.50,12.50,7.50,15.00,47.00,8.00,13.00,10.00,8.50,40.00,5.50,14.00,9.50,11.50,41.00,18.50,10.50,16.00,6.00,51.00,16.00,14.00,12.00,13.50,56.00,GUJ
765,FY5,CSE_CYBER,216,24002171910010,C8,KACHHADIYA MEET JAYANTILA,JRC,10.00,17.00,6.50,8.75,43.00,12.00,11.00,8.00,8.75,40.00,19.00,7.00,13.50,11.25,51.00,7.00,8.50,13.00,11.75,41.00,14.00,16.50,13.00,16.00,60.00,GUJ
772,FY1,AIML,235,24002170410009,D9,GODHANI UDAY GAUTAMBHAI,PKS,13.00,18.00,5.50,10.25,47.00,9.50,17.00,8.00,10.50,45.00,8.00,13.00,14.00,13.75,49.00,11.00,10.50,8.50,14.25,45.00,9.50,13.00,8.00,16.75,48.00,GUJ
772,FY2,CSD,132,24002170310004,B5,"BAMBHAROLIYA KRISH
CHANDUBHAI",PVS,16.50,15.50,8.00,15.50,56.00,12.00,13.50,12.00,8.50,46.00,11.50,11.50,7.50,AB,31.00,16.50,9.00,12.00,14.00,52.00,20.00,10.50,6.00,12.00,49.00,GUJ
772,FY5,CST,197,24002171310012,C7,BORSANIA KHUSH NILESHKUMA,MDP,10.50,17.00,7.00,11.00,46.00,9.00,10.50,12.00,6.75,39.00,13.50,11.00,7.00,16.25,48.00,16.50,14.00,11.50,11.50,54.00,17.50,3.00,7.00,19.00,47.00,ENG
775,FY1,CE,199,24002170110057,D7,"JADAV ROSHANIBEN
RAMESHBHAI",VRS,11.50,14.50,6.50,11.25,44.00,11.50,11.50,9.50,14.00,47.00,11.50,7.50,13.00,11.25,44.00,12.50,10.00,11.00,12.25,46.00,14.00,18.00,6.00,13.75,52.00,GUJ
775,FY1,CE,170,24002170110070,D6,KAKADIYA PRANT DIPAKBHAI,VSA,13.50,11.00,7.50,8.75,41.00,12.50,17.50,8.00,10.50,49.00,19.50,13.50,8.00,11.25,53.00,14.50,13.00,15.50,9.75,53.00,15.00,8.00,5.00,9.00,37.00,GUJ
775,FY2,IT,86,24002170210130,B3,TRIVEDI KARAN SUNILKUMAR,IAM,8.50,7.50,10.50,6.75,34.00,15.00,16.00,5.50,11.50,48.00,18.00,16.50,12.00,11.25,58.00,13.00,13.50,15.00,9.50,51.00,13.50,15.00,5.50,8.00,42.00,ENG
775,FY4,CSE,135,24002171210026,A5,"CHAUDHARY KAUSHAL
RAKESHBHAI",BPD,12.00,18.00,AB,7.25,38.00,16.00,20.50,AB,8.00,45.00,18.00,15.50,AB,15.00,49.00,21.50,17.00,AB,12.00,51.00,17.00,20.50,AB,12.00,50.00,GUJ
775,FY4,CSE,245,24002171210144,A8,PRAJAPATI DHRUV DEEPAKBHA I,MHM,7.00,13.00,8.50,10.75,40.00,14.50,9.00,10.00,8.50,42.00,13.00,10.50,11.00,10.50,45.00,10.00,13.00,14.50,17.50,55.00,15.00,7.00,12.00,16.75,51.00,GUJ
775,FY4,CEA,262,24002171510012,A9,JIKADARA HIMANSHU BHARATB,SVC,12.00,13.50,8.00,9.75,44.00,12.00,14.00,9.00,10.00,45.00,12.50,16.50,10.00,8.50,48.00,6.50,11.50,19.50,10.00,48.00,14.50,11.00,12.00,10.50,48.00,GUJ
775,FY4,CEA,273,24002171510016,A9,KHICHADIYA MANSI HITESHBHA,RMP,9.50,15.50,7.00,8.75,41.00,13.00,14.00,3.00,11.00,41.00,10.50,9.50,5.50,17.50,43.00,15.50,16.00,16.00,14.25,62.00,18.00,11.50,7.00,9.50,46.00,GUJ
782,FY1,CE,212,24002170110035,D8,"DOBARIYA SWAYAM
CHANDUBHAI",DJU,9.50,13.00,8.00,10.25,41.00,11.00,13.50,7.50,10.00,42.00,12.00,7.00,13.50,14.25,47.00,15.00,13.50,16.00,14.25,59.00,11.50,12.00,6.00,13.00,43.00,GUJ
782,FY1,CE,232,24002170110188,D8,"THUMMAR DHRUVIL
RAJESHBHAI",DJU,13.00,18.00,10.50,11.00,53.00,8.00,8.00,10.50,4.25,31.00,11.00,10.50,2.00,10.50,34.00,20.00,16.00,15.00,18.00,69.00,13.50,12.00,8.00,10.75,45.00,GUJ
782,FY4,CS&IT,208,24002171410058,A7,VANSH RITESH CHAVDA,HSP,13.50,20.00,13.00,17.75,65.00,5.00,6.00,4.00,5.25,21.00,6.50,2.50,8.50,10.50,28.00,18.00,14.50,15.50,16.00,64.00,17.50,11.00,14.00,11.50,54.00,ENG
782,FY5,CST,228,24002171310085,C8,NAKRANI PRINCEKUMAR PUNAB,KGB,8.00,11.50,8.00,10.50,38.00,8.00,13.50,10.00,9.00,41.00,11.50,12.00,10.50,15.75,50.00,16.00,5.00,16.00,14.50,52.00,13.00,12.00,7.00,18.50,51.00,GUJ
786,FY2,IT,124,24002170210081,B5,"PATEL SHUBHAM
MUKESHKUMAR",JPM,10.50,12.00,3.00,10.75,37.00,11.00,12.50,13.00,13.50,50.00,14.00,13.00,12.50,13.75,54.00,15.50,14.00,0.00,10.00,40.00,13.00,12.00,12.00,13.00,50.00,GUJ
786,FY2,AIDS,114,24002170510020,B4,KOLADIYA VRAJ KISHORBHAI,NRS,12.00,11.00,12.50,12.50,48.00,8.00,14.00,5.00,7.00,34.00,6.50,10.00,7.50,15.75,40.00,16.00,13.00,14.00,16.00,59.00,13.50,13.50,9.00,13.50,50.00,GUJ
786,FY2,AIDS,95,24002170510022,B4,KUKADIYA VED MUKESHBHAI,JPM,14.50,14.50,10.50,11.25,51.00,9.00,14.50,4.50,9.75,38.00,12.00,13.00,2.50,10.50,38.00,16.50,12.00,15.00,13.00,57.00,11.00,13.50,9.00,13.00,47.00,GUJ
786,FY2,AIDS,166,24002170510023,B6,"LUNAGARIYA HINAV
HIMMATBHAI",NRS,13.50,12.00,8.00,11.75,46.00,11.00,12.50,6.00,7.75,38.00,16.00,11.50,13.00,10.75,52.00,13.00,12.00,12.50,20.00,58.00,9.00,9.50,6.00,12.50,37.00,GUJ
786,FY5,CSE_DS,93,24002171810025,C4,SHAH MEET JAYESHBHAI,DHK,14.00,18.50,6.00,9.50,48.00,12.50,15.50,10.00,12.50,51.00,13.00,10.00,11.50,8.75,44.00,10.50,12.50,11.00,14.50,49.00,11.00,4.50,12.00,11.50,39.00,ENG
791,FY1,CE,165,24002170110087,D6,MARU ARYA PANKAJBHAI,PKS,8.00,14.00,10.50,12.25,45.00,11.50,11.00,7.50,13.00,43.00,12.00,13.50,1.00,14.00,41.00,16.50,11.50,13.50,17.50,59.00,15.00,7.00,7.00,13.00,42.00,GUJ
791,FY5,CST,186,24002171310155,C7,SHAH KRISH ALPESHKUMAR,MDP,13.50,14.00,12.50,11.25,52.00,6.50,5.00,7.50,7.00,26.00,8.00,12.00,7.50,15.25,43.00,16.00,12.50,18.00,13.25,60.00,16.00,9.50,10.00,13.50,49.00,ENG
791,FY5,BIOTECH,268,24002172110005,C10,PATEL DHARMIKKUMAR NAVIN C,DAS,5.50,11.50,10.50,10.25,38.00,7.00,7.00,6.00,12.00,32.00,17.00,17.50,11.50,10.50,57.00,11.50,10.50,18.00,16.00,56.00,17.00,4.50,10.00,15.00,47.00,GUJ
794,FY1,CE,202,24002170110091,D7,MOKARIYA SANJAY DEVAYAT,DJU,9.00,12.00,8.50,11.25,41.00,8.00,12.00,10.50,13.25,44.00,12.00,11.00,11.50,12.50,47.00,10.00,11.50,15.50,13.00,50.00,12.50,12.00,9.50,12.75,47.00,GUJ
794,FY1,CE,239,24002170110112,D9,"PARMAR ANIKET
BHAVESHBHAI",VRS,12.50,8.00,5.50,9.50,36.00,12.00,9.50,16.50,13.50,52.00,12.00,14.50,13.50,10.50,51.00,14.00,11.50,13.50,13.50,53.00,9.00,11.50,6.00,10.50,37.00,GUJ
794,FY1,AIML,203,24002170410026,D7,"MENDPARA VED
HASMUKHBHAI",PBS,10.50,14.50,8.50,10.50,44.00,11.00,7.00,12.00,6.00,36.00,9.50,7.00,9.00,16.00,42.00,14.00,10.50,14.00,14.25,53.00,14.00,9.00,11.50,19.00,54.00,GUJ
794,FY4,CSE,164,24002171210153,A6,RATHOD DAKSH SUNILBHAI,PJD,9.00,15.50,7.50,11.50,44.00,10.50,5.00,14.00,4.00,34.00,8.00,7.00,13.00,14.50,43.00,15.50,14.50,17.50,12.50,60.00,16.00,7.50,10.00,14.00,48.00,ENG
794,FY5,CST,162,24002171310153,C6,SHAH PARV JIGNESHBHAI,KGB,13.50,12.00,4.00,5.50,35.00,17.00,17.00,10.50,7.50,52.00,9.00,10.00,4.50,13.00,37.00,17.00,12.00,12.00,13.25,55.00,10.50,14.00,12.00,13.00,50.00,ENG
794,FY5,CSE_AI,91,24002171710014,C4,MATARIYA PRINCE KALUBHAI,ARP,10.50,14.50,3.50,8.25,37.00,16.50,14.00,7.50,8.50,47.00,9.50,11.00,10.50,8.25,40.00,17.50,7.00,15.00,14.50,54.00,18.00,8.00,11.00,13.50,51.00,GUJ
794,FY5,CSE_AI,136,24002171710032,C5,VARTEJI ALIRAZA ARSHAD,DAS,9.50,22.00,7.50,10.25,50.00,5.00,14.00,10.50,11.50,41.00,5.00,9.00,13.00,13.25,41.00,4.50,12.00,17.00,11.75,46.00,16.00,10.00,10.00,14.50,51.00,ENG
794,FY5,CSE_DS,163,24002171810019,C6,MIYANI KRISH SURESHBHAI,KPP,15.50,13.50,7.00,14.50,51.00,7.00,2.00,17.00,10.00,36.00,9.00,3.50,9.00,11.75,34.00,15.50,15.00,14.00,13.75,59.00,14.00,8.50,13.00,12.75,49.00,GUJ
802,FY1,CE,192,24002170110172,D7,SHIRA VIRAT MUKESHBHAI,DJU,9.00,17.50,4.50,8.25,40.00,15.00,16.00,14.50,6.75,53.00,13.00,10.50,9.00,11.50,44.00,13.00,12.50,9.00,9.25,44.00,10.50,15.00,7.00,14.00,47.00,GUJ
802,FY1,AIML,194,24002170410050,D7,SIDDHARTH JANI,PDB,11.00,10.00,8.00,13.00,42.00,11.00,11.50,13.50,10.00,46.00,15.50,13.00,11.00,12.50,52.00,12.00,9.00,8.00,12.00,41.00,15.00,10.00,7.50,14.00,47.00,ENG
802,FY4,CSE,269,24002171210009,A9,BHALALA ARYAN BRIJESHBHAI,MHM,10.50,14.00,5.50,11.00,41.00,12.00,9.00,8.00,9.00,38.00,11.50,13.50,11.00,8.50,45.00,17.00,13.00,17.00,12.75,60.00,12.00,12.00,8.50,11.00,44.00,GUJ
802,FY4,CS&IT,191,24002171410036,A6,ROJESARA MAYANK DIPAKBHAI,VVV,10.50,13.00,6.50,6.75,37.00,14.00,8.00,9.50,5.50,37.00,10.50,11.50,9.00,17.00,48.00,15.50,11.50,16.00,15.50,59.00,15.50,9.00,9.00,13.50,47.00,GUJ
802,FY5,CST,214,24002171310002,C8,ANIYALIYA ARYAN ANILBHAI,DHK,13.50,14.00,7.00,11.00,46.00,5.50,16.50,9.00,5.75,37.00,5.50,7.50,5.00,15.50,34.00,12.00,14.50,15.50,15.00,57.00,13.00,13.00,11.50,16.25,54.00,GUJ
802,FY5,CST,226,24002171310059,C8,KANSARA NEEV TARAKKUMAR,JAZ,10.50,17.50,8.00,13.00,49.00,7.00,14.50,8.00,8.00,38.00,8.50,3.00,18.00,9.75,40.00,9.00,10.50,17.50,6.00,43.00,13.50,9.00,17.50,18.00,58.00,ENG
808,FY1,CE,143,24002170110050,D5,GOYANI VED JAGDISHBHAI,PBS,11.00,10.00,7.00,5.00,33.00,12.50,19.00,13.50,8.00,53.00,12.50,14.50,17.00,8.25,53.00,16.50,10.50,9.00,12.00,48.00,12.00,12.00,6.50,9.00,40.00,GUJ
808,FY2,IT,142,24002170210088,B5,PATEL VRUNDA RAKESHBHAI,IAM,9.00,11.00,6.00,10.25,37.00,14.00,7.50,14.00,12.50,48.00,12.00,9.00,11.00,15.50,48.00,14.00,13.00,11.00,11.25,50.00,13.50,9.00,7.50,13.50,44.00,GUJ
808,FY4,CEA,239,24002171510030,A8,SODHA HARSHIT HARESHBHAI,VVV,11.50,12.00,7.00,7.50,38.00,7.00,12.00,6.50,7.00,33.00,16.50,7.50,7.50,7.25,39.00,16.00,13.50,15.00,20.00,65.00,18.50,12.00,10.50,10.50,52.00,ENG
811,FY1,CE,189,24002170110092,D7,MORI SHREYANSH MAHENDRA,VRS,7.50,11.00,9.00,10.25,38.00,9.00,19.00,12.00,12.25,53.00,15.50,8.50,8.50,14.00,47.00,7.50,13.00,14.50,9.25,45.00,14.50,10.50,5.00,12.50,43.00,ENG
811,FY1,CE,242,24002170110150,D9,"PITHVA PARTHIV
DEVENDRABHAI",DJU,10.00,14.50,5.50,11.25,42.00,10.00,17.00,13.00,7.00,47.00,8.50,13.00,9.00,10.75,42.00,12.50,14.50,13.50,8.75,50.00,13.00,8.50,8.50,14.75,45.00,GUJ
811,FY1,AIML,177,24002170410056,D7,"VITHANI PANTHI
SHAILESHBHAI",RDR,12.50,12.00,4.50,6.75,36.00,12.00,12.50,11.50,10.50,47.00,10.00,14.00,12.50,12.75,50.00,10.50,12.50,11.00,12.50,47.00,14.00,10.00,11.50,10.50,46.00,GUJ
811,FY2,CSD,175,24002170310001,B7,AGHARIYA RIYABEN SULTANAL I,YRP,16.50,13.50,8.50,11.75,51.00,12.00,9.00,5.50,6.00,33.00,0.00,6.50,11.00,12.25,30.00,16.00,16.00,16.00,13.00,61.00,17.50,9.00,14.50,9.50,51.00,GUJ
811,FY2,CSD,158,24002170310017,B6,RATHVI RAJVEER PRATAPBHAI,MMT,16.50,14.00,8.00,13.00,52.00,11.00,6.50,5.50,4.00,27.00,10.00,11.00,13.00,13.25,48.00,14.50,12.00,13.00,18.25,58.00,11.00,5.00,7.00,18.00,41.00,GUJ
811,FY4,MA&CP,257,24002171610003,A9,CHAUHAN RAJESHBHAI RAVJIBH,MHM,10.50,12.50,7.00,8.25,39.00,9.50,14.00,11.00,8.00,43.00,10.50,10.00,5.00,11.25,37.00,16.00,13.00,11.00,17.50,58.00,17.50,10.00,9.00,12.00,49.00,GUJ
811,FY4,MA&CP,233,24002171610012,A8,MODI SAUMYA ALPESHKUMAR,MHM,6.00,11.50,12.50,6.50,37.00,20.00,7.50,11.00,6.50,45.00,7.00,11.50,8.00,15.00,42.00,17.00,12.00,10.00,17.00,56.00,15.50,7.50,9.00,14.00,46.00,GUJ
811,FY5,CST,199,24002171310080,C7,MODI NISHIT KALPESHBHAI,ADB,14.00,16.50,5.00,10.50,46.00,10.00,14.50,6.00,12.75,44.00,11.50,12.00,11.50,10.25,46.00,14.00,12.50,13.50,10.50,51.00,10.50,8.00,8.00,12.50,39.00,GUJ
819,FY1,CE,246,24002170110011,D9,"BABARIYA DAKSH
DHARMESHBHAI",PVV,9.50,11.00,4.50,7.25,33.00,15.50,15.00,17.00,12.75,61.00,15.50,6.00,10.00,12.25,44.00,11.50,12.50,12.00,10.50,47.00,12.00,6.00,10.00,12.00,40.00,GUJ
819,FY5,BIOTECH,265,24002172110002,C10,BHATT PRANAV PARESHBHAI,ADB,9.50,16.50,5.50,10.25,42.00,4.50,6.00,8.00,9.50,28.00,17.00,20.50,16.00,10.50,64.00,10.50,12.00,13.50,10.50,47.00,15.00,7.00,8.50,13.00,44.00,GUJ
821,FY1,CE,144,24002170110002,D5,"AGHARA SMITKUMAR
NARENDRABHAI",PDB,9.50,13.50,6.00,14.25,44.00,10.50,8.50,10.00,14.50,44.00,12.00,8.50,11.50,9.75,42.00,10.50,14.00,13.00,16.50,54.00,6.50,12.50,6.00,14.75,40.00,GUJ
821,FY1,CE,218,24002170110153,D8,"RABADIYA PRITKUMAR
PARESHBHAI",PKS,10.50,17.00,6.00,12.00,46.00,9.00,14.50,6.00,8.00,38.00,11.50,11.00,9.50,9.00,41.00,11.00,9.50,16.00,12.50,49.00,12.00,13.00,10.50,14.25,50.00,GUJ
821,FY1,AIML,222,24002170410035,D8,PATEL MAN UMESHKUMAR,DJU,9.50,13.50,7.00,7.75,38.00,8.50,11.50,11.00,2.00,33.00,11.00,13.00,11.50,9.75,46.00,13.50,11.00,16.00,13.25,54.00,16.00,10.00,11.50,14.75,53.00,GUJ
821,FY2,IT,120,24002170210080,B5,PATEL UTSAV KAMLESHBHAI,MMT,13.50,15.00,4.50,11.75,45.00,13.50,7.50,6.00,5.50,33.00,14.00,9.00,11.00,13.25,48.00,10.50,15.00,11.50,12.75,50.00,13.00,12.50,12.00,10.50,48.00,GUJ
821,FY2,IT,51,24002170210115,B2,SHAH KALASH NIKHILBHAI,JPM,14.50,11.50,8.50,12.25,47.00,10.50,9.50,11.00,8.00,39.00,11.00,10.00,7.50,12.50,41.00,18.50,12.50,15.00,11.50,58.00,14.00,9.00,7.00,9.00,39.00,ENG
826,FY1,CE,176,24002170110134,D7,"PATEL SMITKUMAR
DINESHBHAI",PVV,12.00,17.00,5.50,5.25,40.00,13.50,15.50,9.00,6.50,45.00,18.00,11.00,6.00,12.75,48.00,16.00,10.00,11.00,14.50,52.00,13.00,7.50,6.00,11.50,38.00,GUJ
826,FY2,IT,174,24002170210008,B7,"CHAPADIA TRUSHANGI
MANISHKUMAR",PVS,9.50,13.50,7.00,10.25,41.00,6.00,9.00,5.00,8.00,28.00,9.50,13.50,6.50,10.25,40.00,10.50,14.00,18.00,13.25,56.00,18.50,17.00,12.00,10.00,58.00,GUJ
826,FY4,CSE,162,24002171210014,A6,BHATT DHYAN HITENKUMAR,NPB,12.50,5.50,6.00,12.00,36.00,16.00,5.50,15.50,13.25,51.00,14.50,3.50,7.50,11.75,38.00,15.50,7.50,17.50,16.50,57.00,16.50,7.50,6.50,10.50,41.00,GUJ
826,FY4,CSE,272,24002171210205,A9,VORA PRIYANSH HASMUKHBHA I,PJD,10.00,14.00,8.50,10.75,44.00,7.00,12.50,11.50,14.25,46.00,16.00,11.50,6.00,9.50,43.00,10.00,13.00,16.00,14.50,54.00,9.00,8.00,5.00,13.50,36.00,GUJ
826,FY5,CSE_DS,144,24002171810020,C5,PATEL DAX ASHOKBHAI,ADB,10.50,14.00,9.50,13.50,48.00,6.50,10.50,19.00,12.25,49.00,8.00,8.50,10.50,12.50,40.00,5.50,10.00,17.00,9.25,42.00,11.00,6.00,14.00,12.25,44.00,GUJ
831,FY2,IT,141,24002170210108,B5,SHAH YUGAM VISHAL,AIG,11.00,11.50,6.50,6.50,36.00,10.00,13.50,12.00,14.25,50.00,15.50,10.00,7.00,13.50,46.00,13.00,8.50,12.50,10.25,45.00,7.50,15.50,10.00,12.00,45.00,ENG
831,FY2,IT,115,24002170210121,B4,SURANI AYAN AMIR,JPM,17.50,15.00,10.50,8.50,52.00,14.00,4.50,13.00,6.00,38.00,14.00,6.00,8.50,11.50,40.00,15.50,11.00,15.00,14.00,56.00,13.00,7.00,7.00,8.50,36.00,ENG
831,FY4,CSE,264,24002171210008,A9,BHADKOLIYA VAIBHAV KANTIB H,VVP,10.00,11.50,6.50,9.75,38.00,9.00,17.50,9.50,11.25,48.00,6.00,11.00,8.00,14.25,40.00,12.50,16.50,15.50,8.50,53.00,7.50,10.00,12.00,13.50,43.00,GUJ
831,FY5,CST,181,24002171310008,C7,BHINGRADIYA YUG NITINBHAI,DHK,11.50,11.00,7.00,9.25,39.00,10.50,8.00,6.50,13.00,38.00,11.50,11.50,4.50,11.25,39.00,17.50,11.00,17.00,14.50,60.00,11.50,8.00,14.00,12.00,46.00,GUJ
831,FY5,CST,246,24002171310043,C9,GUPTA TANMAY BHARATBHAI,DAS,9.00,14.50,7.50,13.00,44.00,6.00,15.00,8.00,12.50,42.00,4.00,9.00,4.50,12.25,30.00,11.00,13.50,17.00,13.50,55.00,11.00,13.50,14.00,12.00,51.00,ENG
836,FY2,CSD,136,24002170310013,B5,"PARMAR VIVEKKUMAR
SANJAYBHAI",MMT,9.50,9.00,11.00,9.00,39.00,15.00,9.50,10.50,9.00,44.00,11.50,5.50,11.50,12.25,41.00,12.00,15.50,11.50,13.50,53.00,9.00,13.00,9.50,12.00,44.00,ENG
836,FY4,CSE,276,24002171210030,A9,"CHRISTIAN MACKLIN
NELSONBHAI",VVP,11.50,11.50,6.50,9.00,39.00,10.00,9.00,7.00,7.00,33.00,12.50,6.50,8.00,17.00,44.00,16.00,13.50,14.50,10.00,54.00,15.50,9.00,12.50,13.50,51.00,ENG
838,FY4,CSE,255,24002171210033,A9,"DABHI PARTH
JITENDRAKUMAR",BPD,12.50,11.50,5.50,9.25,39.00,14.00,7.00,8.50,8.50,38.00,16.50,5.00,12.00,10.00,44.00,12.50,13.00,14.50,11.50,52.00,15.50,11.00,12.00,8.00,47.00,GUJ
838,FY5,CST,177,24002171310179,C7,VHORA REHAN AHEMADHUSEN,ADB,10.50,8.50,13.00,14.75,47.00,9.00,4.00,16.00,15.50,45.00,11.00,0.00,13.50,9.00,34.00,17.00,7.50,12.00,13.25,50.00,13.50,6.00,11.00,13.50,44.00,GUJ
838,FY5,CSE_CYBER,198,24002171910022,C7,VAGHANI RAJ HARESHBHAI,VHP,8.50,16.50,6.00,9.25,41.00,10.00,8.00,7.00,5.50,31.00,11.00,7.00,12.00,9.00,39.00,17.50,13.00,14.00,11.00,56.00,14.00,14.00,11.00,14.00,53.00,GUJ
841,FY1,CE,184,24002170110012,D7,BAVARVA KUSH JAGDISHBHAI,PDB,7.50,15.50,7.00,6.75,37.00,12.50,9.50,12.00,9.25,44.00,17.50,4.00,12.50,10.50,45.00,16.00,11.50,16.00,13.50,57.00,11.00,10.00,5.00,9.50,36.00,GUJ
841,FY1,CE,224,24002170110159,D8,"SANGANI POOJAN
KAMLESHBHAI",PDB,10.00,16.50,4.50,6.25,38.00,8.00,22.50,17.00,AB,48.00,16.00,19.00,10.50,9.25,55.00,14.00,12.00,10.00,4.50,41.00,11.00,8.00,7.00,10.50,37.00,GUJ
841,FY4,CSE,252,24002171210050,A9,"GAUSWAMI VISHWASAGIRI
BHIKHUGIRI",VVP,9.50,14.00,4.50,16.00,44.00,9.00,10.00,8.00,8.00,35.00,15.00,15.50,13.00,12.25,56.00,12.00,14.50,10.50,12.00,49.00,12.00,7.00,9.00,6.75,35.00,GUJ
841,FY5,CST,185,24002171310111,C7,PATEL DHRUMISH TUSHAR,KPP,10.00,8.50,4.00,12.25,35.00,11.00,9.00,9.50,6.00,36.00,6.50,6.00,13.50,15.25,42.00,12.00,11.50,12.00,14.25,50.00,18.00,8.50,15.00,14.50,56.00,ENG
845,FY2,AIDS,148,24002170510005,B6,BHUVA MEK SHIRISHBHAI,AIG,11.00,9.50,9.00,8.25,38.00,13.00,8.50,7.00,8.00,37.00,10.50,10.00,11.50,10.50,43.00,11.00,13.00,12.00,14.50,51.00,9.00,15.50,10.00,14.25,49.00,GUJ
846,FY2,CSD,159,24002170310018,B6,SHAH KASHVI AMARBHAI,PVS,10.00,12.50,7.00,7.75,38.00,10.00,8.50,9.50,9.50,38.00,10.50,7.00,11.00,9.75,39.00,8.50,10.00,17.00,17.75,54.00,15.00,7.00,13.00,13.00,48.00,ENG
846,FY5,CST,195,24002171310101,C7,PATEL DHVANITKUMAR BHAVE S,KGB,8.00,12.50,6.50,10.00,37.00,5.00,9.50,9.00,7.00,31.00,12.50,10.00,9.00,12.50,44.00,13.50,14.00,11.50,14.75,54.00,17.00,10.00,8.50,15.50,51.00,GUJ
848,FY1,CE,225,24002170110163,D8,"SAVALIYA DIVYESH
BHARATBHAI",PKS,6.00,15.50,6.50,8.25,37.00,9.50,15.50,13.00,7.00,45.00,13.50,11.00,9.50,12.00,46.00,8.50,9.50,14.50,15.50,48.00,11.50,6.50,8.50,12.75,40.00,GUJ
848,FY2,IT,181,24002170210049,B7,MAKVANA JYOT SHAILESHBHAI,PVS,10.50,12.00,6.50,9.00,38.00,11.50,13.00,9.00,10.00,44.00,10.50,12.50,10.50,9.50,43.00,11.50,11.50,12.00,10.25,46.00,14.50,10.00,9.50,10.50,45.00,GUJ
848,FY2,IT,164,24002170210089,B6,PATEL MEGH MITESHKUMAR,JPM,14.00,13.50,5.50,11.75,45.00,8.00,10.50,15.00,9.00,43.00,9.00,4.00,15.50,13.00,42.00,13.00,11.00,12.00,14.00,50.00,13.50,5.00,6.00,11.00,36.00,ENG
848,FY2,AIDS,169,24002170510006,B6,BHUVA KRISA GOVINDBHAI,AIG,14.00,10.50,7.00,10.25,42.00,10.50,16.00,14.00,5.00,46.00,11.00,2.50,13.00,11.50,38.00,6.50,11.50,14.50,16.00,49.00,10.00,9.50,8.00,13.50,41.00,GUJ
848,FY4,CEA,279,24002171510009,A9,HADIYAL DEVANG GIRISHBHAI,BPD,16.50,13.50,9.00,10.50,50.00,10.50,12.00,13.00,6.00,42.00,10.50,6.50,4.50,12.00,34.00,9.00,11.50,16.00,9.50,46.00,17.00,6.00,7.00,14.00,44.00,GUJ
853,FY1,CE,146,24002170110044,D6,GOHIL MAHIR KIRTIBHAI,PVV,8.00,10.00,9.50,12.00,40.00,9.50,7.00,9.50,11.50,38.00,10.50,6.50,6.50,13.25,37.00,15.00,14.00,16.00,9.25,55.00,15.00,16.00,5.00,8.50,45.00,ENG
853,FY2,IT,156,24002170210016,B6,"DHANDHUKIYA JENSI
NITINBHAI",JPM,9.50,10.50,5.50,11.25,37.00,13.00,11.00,11.00,15.50,51.00,10.00,10.50,8.00,9.00,38.00,8.00,12.00,17.50,15.00,53.00,10.00,7.50,6.00,12.00,36.00,GUJ
853,FY4,CSE,274,24002171210058,A9,HIRANI DHRUVKUMAR RAMESH B,SVC,10.00,14.50,8.50,10.75,44.00,5.00,10.50,9.50,4.50,30.00,18.50,11.50,8.50,8.00,47.00,14.50,12.50,12.50,9.25,49.00,13.00,14.50,10.50,6.50,45.00,GUJ
853,FY4,CSE,275,24002171210071,A9,KARAD KRISH RAJESHBHAI,VVV,8.00,15.00,6.00,10.75,40.00,9.00,13.00,3.00,6.00,31.00,9.50,11.50,11.00,10.25,43.00,13.00,14.50,12.50,13.75,54.00,11.50,11.00,12.50,11.50,47.00,GUJ
853,FY4,CEA,295,24002171510018,A10,MAKWANA PRUTHVIRAJSINH GI R,PAT,10.50,13.00,9.50,6.50,40.00,10.00,12.00,9.50,9.25,41.00,7.50,12.00,8.00,12.50,40.00,13.00,13.00,14.00,14.50,55.00,8.00,10.00,8.00,13.00,39.00,GUJ
853,FY5,CST,204,24002171310133,C7,RATHOD HASNAIN JAYDEEPSINH,JAZ,9.50,15.00,11.50,12.50,49.00,7.00,13.00,8.50,14.00,43.00,10.00,11.50,7.00,11.50,40.00,12.00,8.00,9.00,10.50,40.00,14.00,6.00,9.00,14.00,43.00,GUJ
853,FY5,CST,176,24002171310152,C6,SHAH JHANAVI HIREN,VHP,10.50,16.00,7.50,8.00,42.00,4.00,16.00,9.50,9.25,39.00,6.50,9.00,7.50,13.75,37.00,15.50,11.00,9.00,9.75,46.00,12.00,10.00,12.00,16.50,51.00,ENG
853,FY5,CST,196,24002171310166,C7,SUTHAR DHAIRYA SNEH,KPP,14.00,17.00,9.00,17.00,57.00,5.00,12.00,4.00,6.00,27.00,9.00,10.00,11.50,10.50,41.00,10.50,10.00,16.00,13.75,51.00,10.00,10.50,7.00,11.50,39.00,ENG
861,FY2,CSD,173,24002170310005,B7,CHAUHAN HIT SUNILBHAI,NRS,11.50,11.00,7.00,12.50,42.00,AB,9.00,10.00,8.50,28.00,10.50,12.50,10.00,11.25,45.00,13.00,12.00,13.50,14.50,53.00,8.50,12.50,10.50,14.00,46.00,Hindi
861,FY2,AIDS,138,24002170510027,B5,MESARA DEEP VIJAYKUMAR,PVS,11.00,13.50,7.00,8.75,41.00,10.50,3.00,4.50,8.25,27.00,11.00,10.00,11.00,13.75,46.00,9.50,12.00,11.00,18.00,51.00,15.00,14.00,7.00,12.50,49.00,ENG
861,FY4,CSE,263,24002171210183,A9,SOJITRA DIKSHANT HIMANSHUB,VVV,11.50,15.00,8.00,12.00,47.00,10.50,15.00,5.00,8.50,39.00,9.50,11.50,8.50,8.75,39.00,16.00,9.00,18.50,9.00,53.00,10.00,10.50,6.00,9.50,36.00,GUJ
861,FY4,CS&IT,254,24002171410046,A9,SHERASIA AUM HITENDRABHAI,ASA,12.00,16.50,7.50,11.00,47.00,8.00,12.00,6.50,6.00,33.00,8.00,13.50,7.50,9.25,39.00,14.50,12.00,21.00,12.00,60.00,10.50,7.00,7.00,10.50,35.00,GUJ
861,FY4,CS&IT,204,24002171410051,A7,SONI PARAM NIMESH,VVP,13.50,16.00,9.00,13.50,52.00,10.00,8.00,2.00,11.75,32.00,9.00,8.00,8.50,10.00,36.00,10.00,13.00,17.00,11.00,51.00,17.00,10.00,6.00,9.50,43.00,ENG
861,FY5,CST,137,24002171310159,C5,SHREEYA SAMIR BHATT,DHK,13.00,19.00,12.50,11.50,56.00,9.00,11.00,9.50,5.00,35.00,9.50,4.50,8.50,11.25,34.00,9.00,9.50,14.50,11.50,45.00,13.00,12.50,3.00,15.50,44.00,ENG
861,FY5,CSE_DS,212,24002171810005,C8,CHAUDHARI NEELKUMAR UTTA M,ARP,11.00,20.50,5.00,6.75,44.00,5.50,6.00,11.00,8.50,31.00,9.00,5.00,6.50,9.75,31.00,11.00,12.50,13.00,13.50,50.00,19.00,12.00,15.00,12.00,58.00,GUJ
861,FY5,CSE_CYBER,215,24002171910002,C8,BUTANI JAYKUMAR ANILBHAI,JAZ,9.00,14.50,7.50,9.50,41.00,11.50,13.00,9.00,7.25,41.00,11.50,3.00,9.00,8.00,32.00,8.00,12.00,14.50,13.00,48.00,12.50,13.50,16.00,10.00,52.00,GUJ
869,FY4,CSE,224,24002171210066,A8,JETANI KRISH BHAVESHBHAI,PJD,13.00,11.50,8.50,9.00,42.00,8.00,6.00,5.50,8.00,28.00,17.00,9.50,7.00,10.25,44.00,10.00,15.00,16.00,15.00,56.00,14.00,5.00,12.50,11.50,43.00,GUJ
869,FY4,CSE,247,24002171210124,A8,PATEL SAHIL ALPESHBHAI,PAT,10.50,11.00,5.50,8.25,36.00,15.00,15.50,7.00,11.00,49.00,7.50,11.50,8.50,10.00,38.00,14.00,9.00,15.00,16.50,55.00,8.50,9.50,4.00,12.50,35.00,GUJ
869,FY5,CSE_DS,193,24002171810026,C7,SHAIKH MOHAMMED SAFWAN I M,JAZ,12.50,16.50,5.50,15.25,50.00,6.00,7.00,16.00,11.50,41.00,10.50,4.00,6.50,11.00,32.00,10.00,14.50,14.00,6.75,46.00,11.50,5.00,14.00,13.00,44.00,ENG
872,FY1,AIML,234,24002170410022,D9,MANDANI KRISH RAJESHBHAI,PDB,11.00,11.50,4.50,6.75,34.00,10.00,12.00,12.00,8.75,43.00,12.50,9.50,11.00,18.25,52.00,10.00,11.00,11.50,14.50,47.00,9.00,7.50,5.00,14.00,36.00,GUJ
872,FY5,CST,211,24002171310103,C8,PATEL HARSHIL PRAHLADBHAI,AMS,9.00,14.00,7.50,11.50,42.00,9.00,14.00,9.00,2.00,34.00,9.00,10.00,7.00,10.75,37.00,13.00,12.50,12.00,10.00,48.00,18.00,11.00,6.50,15.50,51.00,GUJ
874,FY2,IT,165,24002170210011,B6,"CHAUHAN SAUMY
KISHORKUMAR",MMT,14.50,15.00,6.50,9.00,45.00,12.50,13.00,10.00,10.75,47.00,11.50,12.00,7.00,8.50,39.00,13.00,11.00,16.00,9.00,49.00,8.00,6.50,6.00,10.25,31.00,GUJ
875,FY1,CE,237,24002170110083,D9,"LIMBASIYA AYUSHKUMAR
CHAMPAKBHAI",RDR,8.50,11.00,6.00,8.25,34.00,10.00,16.00,6.00,10.00,42.00,8.00,6.50,11.00,15.75,42.00,15.50,12.50,12.00,12.00,52.00,11.00,3.00,12.00,14.00,40.00,GUJ
875,FY1,AIML,216,24002170410041,D8,SANGANI YASH BHARATBHAI,PVV,10.00,11.00,5.50,9.50,36.00,11.50,10.00,3.00,10.00,35.00,10.50,12.00,10.00,12.75,46.00,13.00,10.00,12.50,14.00,50.00,11.00,9.00,9.00,13.50,43.00,GUJ
875,FY2,IT,128,24002170210038,B5,"KATESHIYA DAKSH
RAJESHBHAI",AIG,16.00,12.50,6.50,9.50,45.00,9.00,8.50,9.00,6.00,33.00,11.50,10.50,9.00,9.50,41.00,17.50,11.00,12.00,8.75,50.00,15.50,9.50,7.00,8.50,41.00,GUJ
875,FY2,AIDS,162,24002170510003,B6,ARYA JAY BHARATBHAI,IAM,9.50,14.00,11.00,12.25,47.00,11.00,6.00,12.00,7.50,37.00,7.00,10.50,10.00,11.50,39.00,9.50,11.50,13.50,16.00,51.00,9.00,6.50,7.50,13.00,36.00,ENG
875,FY5,CST,206,24002171310105,C8,PATEL VANSH RAMESHBHAI,KGB,9.00,11.50,6.50,9.50,37.00,8.00,14.50,12.50,8.00,43.00,10.00,10.00,14.00,6.50,41.00,11.50,12.00,12.50,10.50,47.00,11.00,10.00,4.50,16.00,42.00,GUJ
880,FY2,IT,150,24002170210042,B6,KOT MANAV MIHIRKUMAR,JPM,11.00,16.00,9.00,11.75,48.00,14.00,4.50,6.00,9.00,34.00,10.00,12.00,10.00,11.50,44.00,11.50,14.00,12.00,13.25,51.00,11.50,6.00,6.50,8.00,32.00,ENG
880,FY2,CSD,186,24002170310020,B7,UMATIYA NISARBHAI AMINBHAI,MMT,3.50,12.50,9.00,10.25,36.00,10.00,15.00,9.00,12.50,47.00,10.50,4.00,10.50,8.75,34.00,13.00,12.00,14.00,14.50,54.00,11.00,5.00,8.00,13.50,38.00,GUJ
880,FY5,CST,194,24002171310017,C7,CHAUHAN ARYANKUMAR NIKHI,JRC,15.50,12.00,6.50,7.50,42.00,10.50,6.50,7.50,5.25,30.00,14.00,10.00,5.50,7.75,38.00,12.50,12.00,17.00,11.00,53.00,15.00,9.00,7.00,15.00,46.00,GUJ
880,FY5,CST,224,24002171310165,C8,SUTARIYA SAFEERMEHDI ALIAB,DAS,9.50,14.50,7.50,6.75,39.00,9.00,14.00,12.00,4.25,40.00,5.50,5.50,14.00,14.50,40.00,11.00,11.50,12.00,14.25,49.00,12.50,5.50,8.00,14.50,41.00,ENG
880,FY5,CST,255,24002171310176,C9,VANANI DIPKUMAR BHARATBH A,AMS,13.00,13.00,7.50,10.00,44.00,6.00,8.00,4.50,11.00,30.00,11.50,3.50,7.00,11.75,34.00,8.50,12.00,16.00,11.50,48.00,17.50,12.00,10.00,13.00,53.00,GUJ
885,FY4,CSE,243,24002171210080,A8,KRISH GANGWAL,BPD,13.00,13.00,3.00,6.75,36.00,9.00,9.00,10.00,8.00,36.00,14.50,10.00,7.50,6.00,38.00,18.50,14.00,11.00,14.50,58.00,17.00,5.00,6.50,11.00,40.00,ENG
885,FY5,CST,140,24002171310079,C5,MIYANI VASU SUBHASHBHAI,KGB,11.00,18.00,5.50,12.50,47.00,14.00,11.50,8.00,6.75,41.00,6.50,9.00,6.00,9.50,31.00,10.00,9.50,11.50,14.50,46.00,16.00,7.00,11.00,9.00,43.00,GUJ
887,FY2,IT,187,24002170210077,B7,PATEL KISHAN CHETANBHAI,NRS,15.00,17.00,9.00,15.25,57.00,8.50,15.50,4.00,4.00,32.00,10.00,8.50,10.50,5.00,34.00,7.50,7.00,11.00,6.50,32.00,18.00,12.50,10.00,11.00,52.00,GUJ
887,FY2,AIDS,179,24002170510021,B7,KORIYA AVI MANOJBHAI,NRS,8.50,13.00,7.00,6.75,36.00,9.00,9.00,6.00,7.25,32.00,11.50,7.50,10.00,10.75,40.00,12.00,11.00,11.00,13.50,48.00,18.00,7.50,11.00,13.75,51.00,GUJ
887,FY4,CS&IT,298,24002171410018,A10,KANZARIYA KARNKUMAR DINE S,SVC,7.50,12.50,5.50,5.75,32.00,9.00,10.50,4.00,12.50,36.00,8.00,10.00,11.50,10.00,40.00,14.00,11.50,11.00,18.00,55.00,15.00,9.00,8.00,11.50,44.00,GUJ
887,FY4,CS&IT,283,24002171410031,A10,PATEL HARMIT PANKAJKUMAR,PAT,9.00,10.00,5.50,10.25,35.00,10.00,17.00,9.50,9.00,46.00,11.50,1.00,5.50,14.75,33.00,16.50,9.00,13.00,16.00,55.00,8.00,8.50,10.00,11.50,38.00,GUJ
887,FY5,CSE_DS,235,24002171810024,C9,RAJPUT MIHIR VASANTSINH,DAS,12.00,11.50,6.00,8.00,38.00,9.00,15.00,11.00,10.75,46.00,12.00,11.50,5.00,9.50,38.00,11.00,11.00,15.00,5.75,43.00,9.00,11.00,12.00,9.50,42.00,GUJ
892,FY5,CST,173,24002171310129,C6,RAJPUT DHRUVIL SINGH VIREND,KGB,11.00,16.00,2.50,10.00,40.00,10.00,10.00,9.50,6.50,36.00,7.50,12.00,6.50,8.25,35.00,14.50,11.50,11.50,8.25,46.00,15.50,13.00,8.00,12.50,49.00,ENG
893,FY1,CE,221,24002170110013,D8,"BELANI TIRTH
PRAKASHKUMAR",DBP,8.00,14.50,8.50,7.50,39.00,11.00,9.00,10.00,5.25,36.00,12.00,10.00,9.50,9.50,41.00,14.50,10.00,9.50,13.75,48.00,11.50,8.00,9.50,11.75,41.00,GUJ
893,FY1,AIML,243,24002170410021,D9,MANAN CHAUHAN,PBS,10.00,14.00,5.50,10.25,40.00,8.00,12.00,7.50,9.50,37.00,8.50,5.50,10.00,14.75,39.00,8.50,11.00,13.00,8.25,41.00,12.50,12.00,13.50,10.00,48.00,ENG
893,FY4,CEA,309,24002171510015,A10,DHARVI KATHROTIYA,RMP,9.00,11.50,10.00,7.75,39.00,6.00,10.00,9.00,8.25,34.00,3.00,4.50,7.50,14.50,30.00,12.50,10.50,17.00,18.50,59.00,15.50,6.00,14.00,7.00,43.00,ENG
896,FY2,IT,161,24002170210020,B6,"FINADIYA NILKANTH
GHANSHYAMBHAI",AIG,11.50,13.50,6.00,10.25,42.00,6.00,6.50,10.00,7.50,30.00,7.50,12.00,14.00,11.50,45.00,11.00,10.00,17.50,12.25,51.00,7.00,15.00,4.00,9.50,36.00,ENG
896,FY2,AIDS,131,24002170510002,B5,APARNATHI YAKSHGIRI HIRENG,YRP,14.50,13.00,7.00,9.75,45.00,7.50,13.00,8.00,8.50,37.00,11.00,2.50,9.00,9.75,33.00,9.00,11.00,9.50,11.50,41.00,17.00,12.50,8.00,10.50,48.00,GUJ
896,FY5,CST,219,24002171310084,C8,NAGAR PRATYAKSH JIGNESHKU,MDP,9.00,15.50,6.50,11.00,42.00,7.50,8.50,4.00,10.00,30.00,4.00,10.00,8.00,12.00,34.00,13.00,15.50,8.50,11.50,49.00,11.50,10.00,10.00,17.00,49.00,GUJ
896,FY5,CST,145,24002171310137,C5,RIZVI MOHAMMAD MEESAM TA B,AMS,12.00,14.50,4.00,6.75,38.00,7.00,18.00,11.50,10.50,47.00,12.50,11.50,6.00,8.75,39.00,4.50,9.00,15.00,13.75,43.00,9.00,10.50,7.00,10.00,37.00,ENG
900,FY2,AIDS,157,24002170510042,B6,"TUVAR PRATHAMSINH
KIRITSINH",IAM,10.00,13.00,6.00,7.25,37.00,9.00,5.50,8.50,4.50,28.00,9.50,9.50,10.50,12.25,42.00,19.00,13.00,14.50,10.50,57.00,8.00,5.00,10.00,15.25,39.00,ENG
900,FY4,CSE,189,24002171210018,A6,BHUVA SIDDH NIKULBHAI,RMP,8.00,12.00,AB,12.00,32.00,13.00,12.00,AB,15.50,41.00,14.00,13.00,AB,14.00,41.00,15.00,12.00,AB,21.00,48.00,13.50,12.00,AB,15.00,41.00,GUJ
900,FY4,CSE,234,24002171210187,A8,TELI DHARMIL ASHVINBHAI,NPB,9.50,11.00,7.00,11.25,39.00,11.00,9.00,12.00,5.25,38.00,9.00,10.00,5.50,12.00,37.00,16.00,10.00,16.00,11.50,54.00,11.00,3.00,6.00,14.50,35.00,ENG
903,FY4,CS&IT,289,24002171410003,A10,ASHI AMIN NURANI,ARY,5.50,13.50,7.50,9.75,37.00,11.00,11.50,8.00,14.00,45.00,8.50,9.00,7.00,12.75,38.00,13.50,10.50,9.00,12.00,45.00,11.00,8.00,9.00,9.00,37.00,ENG
903,FY5,CST,253,24002171310110,C9,PATEL RUDRAKUMAR MINESHB H,VHP,11.50,11.50,3.00,8.00,34.00,13.00,16.00,5.50,9.50,44.00,9.00,10.00,9.50,6.75,36.00,8.50,12.00,13.00,10.50,44.00,14.50,12.00,5.50,12.00,44.00,GUJ
903,FY5,CST,202,24002171310130,C7,RAMANI DHRUVIL JAYSUKHBHA,DAS,8.00,16.50,6.50,14.00,45.00,6.00,11.50,4.50,3.50,26.00,6.50,12.50,9.00,10.00,38.00,13.50,13.50,13.50,10.00,51.00,13.00,8.00,7.00,14.00,42.00,ENG
906,FY1,AIML,185,24002170410032,D7,PATEL RIDHAM NAVNITBHAI,PKS,8.50,11.00,4.00,6.25,30.00,9.50,18.00,7.50,7.00,42.00,6.50,10.50,13.50,11.50,42.00,12.00,12.00,12.00,11.75,48.00,11.00,6.50,7.00,14.25,39.00,GUJ
906,FY2,IT,168,24002170210051,B6,MATHIA PRATHAM MIHIR,PVS,12.00,15.50,6.00,9.25,43.00,7.50,6.50,11.00,11.00,36.00,6.00,9.00,8.00,13.75,37.00,11.50,11.00,11.50,11.50,46.00,8.00,11.00,9.50,10.00,39.00,ENG
906,FY2,AIDS,178,24002170510010,B7,"DHAKECHA PRINCE
PRAVINBHAI",IAM,10.50,10.00,8.00,8.00,37.00,7.00,10.00,5.00,10.25,33.00,9.50,7.50,10.00,12.00,39.00,13.50,10.00,12.00,12.50,48.00,12.50,8.50,9.00,13.50,44.00,GUJ
909,FY1,CE,226,24002170110016,D8,"BHANKHODIYA LAXMAN
ASHOKBHAI",PVV,9.00,10.50,5.00,8.75,34.00,13.00,1.50,9.00,13.50,37.00,8.00,7.00,8.00,12.25,36.00,9.00,14.50,14.00,11.50,49.00,10.00,13.00,10.00,10.00,43.00,GUJ
909,FY1,CE,240,24002170110034,D9,"DOBARIYA FORAM
HASMUKHBHAI",VSA,8.00,15.00,5.50,10.75,40.00,10.00,11.00,5.00,8.75,35.00,14.00,7.50,6.00,8.50,36.00,9.00,10.00,12.00,14.00,45.00,15.00,10.50,8.00,9.00,43.00,GUJ
909,FY2,IT,155,24002170210001,B6,ASHAPURI ANSHUL JAGDISH,AIG,9.00,7.00,3.00,13.50,33.00,11.50,6.50,11.50,12.25,42.00,7.00,10.00,5.50,9.75,33.00,11.50,8.50,14.00,17.00,51.00,12.00,9.50,7.00,11.00,40.00,ENG
909,FY2,IT,172,24002170210102,B6,SARVAIYA MANTHAN ASHAVIN B,MMT,13.00,11.00,6.00,8.50,39.00,9.00,14.00,7.50,11.00,42.00,12.00,9.00,8.50,9.75,40.00,11.00,11.50,11.50,13.25,48.00,6.00,7.00,6.50,10.00,30.00,GUJ
909,FY5,CST,187,24002171310024,C7,DESAI ANUJ RAMESHBHAI,VHP,9.50,9.50,6.00,6.25,32.00,9.00,10.50,7.00,7.75,35.00,12.50,8.00,6.50,8.75,36.00,13.50,10.00,15.50,17.50,57.00,9.00,8.00,9.00,13.00,39.00,ENG
909,FY5,CST,188,24002171310118,C7,PATEL HARSHUL ILESHBHAI,ADB,8.00,14.00,4.50,13.00,40.00,10.50,7.50,1.00,10.75,30.00,1.50,10.00,11.00,16.50,39.00,12.00,11.50,14.50,10.25,49.00,13.00,8.00,9.00,11.00,41.00,ENG
915,FY1,CE,251,24002170110180,D9,"SONAGARA NIRMAL
JAGDISHBHAI",DBP,10.50,16.50,6.00,6.50,40.00,2.50,17.50,11.00,4.00,35.00,11.00,9.50,10.50,8.50,40.00,12.00,11.00,10.00,10.00,43.00,6.50,13.00,7.00,13.50,40.00,GUJ
915,FY2,IT,184,24002170210023,B7,GAJERA PRANAV PRAFULLBHAI,IAM,10.50,12.00,6.00,9.00,38.00,12.00,7.00,10.50,8.00,38.00,8.00,16.00,8.00,9.25,42.00,10.00,11.00,11.50,12.50,45.00,8.50,7.50,12.00,7.00,35.00,GUJ
915,FY2,IT,144,24002170210057,B5,"MITHAPARA ANKITBHAI
BABUBHAI",MMT,7.50,9.50,6.00,8.50,32.00,6.00,10.50,7.00,13.00,37.00,12.00,4.50,10.00,14.25,41.00,14.50,13.50,13.50,6.75,49.00,11.50,5.00,9.50,12.50,39.00,GUJ
915,FY2,IT,180,24002170210123,B7,SUVA SAVAN PRAVINBHAI,MMT,15.50,11.50,4.50,6.75,39.00,12.50,7.50,6.50,7.50,34.00,8.50,6.50,8.00,11.75,35.00,11.50,13.00,12.00,13.00,50.00,10.50,7.00,6.00,16.25,40.00,GUJ
915,FY4,CS&IT,277,24002171410008,A9,CHAVDA MILAN HARIBHAI,ARY,10.00,14.50,7.50,9.25,42.00,7.50,11.00,8.50,12.00,39.00,9.50,8.50,9.00,10.00,37.00,15.50,11.50,12.00,5.00,44.00,9.00,6.00,12.00,9.00,36.00,GUJ
920,FY2,IT,176,24002170210090,B7,PONKIYA ANJAN CHETANBHAI,AIG,9.50,8.50,4.50,7.00,30.00,14.50,11.50,7.50,9.25,43.00,7.00,13.50,13.50,9.75,44.00,14.50,9.00,10.50,12.50,47.00,9.50,9.00,4.00,10.00,33.00,GUJ
920,FY4,CEA,266,24002171510003,A9,CHAVDA PRANAV BABUBHAI,ASA,9.50,11.50,7.00,7.00,35.00,8.00,17.50,6.00,6.50,38.00,10.00,8.50,5.50,15.75,40.00,10.00,14.00,11.00,7.00,42.00,14.50,11.00,7.00,9.50,42.00,GUJ
922,FY2,IT,119,24002170210061,B5,"PANCHAL MEETKUMAR
JANAKBHAI",AIG,10.50,14.00,5.50,6.25,37.00,11.00,10.50,10.00,5.00,37.00,9.00,6.00,12.50,13.00,41.00,11.50,11.50,9.50,8.50,41.00,7.00,7.00,13.50,11.75,40.00,GUJ
922,FY4,CSE,281,24002171210188,A9,THADODA JEET SURESHBHAI,MHM,13.00,12.00,9.00,10.00,44.00,12.00,6.50,9.50,4.50,33.00,10.50,8.00,8.00,10.50,37.00,13.00,12.50,14.00,9.50,49.00,4.50,10.00,6.00,11.75,33.00,GUJ
922,FY4,CEA,241,24002171510031,A8,SOLANKI DEVKUMAR GANESHB H,ARY,7.00,12.00,10.00,9.00,38.00,6.00,15.00,4.00,8.50,34.00,8.00,10.50,7.50,11.75,38.00,10.00,11.00,14.00,12.25,48.00,13.50,7.00,8.00,9.50,38.00,GUJ
925,FY2,CSD,126,24002170310015,B5,PRANAVKUMAR NAYI,JPM,10.00,12.00,10.50,13.50,46.00,9.50,4.00,8.00,1.50,23.00,7.50,9.00,8.50,10.25,36.00,6.50,4.00,12.50,16.00,39.00,15.50,10.00,16.00,9.25,51.00,ENG
925,FY4,CS&IT,267,24002171410026,A9,PATEL HANI SHAKARABHAI,BPD,9.50,12.50,7.00,7.25,37.00,8.00,13.50,8.00,12.00,42.00,3.50,8.50,15.00,12.00,39.00,5.00,12.00,13.00,7.50,38.00,15.00,8.00,5.00,10.75,39.00,GUJ
925,FY5,CST,249,24002171310019,C9,CHAWDA NISARG KALPESH,JRC,11.00,9.50,5.50,9.00,35.00,4.00,6.00,5.50,5.50,21.00,5.00,11.50,10.00,13.50,40.00,10.00,12.50,10.00,11.00,44.00,16.50,10.00,15.00,13.50,55.00,ENG
928,FY2,IT,167,24002170210040,B6,"KHAMBHADIYA UREN
RAJESHBHAI",YRP,10.50,14.50,5.50,8.50,39.00,16.00,9.50,9.00,4.50,39.00,8.50,11.00,6.00,11.25,37.00,12.50,10.00,15.00,8.75,47.00,9.50,6.00,6.00,10.50,32.00,GUJ
928,FY4,CSE,286,24002171210199,A10,VAGHELA VANDITSINH RAJUSIN,SVC,8.00,10.00,7.00,8.75,34.00,9.00,7.50,7.50,10.50,35.00,12.00,9.00,6.00,9.00,36.00,14.00,13.00,13.00,13.00,53.00,8.00,10.00,9.00,8.50,36.00,GUJ
928,FY5,CSE_AI,243,24002171710030,C9,SINDHAV PRINCE HASMUKHBHA,ADB,13.50,14.50,7.00,9.25,45.00,7.00,16.00,4.00,4.25,32.00,5.50,6.50,12.00,10.25,35.00,6.50,12.00,14.00,4.75,38.00,12.00,11.50,9.00,11.00,44.00,GUJ
931,FY1,CE,254,24002170110186,D9,"THORIYA BHAVYA
LAKHMANBHAI",PDB,10.50,14.00,6.00,7.50,38.00,12.00,15.00,10.50,3.50,41.00,10.50,8.50,10.50,8.75,39.00,9.00,9.00,16.00,10.00,44.00,6.50,11.00,2.00,11.50,31.00,GUJ
931,FY5,CST,252,24002171310013,C9,BRAHAMKHATRI TVISHA RAJU,MDP,13.00,14.50,5.50,7.75,41.00,6.50,7.00,6.50,4.25,25.00,5.50,7.50,10.00,13.25,37.00,9.50,10.00,13.00,16.50,49.00,13.00,8.00,3.50,15.75,41.00,ENG
931,FY5,CST,222,24002171310081,C8,MODI TEJ DEVEN,AMS,10.50,13.00,6.50,9.50,40.00,6.50,14.50,7.00,5.00,33.00,7.00,5.50,7.00,9.75,30.00,12.00,10.50,13.50,10.00,46.00,15.50,10.00,6.00,12.00,44.00,ENG
934,FY1,CE,253,24002170110173,D9,"SHIYANI DARSHIL
GHANSHYAMBHAI",PBS,8.50,17.50,5.00,8.50,40.00,6.00,9.00,11.00,4.75,31.00,8.00,4.00,9.00,13.25,35.00,6.00,12.50,11.00,11.00,41.00,16.50,8.00,10.50,9.25,45.00,GUJ
934,FY4,CSE,265,24002171210178,A9,SHAH RISHI KETANKUMAR,ARY,7.50,10.50,9.50,12.50,40.00,9.50,5.00,5.50,9.50,30.00,7.00,4.50,10.00,10.00,32.00,8.00,10.50,11.00,18.50,48.00,11.00,10.00,11.00,10.00,42.00,ENG
934,FY4,CS&IT,302,24002171410037,A10,SAI AMAN ZAKIRSHA,ASA,10.50,13.00,9.00,10.50,43.00,4.50,8.00,6.50,8.00,27.00,7.00,5.50,5.50,16.00,34.00,7.00,11.00,14.00,11.00,43.00,13.50,10.50,8.00,12.50,45.00,ENG
938,FY2,IT,153,24002170210003,B6,"BHORANIYA YAGNIKKUMAR
BHAVESHBHAI",YRP,10.50,10.00,5.50,9.50,36.00,8.00,15.00,9.00,4.75,37.00,7.50,11.50,10.00,9.75,39.00,10.50,11.00,12.50,11.50,46.00,8.00,8.50,3.00,13.00,33.00,GUJ
938,FY4,CSE,294,24002171210049,A10,GANDHI VYOM PARTHIV,NPB,9.00,9.00,4.00,9.50,32.00,10.00,14.00,5.00,9.00,38.00,2.50,5.50,18.00,14.25,41.00,15.00,12.50,12.00,3.50,43.00,10.00,8.00,6.50,12.00,37.00,ENG
938,FY4,CSE,296,24002171210140,A10,PATELIYA YASH AARATBHAI,PJD,10.00,14.50,5.50,7.75,38.00,9.00,14.50,8.00,8.50,40.00,9.50,8.50,2.50,8.50,29.00,14.00,11.00,10.00,12.75,48.00,13.00,7.00,4.00,11.25,36.00,GUJ
938,FY5,CST,240,24002171310016,C9,CHAUHAN KETAN PRAKASHBHA,KPP,9.00,12.00,6.00,5.25,33.00,8.00,16.50,11.50,10.50,47.00,10.00,9.00,5.50,9.25,34.00,12.00,11.50,10.00,11.00,45.00,10.00,0.00,7.00,14.25,32.00,GUJ
938,FY5,CST,231,24002171310041,C8,GONDALIYA RUDRA BHADRESH B,VHP,8.50,14.50,6.50,8.50,38.00,11.00,9.50,6.00,3.50,30.00,5.00,12.50,8.50,12.25,39.00,7.50,8.00,11.00,14.50,41.00,15.00,9.00,8.00,10.75,43.00,GUJ
943,FY1,CE,228,24002170110129,D8,"PATEL NEELKUMAR
YOGESHBHAI",PVV,9.00,11.00,5.00,9.50,35.00,10.50,9.50,8.50,6.75,36.00,11.50,11.50,10.00,8.25,42.00,7.00,9.00,11.00,9.50,37.00,9.00,10.00,6.50,14.50,40.00,GUJ
943,FY4,CSE,215,24002171210040,A7,DHAMELIYA HET NARESHBHAI,VVV,12.00,15.00,6.00,9.25,43.00,4.00,6.00,5.00,4.50,20.00,10.50,7.50,10.50,12.00,41.00,14.00,14.00,16.00,11.50,56.00,7.00,5.00,9.00,9.00,30.00,GUJ
943,FY4,CEA,290,24002171510035,A10,TUKADIYA UDAY RAJUBHAI,ASA,12.50,17.00,6.50,9.00,45.00,4.50,6.50,3.00,12.50,27.00,6.50,6.00,4.00,13.00,30.00,10.50,10.00,10.00,14.25,45.00,20.00,7.00,6.00,10.00,43.00,ENG
943,FY5,CST,205,24002171310170,C7,THORIYA AKSHAT ASHISH,JRC,12.50,15.50,6.50,13.00,48.00,6.00,7.00,7.50,5.00,26.00,3.00,4.00,3.00,7.25,18.00,10.00,16.00,14.00,8.50,49.00,11.00,16.50,7.50,14.00,49.00,ENG
947,FY4,CSE,287,24002171210024,A10,CHANDRAVADIYA ARYAN MAH E,VVV,9.50,12.00,6.00,10.75,39.00,13.00,7.50,3.50,6.00,30.00,6.00,9.00,6.00,12.75,34.00,8.00,13.00,14.00,15.25,51.00,6.00,9.50,9.50,10.00,35.00,GUJ
948,FY1,CE,244,24002170110055,D9,"HIRAPARA PARTH
GHANSHYAMBHAI",PDB,8.00,12.50,4.50,10.25,36.00,12.00,6.50,9.50,8.50,37.00,15.50,6.50,12.50,10.75,46.00,10.50,11.00,10.00,10.50,42.00,5.50,9.00,7.00,5.00,27.00,GUJ
948,FY4,CSE,299,24002171210027,A10,"CHAUDHARY NIRALEE
KARSANBHAI",VVV,11.50,8.00,5.50,10.50,36.00,11.00,13.50,8.00,6.75,40.00,10.00,7.50,5.00,7.75,31.00,14.50,13.00,11.00,7.00,46.00,3.00,6.00,13.00,12.50,35.00,GUJ
948,FY4,CSE,220,24002171210072,A7,KARAVADARA SAMIR AMITBHA I,HSP,10.50,11.00,9.00,12.00,43.00,9.00,10.50,12.50,10.00,42.00,7.00,4.00,10.00,9.00,30.00,11.00,9.00,14.50,14.75,50.00,8.50,2.00,3.50,8.50,23.00,GUJ
951,FY2,AIDS,163,24002170510035,B6,RAJJA YOG ASHOKBHAI,YRP,10.00,9.50,7.50,11.00,38.00,6.00,5.00,4.00,5.75,21.00,11.00,6.00,8.00,9.75,35.00,12.50,11.00,15.50,16.50,56.00,13.50,10.00,3.00,10.50,37.00,ENG
951,FY4,CSE,300,24002171210147,A10,RADADIYA OM PARESHBHAI,VVP,9.00,12.50,6.00,11.00,39.00,9.00,6.00,4.00,8.00,27.00,7.50,9.00,5.00,13.25,35.00,15.00,10.00,12.00,11.75,49.00,13.00,7.00,3.50,13.50,37.00,GUJ
951,FY4,CEA,259,24002171510019,A9,MANSURI MOHAMED ASAD WAJ I,PAT,9.00,11.00,7.00,7.25,35.00,6.50,10.00,8.00,10.75,36.00,7.00,10.50,5.50,11.00,34.00,11.00,14.00,12.00,7.75,45.00,10.00,9.50,5.50,12.00,37.00,ENG
951,FY5,CST,259,24002171310097,C9,PATEL ARPITKUMAR VIPULBHAI,JAZ,7.00,9.00,6.00,11.75,34.00,7.00,13.50,11.00,5.00,37.00,7.50,6.00,7.50,8.00,29.00,8.00,12.50,11.00,13.25,45.00,13.00,10.50,9.00,9.00,42.00,GUJ
955,FY4,MA&CP,293,24002171610011,A10,MAKWANA ROSHANKUMAR HIT E,MHM,9.50,15.50,6.50,8.00,40.00,9.00,4.50,11.00,5.00,30.00,11.50,3.00,5.00,12.75,33.00,12.50,13.00,11.00,8.00,45.00,15.00,7.50,4.00,11.50,38.00,GUJ
956,FY4,CEA,268,24002171510004,A9,DHOLU MADHAV RAJESHKUMAR,HSP,11.00,10.00,6.00,6.00,33.00,14.00,10.00,9.00,5.75,39.00,15.50,9.00,7.00,7.75,40.00,12.50,12.00,8.00,8.50,41.00,13.00,9.00,2.00,8.00,32.00,GUJ
956,FY5,CST,242,24002171310178,C9,VEKARIYA VRUSHANGI ALPESH B,VHP,11.00,10.50,5.50,5.75,33.00,7.00,8.00,7.00,14.00,36.00,9.00,7.50,8.00,6.75,32.00,12.50,8.00,13.00,12.25,46.00,14.50,8.00,8.00,7.00,38.00,GUJ
958,FY5,CST,239,24002171310057,C9,KAKADIYA LAKSH HITESHBHAI,KGB,9.50,9.00,5.50,5.75,30.00,7.50,6.00,8.00,7.75,30.00,7.50,9.00,6.50,12.00,35.00,11.50,10.00,12.00,5.50,39.00,13.50,12.50,12.00,12.00,50.00,GUJ
958,FY5,CSE_DS,221,24002171810006,C8,DHOLAKIYA JEMISH PRAKASHB H,ADB,11.50,11.50,4.50,8.00,36.00,11.50,7.00,6.00,5.00,30.00,9.00,4.00,12.50,7.75,34.00,8.00,9.50,18.00,7.50,43.00,12.50,8.00,11.50,8.50,41.00,GUJ
960,FY4,CSE,297,24002171210100,A10,ODEDARA SAGAR ARBHAMBHAI,RMP,8.00,9.00,3.00,7.50,28.00,8.00,8.50,10.50,7.00,34.00,5.50,12.50,6.00,8.25,33.00,15.00,7.00,14.00,8.50,45.00,10.00,11.00,11.50,10.00,43.00,ENG
960,FY4,CSE,305,24002171210161,A10,SAKARIYA JEEL MAYURBHAI,VVP,7.00,12.50,8.00,6.00,34.00,9.00,14.50,5.50,9.75,39.00,7.50,8.00,7.00,9.75,33.00,7.00,11.50,10.00,14.50,43.00,11.00,5.00,6.00,12.00,34.00,GUJ
960,FY4,CS&IT,285,24002171410049,A10,SOLANKI DAX VAJASHIBHAI,RMP,10.50,12.50,6.00,8.75,38.00,9.50,13.00,4.00,5.00,32.00,10.00,5.00,7.50,12.25,35.00,8.50,7.00,10.50,17.00,43.00,15.50,7.50,4.00,7.50,35.00,GUJ
960,FY5,CST,200,24002171310077,C7,MANSURI FAIZAN HANIFBHAI,AMS,12.00,11.00,5.50,10.50,39.00,7.50,12.00,5.50,5.00,30.00,6.50,10.50,8.50,8.50,34.00,10.50,15.00,7.00,7.50,40.00,12.00,7.00,4.00,16.50,40.00,GUJ
960,FY5,CSE_AI,232,24002171710008,C8,JAIN NITY ANILKUMAR,ADB,8.00,14.00,5.00,8.50,36.00,10.50,8.00,11.00,7.75,38.00,10.00,7.50,5.50,12.00,35.00,10.00,9.00,15.00,9.75,44.00,4.50,8.50,6.00,11.00,30.00,GUJ
965,FY1,CE,256,24002170110081,D9,"KOPATEL TUSHAR
GHANSHYAMBHAI",PVV,5.50,12.00,7.00,6.00,31.00,15.00,8.50,12.50,3.00,39.00,5.50,4.00,10.50,11.00,31.00,9.50,10.50,9.00,7.00,36.00,9.50,20.00,7.00,8.50,45.00,GUJ
965,FY1,CE,255,24002170110177,D9,"SOLANKI CHINTANKUMAR
MANSINHBHAI",PKS,10.50,12.50,5.50,5.00,34.00,5.50,11.00,15.50,7.25,40.00,8.00,10.50,9.50,7.25,36.00,8.00,8.00,13.50,9.50,39.00,9.00,8.00,7.00,8.75,33.00,GUJ
965,FY1,AIML,247,24002170410008,D9,DONDA SMIT JAYANTIBHAI,RDR,9.00,10.50,6.00,8.00,34.00,9.00,10.00,7.50,4.50,31.00,7.00,7.50,13.50,4.75,33.00,9.50,10.00,12.50,12.00,44.00,7.50,9.00,6.00,16.75,40.00,GUJ
965,FY2,CSD,185,24002170310019,B7,SOLANKI TEJAS ASHOKBHAI,JPM,9.50,12.00,7.50,8.00,37.00,6.50,10.00,6.00,5.00,28.00,3.50,5.50,7.50,10.50,27.00,8.50,13.00,12.00,7.50,41.00,12.00,12.50,12.00,12.00,49.00,GUJ
965,FY4,CSE,232,24002171210042,A8,DHARASANDIA HET VIJAYBHAI,HSP,AB,8.50,6.00,12.75,28.00,AB,13.50,11.00,16.50,41.00,AB,9.50,11.00,14.50,35.00,AB,14.00,17.50,12.50,44.00,AB,12.00,8.00,13.75,34.00,GUJ
965,FY5,CSE_AI,218,24002171710023,C8,PATEL HARSHKUMAR KANAIYA L,KPP,11.00,13.50,5.00,7.00,37.00,11.50,11.00,10.00,6.50,39.00,10.50,7.50,9.00,6.25,34.00,11.50,12.00,13.00,5.00,42.00,11.00,7.00,12.00,AB,30.00,GUJ
965,FY5,CSE_DS,201,24002171810010,C7,GOYANI YUG VIPULBHAI,ARP,9.50,7.50,6.00,12.50,36.00,9.50,3.50,6.00,11.25,31.00,13.50,5.50,6.50,5.75,32.00,10.50,9.00,15.00,12.50,47.00,11.50,7.00,11.00,6.50,36.00,GUJ
965,FY5,CSE_CYBER,244,24002171910004,C9,CHAUHAN ABHISHEK MANSINHB,AMS,12.00,11.50,4.00,9.75,38.00,12.50,10.00,8.00,8.75,40.00,9.50,2.50,3.00,11.75,27.00,6.50,4.00,13.00,12.75,37.00,8.00,7.00,14.00,11.00,40.00,ENG
973,FY1,CE,245,24002170110028,D9,CHAUHAN YUG KISHORBHAI,PKS,9.00,12.00,5.50,9.25,36.00,12.00,10.50,10.00,4.75,38.00,16.50,3.50,10.00,9.00,39.00,12.50,11.00,10.00,8.50,42.00,8.00,3.00,5.00,9.50,26.00,GUJ
973,FY1,AIML,250,24002170410054,D9,"VARMORA ARYANKUMAR
DHARMENDRAKUMAR",VSA,5.50,9.50,4.50,8.50,28.00,9.50,15.00,11.50,4.25,41.00,5.50,7.50,10.00,13.75,37.00,9.00,11.00,15.00,9.25,45.00,7.00,5.00,3.00,14.50,30.00,GUJ
973,FY4,CSE,270,24002171210105,A9,PAREKH PIYUSH HIRENBHAI,NPB,8.00,14.00,2.00,8.00,32.00,4.00,13.00,4.00,8.00,29.00,9.50,7.50,10.00,12.50,40.00,8.00,10.00,14.00,6.50,39.00,14.00,8.50,8.00,10.00,41.00,GUJ
976,FY1,CE,214,24002170110131,D8,PATEL VRAJ VIJAYBHAI,PDB,7.50,11.00,3.50,8.00,30.00,9.00,12.00,9.00,7.00,37.00,9.00,5.50,7.00,11.50,33.00,9.00,6.50,13.00,6.75,36.00,10.00,11.50,8.00,14.25,44.00,GUJ
977,FY1,CE,249,24002170110111,D9,PARIKH TIRTH RAM,VRS,9.50,12.00,8.00,6.75,37.00,8.00,6.00,9.00,13.00,36.00,4.50,5.00,13.00,9.75,33.00,14.00,9.50,8.00,9.50,41.00,10.00,4.00,5.00,12.75,32.00,GUJ
977,FY5,CST,248,24002171310027,C9,DHADUK TIRTH JASUBHAI,JAZ,11.50,13.50,6.50,8.50,40.00,5.00,5.00,7.00,7.75,25.00,4.50,5.50,5.50,15.50,31.00,13.00,13.00,12.00,7.00,45.00,10.50,6.00,11.00,10.50,38.00,GUJ
977,FY5,CSE_CYBER,257,24002171910012,C9,LO ROCKY BHAVESHBHAI,DAS,5.50,11.50,7.50,6.75,32.00,9.00,11.00,7.00,9.50,37.00,4.50,8.00,9.50,7.50,30.00,5.00,8.00,11.00,12.00,36.00,9.50,10.00,14.00,10.50,44.00,GUJ
980,FY4,CS&IT,292,24002171410001,A10,AGRAWAL NAMO BIJENDRAKUM,HSP,9.00,12.00,7.00,9.50,38.00,14.00,14.00,4.00,6.00,38.00,5.00,5.50,7.00,10.50,28.00,8.50,8.00,10.00,9.50,36.00,9.00,7.00,12.00,10.00,38.00,ENG
981,FY4,CEA,307,24002171510011,A10,JADAV VRUSHANT MAHENDRAB,PAT,8.50,12.50,6.00,7.50,35.00,9.50,11.00,7.50,8.25,37.00,6.50,13.00,13.00,6.25,39.00,11.50,7.00,10.00,9.50,38.00,7.00,4.00,6.00,10.50,28.00,GUJ
982,FY4,CSE,306,24002171210057,A10,GOTHI MIT PARESHBHAI,NPB,7.00,9.00,2.00,7.25,26.00,12.00,12.00,9.50,12.50,46.00,8.50,10.00,7.50,12.50,39.00,11.50,8.00,10.50,16.00,46.00,5.00,3.00,5.50,5.00,19.00,GUJ
983,FY1,AIML,227,24002170410025,D8,"MENDPARA DHARM
VINODBHAI",RDR,10.00,7.50,5.00,11.75,35.00,9.00,10.00,4.00,3.25,27.00,7.50,6.00,7.50,10.50,32.00,11.50,9.00,15.50,7.25,44.00,14.00,3.50,4.00,15.25,37.00,ENG
983,FY4,CSE,284,24002171210134,A10,PATEL VEER RAHULKUMAR,PJD,5.00,11.50,4.00,8.50,29.00,15.00,8.50,5.50,3.25,33.00,12.00,7.00,4.00,6.50,30.00,7.50,12.00,14.00,11.25,45.00,11.50,7.50,9.00,9.50,38.00,GUJ
983,FY5,CST,220,24002171310054,C8,KACHHADIYA RUSHIL ASHVINB H,VHP,7.50,9.50,4.50,5.75,28.00,6.00,6.00,8.00,4.50,25.00,11.50,11.00,8.50,11.50,43.00,5.50,9.50,13.00,7.00,35.00,11.00,11.00,11.00,10.50,44.00,GUJ
983,FY5,CSE_DS,227,24002171810012,C8,KANERIYA MEGH RAJESHBHAI,JRC,12.00,15.00,5.00,7.00,39.00,6.50,5.50,7.00,4.25,24.00,8.00,9.00,4.50,10.25,32.00,11.00,12.00,12.00,7.75,43.00,9.00,6.00,11.00,11.00,37.00,GUJ
987,FY1,AIML,258,24002170410013,D9,KANANI RUSHABH TARUNBHAI,VSA,5.50,12.50,7.00,6.50,32.00,7.00,11.00,8.50,3.50,30.00,8.00,8.00,11.50,7.00,35.00,9.50,12.50,15.50,2.00,40.00,9.00,8.00,7.00,13.00,37.00,GUJ
988,FY1,CE,248,24002170110114,D9,"PARMAR ANANDKUMAR
MAHENDRABHAI",VRS,9.50,8.00,9.00,6.50,33.00,5.00,17.00,4.00,6.50,33.00,6.50,5.50,9.00,9.00,30.00,10.50,10.00,16.50,6.50,44.00,9.00,9.00,6.00,9.00,33.00,GUJ
989,FY2,IT,197,24002170210017,B7,DHOLU HEET HARESHBHAI,AIG,9.00,12.50,6.00,10.75,39.00,8.50,6.00,7.50,6.75,29.00,8.50,13.00,4.00,6.50,32.00,12.50,12.50,10.00,3.25,39.00,8.00,7.50,6.50,9.50,32.00,GUJ
989,FY4,CSE,311,24002171210021,A10,"BORAD ARYAN
DHARMESHKUMAR",VVV,7.50,11.50,4.00,8.00,31.00,6.00,5.50,8.00,7.50,27.00,9.00,6.00,7.00,11.00,33.00,7.50,14.00,11.00,11.50,44.00,8.00,7.00,8.50,12.00,36.00,GUJ
992,FY4,CS&IT,301,24002171410057,A10,VAKALIYA ALIHASAN MISAMAL I,ARY,9.00,12.00,7.50,4.00,33.00,10.00,8.00,8.00,4.25,31.00,7.00,7.00,5.00,9.25,29.00,11.00,16.00,9.00,8.50,45.00,12.00,5.00,3.00,12.00,32.00,GUJ
993,FY5,CST,233,24002171310072,C8,MAKWANA DHRUV RAMESHBHA,AMS,8.00,14.00,4.50,5.25,32.00,6.50,2.50,4.00,10.75,24.00,8.00,4.50,7.50,10.50,31.00,10.00,11.50,13.00,10.00,45.00,12.50,6.00,7.00,11.00,37.00,GUJ
994,FY5,CST,238,24002171310116,C9,PATEL OM SURYAKANT,JRC,10.50,11.50,5.50,4.50,32.00,6.00,11.50,7.00,5.50,30.00,4.50,8.00,9.00,11.75,34.00,10.50,7.00,13.00,6.50,37.00,9.00,5.00,6.00,14.50,35.00,GUJ
995,FY2,IT,193,24002170210126,B7,TANK DEV BHARATBHAI,MMT,9.50,9.00,11.00,7.25,37.00,7.50,10.50,4.00,2.00,24.00,14.50,10.00,6.00,8.50,39.00,7.50,6.00,13.00,7.50,34.00,10.50,7.00,6.00,8.50,32.00,GUJ
996,FY2,IT,171,24002170210025,B6,GEDIYA POOJAN HARESHBHAI,JPM,9.00,8.00,3.50,8.00,29.00,9.00,8.00,6.50,11.75,36.00,7.00,6.00,4.00,15.00,32.00,10.50,9.00,12.50,8.00,40.00,6.00,3.50,1.00,17.50,28.00,GUJ
997,FY1,AIML,260,24002170410027,D9,MODI PRINCE NARESHBHAI,VSA,12.00,9.50,4.50,6.75,33.00,10.50,9.00,11.00,4.50,35.00,7.50,5.00,4.50,10.25,28.00,6.00,11.00,8.00,6.75,32.00,12.00,11.00,3.00,10.00,36.00,GUJ
997,FY1,AIML,257,24002170410055,D9,VAZA KAVY ARASHIBHAI,RDR,8.00,7.50,5.50,7.50,29.00,5.50,10.50,12.50,4.50,33.00,6.50,11.00,10.50,7.25,36.00,8.00,8.00,13.50,5.25,35.00,6.50,7.00,7.00,10.50,31.00,GUJ
997,FY5,CST,207,24002171310148,C8,SHAH DIVY HITESHBHAI,KPP,10.00,12.50,8.00,5.50,36.00,6.00,17.00,9.00,6.50,39.00,3.00,7.50,9.50,7.25,28.00,3.50,9.00,8.00,6.75,28.00,10.00,5.00,4.00,13.50,33.00,ENG
1000,FY2,IT,188,24002170210004,B7,BHUVA DARSHIL HARESHBHAI,PVS,7.50,12.00,5.00,6.50,31.00,10.50,6.50,5.00,5.75,28.00,9.00,8.00,7.00,12.50,37.00,5.50,8.00,11.00,11.75,37.00,7.50,6.50,5.50,10.50,30.00,GUJ
1000,FY2,IT,183,24002170210075,B7,PATEL VEDANT CHETANBHAI,YRP,11.50,8.00,4.50,9.25,34.00,8.00,7.00,6.00,5.25,27.00,5.50,5.00,12.50,10.25,34.00,10.00,11.00,12.00,7.50,41.00,9.50,6.00,3.50,8.00,27.00,GUJ
1000,FY5,CST,256,24002171310109,C9,PATEL DISHANTKUMAR ANILKU M,ARP,8.50,13.50,2.00,7.25,32.00,6.50,12.00,8.00,6.50,33.00,7.50,6.00,9.00,8.50,31.00,3.50,11.00,8.00,6.25,29.00,11.50,8.00,6.00,12.50,38.00,GUJ
1000,FY5,CST,236,24002171310175,C9,VAHANKA JEET PARESHBHAI,DHK,6.50,10.50,5.00,8.75,31.00,6.00,7.50,3.00,14.00,31.00,7.50,5.00,5.00,11.75,30.00,8.00,9.00,10.00,8.50,36.00,4.00,10.50,6.00,14.50,35.00,GUJ
1004,FY2,CSD,190,24002170310011,B7,"NOKAM HARDIKKUMAR
SANJAYBHAI",AIG,9.00,9.00,6.00,8.25,33.00,9.00,7.50,6.50,3.00,26.00,11.00,6.50,7.50,10.75,36.00,4.50,10.00,12.00,7.50,34.00,6.00,8.50,7.00,10.00,32.00,GUJ
1004,FY2,AIDS,191,24002170510014,B7,GOSWAMI BHAVISHYA RAKESH G,IAM,10.00,12.00,5.50,8.50,36.00,6.00,7.50,6.00,3.50,23.00,6.50,7.50,8.00,8.75,31.00,6.00,14.00,12.00,8.50,41.00,9.00,8.50,5.00,7.00,30.00,ENG
1006,FY5,CST,107,24002171310125,C4,PRAJAPATI JIMESH POPATBHAI,KGB,13.00,18.00,AB,0.00,31.00,17.50,25.00,AB,0.00,43.00,11.50,10.00,AB,0.00,22.00,17.00,13.50,AB,AB,31.00,18.50,10.50,AB,AB,29.00,GUJ
1007,FY2,CSD,196,24002170310006,B7,CHAVDA ABHISHEK NAVINBHAI,YRP,11.50,10.00,6.50,7.75,36.00,6.00,6.00,1.50,5.00,19.00,5.00,5.00,8.50,9.75,29.00,7.00,10.00,11.50,6.50,35.00,14.00,6.50,6.00,8.75,36.00,ENG
1007,FY5,CST,254,24002171310011,C9,BHUVA OMKUMAR PRAKASHBH A,ADB,6.50,8.50,5.50,9.00,30.00,3.50,5.50,4.00,4.75,18.00,3.50,1.00,8.50,12.50,26.00,7.00,12.00,12.50,7.00,39.00,13.00,10.50,7.00,11.50,42.00,ENG
1009,FY4,CSE,282,24002171210004,A10,AMIN NIHAL BIMALBHAI,NPB,11.00,10.00,5.00,7.00,33.00,7.00,11.50,4.00,3.00,26.00,7.50,9.00,6.50,6.75,30.00,9.50,6.00,13.00,4.00,33.00,8.00,8.00,7.50,8.50,32.00,ENG
1009,FY5,CST,241,24002171310087,C9,PADSALA RADHE RAJANIKANT,MDP,6.00,6.50,3.50,12.50,29.00,3.00,8.00,3.00,8.25,23.00,6.50,4.00,6.00,9.25,26.00,16.50,8.00,6.50,8.25,40.00,12.00,6.00,8.00,9.50,36.00,GUJ
1009,FY5,CST,208,24002171310104,C8,PATEL FRENIL HITESHKUMAR,MDP,8.50,11.50,7.00,0.00,27.00,5.00,13.00,9.00,0.00,27.00,7.50,10.00,6.00,0.00,24.00,13.00,12.50,18.50,AB,44.00,16.00,8.00,8.00,AB,32.00,GUJ
1009,FY5,CSE_CYBER,234,24002171910023,C8,VISAVELIYA MANSI HASMUKHB,ARP,AB,10.50,5.50,6.00,22.00,AB,4.00,17.00,11.50,33.00,10.50,7.00,9.50,8.25,36.00,AB,7.50,15.00,15.00,38.00,AB,3.00,10.00,12.00,25.00,GUJ
1013,FY2,IT,195,24002170210120,B7,"SITAPARA KAVYAN
BHARATBHAI",PVS,10.00,9.50,7.50,7.75,35.00,7.50,2.00,3.50,1.50,15.00,7.50,5.50,5.50,9.50,28.00,11.50,11.00,12.00,4.00,39.00,7.00,5.00,9.00,12.00,33.00,GUJ
1014,FY4,CSE,291,24002171210101,A10,ODEDARA SANJAY BHIMABHAI,BPD,5.50,7.00,5.00,6.25,24.00,5.00,9.00,7.00,6.50,28.00,7.00,7.50,2.50,5.75,23.00,10.00,10.00,12.00,10.50,43.00,6.00,8.00,7.50,8.00,30.00,GUJ
1015,FY5,CST,230,24002171310007,C8,BHIKADIYA MITVA YOGESHBHA,MDP,8.00,7.00,5.50,6.25,27.00,4.00,16.50,7.00,8.75,37.00,6.50,3.50,4.00,4.25,19.00,9.00,5.50,6.50,11.00,32.00,6.00,7.00,4.00,14.50,32.00,GUJ
1016,FY2,IT,199,24002170210046,B7,KYADA RAJAN SANJAYBHAI,JPM,8.50,11.50,4.00,5.75,30.00,6.50,7.00,4.50,5.50,24.00,3.50,8.00,10.00,10.00,32.00,7.50,11.50,10.00,7.75,37.00,6.00,2.00,5.50,8.50,22.00,GUJ
1017,FY4,CEA,308,24002171510013,A10,JOSHI DHYEY JIGNESHKUMAR,PJD,6.50,11.50,4.50,7.00,30.00,3.00,11.00,2.50,5.75,23.00,4.50,5.00,4.50,8.25,23.00,11.00,10.00,11.00,6.25,39.00,8.50,3.50,6.00,9.00,27.00,GUJ
1017,FY5,CST,258,24002171310006,C9,BHENSDADIYA VEDANT HITEND,DHK,8.00,8.00,4.00,7.75,28.00,2.00,5.00,10.00,2.00,19.00,4.50,2.00,10.00,7.75,25.00,8.50,8.00,14.00,7.00,38.00,7.50,6.00,6.00,12.00,32.00,GUJ
1019,FY4,CEA,304,24002171510033,A10,SOLANKI RUSHABH PARESHKUM,HSP,9.00,11.00,5.50,9.75,36.00,3.00,6.00,7.00,3.25,20.00,3.00,3.00,10.00,8.75,25.00,8.00,10.00,6.00,7.50,32.00,12.50,3.00,3.00,8.00,27.00,GUJ
1020,FY5,CST,251,24002171310021,C9,CHHUNCHHA HET OMPRAKASH,KPP,9.50,5.00,3.50,9.25,28.00,6.50,1.00,3.50,2.50,14.00,3.00,2.00,7.50,4.50,17.00,7.00,4.00,11.00,12.00,34.00,12.00,14.00,10.00,9.50,46.00,GUJ
1021,FY2,IT,182,24002170210101,B7,"SARDHARA HASTI
SHAILESHBHAI",AIG,7.00,8.00,3.50,7.50,26.00,7.00,4.00,5.00,10.50,27.00,6.50,0.50,6.00,9.00,22.00,8.00,11.00,8.50,9.25,37.00,8.00,4.00,2.50,9.50,24.00,GUJ
1022,FY4,MA&CP,261,24002171610006,A9,FALDU OM ANKITBHAI,RMP,11.00,13.00,2.00,4.50,31.00,5.50,6.50,1.00,1.50,15.00,5.50,2.00,2.00,4.00,14.00,12.00,12.00,13.00,2.50,40.00,14.00,7.00,4.00,7.00,32.00,ENG
1023,FY1,CE,259,24002170110107,D9,PANCHANI KUNJ YATINBHAI,VRS,4.00,8.00,3.50,1.50,17.00,7.00,8.50,5.00,2.50,23.00,5.00,5.00,10.00,6.25,27.00,5.00,12.00,14.00,8.50,40.00,9.00,4.00,3.00,7.00,23.00,GUJ
1023,FY2,AIDS,192,24002170510029,B7,"PATEL YUGKUMAR
BHARATBHAI",JPM,7.00,8.00,5.50,6.75,28.00,8.00,3.00,5.00,1.75,18.00,5.00,6.00,0.00,3.50,15.00,14.50,10.50,7.00,10.50,43.00,13.00,3.00,3.50,6.00,26.00,GUJ
1025,FY2,IT,200,24002170210048,B7,"MAKADIYA SAMARTH
NILESHBHAI",MMT,2.50,8.50,1.50,1.75,15.00,9.00,6.50,2.00,1.00,19.00,8.50,9.00,5.00,6.50,29.00,6.50,11.50,6.00,6.75,31.00,9.00,4.00,4.00,2.00,19.00,GUJ
1026,FY4,CSE,310,24002171210073,A10,KARAVADARA RAJ MURUBHAI,SVC,4.00,8.00,3.00,7.00,22.00,7.00,7.00,1.50,2.50,18.00,9.00,7.00,6.00,0.00,22.00,10.50,5.00,13.50,0.00,29.00,7.50,4.00,7.00,AB,19.00,GUJ
1027,FY5,CSE_DS,245,24002171810009,C9,GOHIL HARSH VIJAYBHAI,ARP,5.00,5.50,3.50,3.00,17.00,10.00,5.00,4.00,2.00,21.00,4.50,5.00,7.00,4.00,21.00,14.50,5.00,4.00,5.50,29.00,10.00,2.00,4.00,2.00,18.00,GUJ
1028,FY5,CSE_DS,262,24002171810003,C9,BHARWAD PUJAN SATISHBHAI,KPP,6.00,9.50,2.00,4.25,22.00,2.50,1.00,1.00,0.50,5.00,4.50,1.00,3.00,3.00,12.00,6.00,6.00,6.00,3.75,22.00,10.00,2.00,5.00,7.50,25.00,ENG
1030,FY5,CST,263,24002171310042,C9,GOSWAMI KARTIKGIRI SURESHG,MDP,4.00,7.00,3.00,5.00,19.00,0.00,2.00,0.00,1.50,4.00,3.00,2.00,5.00,2.75,13.00,4.50,9.00,9.00,1.50,24.00,2.00,6.00,4.00,5.50,18.00,GUJ
1031,FY5,CST,247,24002171310029,C9,DHYEY DARSHANBHAI PATEL,DHK,9.00,AB,AB,0.00,9.00,9.00,AB,AB,0.00,9.00,12.00,AB,AB,0.00,12.00,16.50,AB,AB,AB,17.00,17.50,AB,AB,AB,18.00,ENG
1033,FY5,CSE_CYBER,12,24002171910024,C1,VRAJ DEEPAKKUMAR RANA,ADB,AB,AB,AB,0.00,0.00,AB,AB,AB,0.00,0.00,AB,AB,AB,0.00,0.00,AB,AB,AB,AB,0.00,AB,AB,AB,AB,0.00,ENG
